,,,,,,,,,,,
0000028-91.2025.6.27.8000,13969010069,Contratação clipping,06-01-2025 00:00,Administração geral - Licitação,TO - Tocantins,13969010069,28-07-2025 16:00,13969049597,SEÇÃO DE CONTRATOS,Informação,01-04-2025 16:29
0000028-91.2025.6.27.8000,13969010069,Contratação clipping,06-01-2025 00:00,Administração geral - Licitação,TO - Tocantins,13969010069,28-07-2025 16:00,13969241733,SEÇÃO DE CONTRATOS,Informação,02-02-2026 13:52
0000028-91.2025.6.27.8000,13969010069,Contratação clipping,06-01-2025 00:00,Administração geral - Licitação,TO - Tocantins,13969010069,28-07-2025 16:00,13969074862,SEÇÃO DE CONTRATOS,Minuta,05-05-2025 22:06
0000028-91.2025.6.27.8000,13969010069,Contratação clipping,06-01-2025 00:00,Administração geral - Licitação,TO - Tocantins,13969010069,28-07-2025 16:00,13969010084,"ASSESSORIA DE COMUNICAÇÃO SOCIAL, CORPORATIVA E CERIMONIAL",Documento de Oficialização da Demanda - DOD,06-01-2025 15:47
0000028-91.2025.6.27.8000,13969010069,Contratação clipping,06-01-2025 00:00,Administração geral - Licitação,TO - Tocantins,13969010069,28-07-2025 16:00,13969010070,"ASSESSORIA DE COMUNICAÇÃO SOCIAL, CORPORATIVA E CERIMONIAL",Memorando,06-01-2025 16:28
0000028-91.2025.6.27.8000,13969010069,Contratação clipping,06-01-2025 00:00,Administração geral - Licitação,TO - Tocantins,13969010069,28-07-2025 16:00,13969075043,SECRETARIA DE ADMINISTRAÇÃO E ORÇAMENTO,Decisão,06-05-2025 10:53
0000028-91.2025.6.27.8000,13969010069,Contratação clipping,06-01-2025 00:00,Administração geral - Licitação,TO - Tocantins,13969010069,28-07-2025 16:00,13969028475,SEÇÃO DE ANÁLISE E COMPRAS,Informação,07-02-2025 18:55
0000028-91.2025.6.27.8000,13969010069,Contratação clipping,06-01-2025 00:00,Administração geral - Licitação,TO - Tocantins,13969010069,28-07-2025 16:00,13969283828,SEÇÃO DE CONTRATOS,Informação,07-04-2026 11:42
0000028-91.2025.6.27.8000,13969010069,Contratação clipping,06-01-2025 00:00,Administração geral - Licitação,TO - Tocantins,13969010069,28-07-2025 16:00,13969108147,ASSESSORIA JURÍDICA,Parecer,08-07-2025 16:00
0000028-91.2025.6.27.8000,13969010069,Contratação clipping,06-01-2025 00:00,Administração geral - Licitação,TO - Tocantins,13969010069,28-07-2025 16:00,13969110490,ASSESSORIA JURÍDICA,Decisão,09-07-2025 10:30
0000028-91.2025.6.27.8000,13969010069,Contratação clipping,06-01-2025 00:00,Administração geral - Licitação,TO - Tocantins,13969010069,28-07-2025 16:00,13969030222,SEÇÃO DE ANÁLISE E CONTABILIDADE,Informação,10-02-2025 17:48
0000028-91.2025.6.27.8000,13969010069,Contratação clipping,06-01-2025 00:00,Administração geral - Licitação,TO - Tocantins,13969010069,28-07-2025 16:00,13969044843,"ASSESSORIA DE COMUNICAÇÃO SOCIAL, CORPORATIVA E CERIMONIAL",Termo de Referência - TR,10-03-2025 00:00
0000028-91.2025.6.27.8000,13969010069,Contratação clipping,06-01-2025 00:00,Administração geral - Licitação,TO - Tocantins,13969010069,28-07-2025 16:00,13969112502,DIRETORIA GERAL,Decisão,10-07-2025 16:57
0000028-91.2025.6.27.8000,13969010069,Contratação clipping,06-01-2025 00:00,Administração geral - Licitação,TO - Tocantins,13969010069,28-07-2025 16:00,13969031078,SEÇÃO DE PLANEJAMENTO E GESTÃO ORÇAMENTÁRIA,Informação,11-02-2025 16:38
0000028-91.2025.6.27.8000,13969010069,Contratação clipping,06-01-2025 00:00,Administração geral - Licitação,TO - Tocantins,13969010069,28-07-2025 16:00,13969113066,SEÇÃO DE CONTRATOS,E-mail,11-07-2025 00:00
0000028-91.2025.6.27.8000,13969010069,Contratação clipping,06-01-2025 00:00,Administração geral - Licitação,TO - Tocantins,13969010069,28-07-2025 16:00,13969112976,SEÇÃO DE CONTRATOS,Contrato,11-07-2025 14:29
0000028-91.2025.6.27.8000,13969010069,Contratação clipping,06-01-2025 00:00,Administração geral - Licitação,TO - Tocantins,13969010069,28-07-2025 16:00,13969046130,"ASSESSORIA DE COMUNICAÇÃO SOCIAL, CORPORATIVA E CERIMONIAL",Informação,12-03-2025 11:24
0000028-91.2025.6.27.8000,13969010069,Contratação clipping,06-01-2025 00:00,Administração geral - Licitação,TO - Tocantins,13969010069,28-07-2025 16:00,13969080505,ASSESSORIA JURÍDICA,Parecer,14-05-2025 16:36
0000028-91.2025.6.27.8000,13969010069,Contratação clipping,06-01-2025 00:00,Administração geral - Licitação,TO - Tocantins,13969010069,28-07-2025 16:00,13969080510,ASSESSORIA JURÍDICA,Decisão,14-05-2025 16:40
0000028-91.2025.6.27.8000,13969010069,Contratação clipping,06-01-2025 00:00,Administração geral - Licitação,TO - Tocantins,13969010069,28-07-2025 16:00,13969113941,SEÇÃO DE CONTRATOS,E-mail,14-07-2025 00:00
0000028-91.2025.6.27.8000,13969010069,Contratação clipping,06-01-2025 00:00,Administração geral - Licitação,TO - Tocantins,13969010069,28-07-2025 16:00,13969083281,"ASSESSORIA DE COMUNICAÇÃO SOCIAL, CORPORATIVA E CERIMONIAL",Termo de Referência - TR,19-05-2025 00:00
0000028-91.2025.6.27.8000,13969010069,Contratação clipping,06-01-2025 00:00,Administração geral - Licitação,TO - Tocantins,13969010069,28-07-2025 16:00,13969018069,"ASSESSORIA DE COMUNICAÇÃO SOCIAL, CORPORATIVA E CERIMONIAL",Termo de Referência - TR,22-01-2025 00:00
0000028-91.2025.6.27.8000,13969010069,Contratação clipping,06-01-2025 00:00,Administração geral - Licitação,TO - Tocantins,13969010069,28-07-2025 16:00,13969012485,"ASSESSORIA DE COMUNICAÇÃO SOCIAL, CORPORATIVA E CERIMONIAL",Estudos Técnicos Preliminares - ETP,22-01-2025 11:04
0000028-91.2025.6.27.8000,13969010069,Contratação clipping,06-01-2025 00:00,Administração geral - Licitação,TO - Tocantins,13969010069,28-07-2025 16:00,13969018059,"ASSESSORIA DE COMUNICAÇÃO SOCIAL, CORPORATIVA E CERIMONIAL",Gerenciamento de Riscos de Contratações,22-01-2025 11:46
0000028-91.2025.6.27.8000,13969010069,Contratação clipping,06-01-2025 00:00,Administração geral - Licitação,TO - Tocantins,13969010069,28-07-2025 16:00,13969102523,COMISSAO PERMANENTE DE LICITACOES - CPL,Informação,25-06-2025 11:59
0000028-91.2025.6.27.8000,13969010069,Contratação clipping,06-01-2025 00:00,Administração geral - Licitação,TO - Tocantins,13969010069,28-07-2025 16:00,13969072334,"ASSESSORIA DE COMUNICAÇÃO SOCIAL, CORPORATIVA E CERIMONIAL",Termo de Referência - TR,29-04-2025 00:00
0000028-91.2025.6.27.8000,13969010069,Contratação clipping,06-01-2025 00:00,Administração geral - Licitação,TO - Tocantins,13969010069,28-07-2025 16:00,13969122001,SEÇÃO DE CONTRATOS,E-mail,29-07-2025 00:00
0000028-91.2025.6.27.8000,13969010069,Contratação clipping,06-01-2025 00:00,Administração geral - Licitação,TO - Tocantins,13969010069,28-07-2025 16:00,13969121873,SECRETARIA DE ADMINISTRAÇÃO E ORÇAMENTO,Portaria,29-07-2025 14:55
0000030-61.2025.6.27.8000,13969010104,Contratação p/ aquisição de motor basculante para o Cartório Eleitoral da 29ª ZE.,06-01-2025 00:00,Material e patrimônio - Administração de patrimônio,TO - Tocantins,13969010104,28-04-2025 13:59,13969017892,SEÇÃO DE SERVIÇOS GERAIS,Gerenciamento de Riscos de Contratações,03-02-2025 16:32
0000030-61.2025.6.27.8000,13969010104,Contratação p/ aquisição de motor basculante para o Cartório Eleitoral da 29ª ZE.,06-01-2025 00:00,Material e patrimônio - Administração de patrimônio,TO - Tocantins,13969010104,28-04-2025 13:59,13969010121,SEÇÃO DE SERVIÇOS GERAIS,Documento de Oficialização da Demanda - DOD,06-01-2025 16:07
0000030-61.2025.6.27.8000,13969010104,Contratação p/ aquisição de motor basculante para o Cartório Eleitoral da 29ª ZE.,06-01-2025 00:00,Material e patrimônio - Administração de patrimônio,TO - Tocantins,13969010104,28-04-2025 13:59,13969042174,SEÇÃO DE ANÁLISE E CONTABILIDADE,Informação,06-03-2025 14:50
0000030-61.2025.6.27.8000,13969010104,Contratação p/ aquisição de motor basculante para o Cartório Eleitoral da 29ª ZE.,06-01-2025 00:00,Material e patrimônio - Administração de patrimônio,TO - Tocantins,13969010104,28-04-2025 13:59,13969032230,SEÇÃO DE ANÁLISE E COMPRAS,Informação,13-02-2025 10:39
0000030-61.2025.6.27.8000,13969010104,Contratação p/ aquisição de motor basculante para o Cartório Eleitoral da 29ª ZE.,06-01-2025 00:00,Material e patrimônio - Administração de patrimônio,TO - Tocantins,13969010104,28-04-2025 13:59,13969033248,SEÇÃO DE ANÁLISE E CONTABILIDADE,Informação,14-02-2025 14:36
0000030-61.2025.6.27.8000,13969010104,Contratação p/ aquisição de motor basculante para o Cartório Eleitoral da 29ª ZE.,06-01-2025 00:00,Material e patrimônio - Administração de patrimônio,TO - Tocantins,13969010104,28-04-2025 13:59,13969033473,SEÇÃO DE PLANEJAMENTO E GESTÃO ORÇAMENTÁRIA,Informação,14-02-2025 15:09
0000030-61.2025.6.27.8000,13969010104,Contratação p/ aquisição de motor basculante para o Cartório Eleitoral da 29ª ZE.,06-01-2025 00:00,Material e patrimônio - Administração de patrimônio,TO - Tocantins,13969010104,28-04-2025 13:59,13969048099,SEÇÃO DE PATRIMÔNIO E ALMOXARIFADO,Informação,14-03-2025 14:26
0000030-61.2025.6.27.8000,13969010104,Contratação p/ aquisição de motor basculante para o Cartório Eleitoral da 29ª ZE.,06-01-2025 00:00,Material e patrimônio - Administração de patrimônio,TO - Tocantins,13969010104,28-04-2025 13:59,13969048132,SEÇÃO DE ANÁLISE E CONTABILIDADE,Informação,14-03-2025 18:25
0000030-61.2025.6.27.8000,13969010104,Contratação p/ aquisição de motor basculante para o Cartório Eleitoral da 29ª ZE.,06-01-2025 00:00,Material e patrimônio - Administração de patrimônio,TO - Tocantins,13969010104,28-04-2025 13:59,13969036316,SECRETARIA DE ADMINISTRAÇÃO E ORÇAMENTO,Decisão,19-02-2025 17:17
0000030-61.2025.6.27.8000,13969010104,Contratação p/ aquisição de motor basculante para o Cartório Eleitoral da 29ª ZE.,06-01-2025 00:00,Material e patrimônio - Administração de patrimônio,TO - Tocantins,13969010104,28-04-2025 13:59,13969017720,SEÇÃO DE SERVIÇOS GERAIS,Termo de Referência - TR,21-01-2025 00:00
0000030-61.2025.6.27.8000,13969010104,Contratação p/ aquisição de motor basculante para o Cartório Eleitoral da 29ª ZE.,06-01-2025 00:00,Material e patrimônio - Administração de patrimônio,TO - Tocantins,13969010104,28-04-2025 13:59,13969037481,ASSESSORIA JURÍDICA,Parecer,21-02-2025 17:50
0000030-61.2025.6.27.8000,13969010104,Contratação p/ aquisição de motor basculante para o Cartório Eleitoral da 29ª ZE.,06-01-2025 00:00,Material e patrimônio - Administração de patrimônio,TO - Tocantins,13969010104,28-04-2025 13:59,13969037486,ASSESSORIA JURÍDICA,Decisão,21-02-2025 18:08
0000030-61.2025.6.27.8000,13969010104,Contratação p/ aquisição de motor basculante para o Cartório Eleitoral da 29ª ZE.,06-01-2025 00:00,Material e patrimônio - Administração de patrimônio,TO - Tocantins,13969010104,28-04-2025 13:59,13969039075,SEÇÃO DE ANÁLISE E COMPRAS,E-mail,25-02-2025 00:00
0000030-61.2025.6.27.8000,13969010104,Contratação p/ aquisição de motor basculante para o Cartório Eleitoral da 29ª ZE.,06-01-2025 00:00,Material e patrimônio - Administração de patrimônio,TO - Tocantins,13969010104,28-04-2025 13:59,13969038983,SEÇÃO DE ANÁLISE E COMPRAS,Ofício,25-02-2025 14:07
0000030-61.2025.6.27.8000,13969010104,Contratação p/ aquisição de motor basculante para o Cartório Eleitoral da 29ª ZE.,06-01-2025 00:00,Material e patrimônio - Administração de patrimônio,TO - Tocantins,13969010104,28-04-2025 13:59,13969017699,SEÇÃO DE SERVIÇOS GERAIS,Estudos Técnicos Preliminares - ETP,27-01-2025 15:51
0000030-61.2025.6.27.8000,13969010104,Contratação p/ aquisição de motor basculante para o Cartório Eleitoral da 29ª ZE.,06-01-2025 00:00,Material e patrimônio - Administração de patrimônio,TO - Tocantins,13969010104,28-04-2025 13:59,13969071431,SEÇÃO DE PLANEJAMENTO E GESTÃO ORÇAMENTÁRIA,Informação,28-04-2025 09:19
0000030-61.2025.6.27.8000,13969010104,Contratação p/ aquisição de motor basculante para o Cartório Eleitoral da 29ª ZE.,06-01-2025 00:00,Material e patrimônio - Administração de patrimônio,TO - Tocantins,13969010104,28-04-2025 13:59,13969072693,SEÇÃO DE ANÁLISE E CONTABILIDADE,Informação,29-04-2025 16:04
0000030-61.2025.6.27.8000,13969010104,Contratação p/ aquisição de motor basculante para o Cartório Eleitoral da 29ª ZE.,06-01-2025 00:00,Material e patrimônio - Administração de patrimônio,TO - Tocantins,13969010104,28-04-2025 13:59,13969073020,SEÇÃO DE PATRIMÔNIO E ALMOXARIFADO,Informação,30-04-2025 10:44
0000238-45.2025.6.27.8000,13969012393,Aquisição assinatura da Revista Brasileira de Direito Eleitoral - RBDE,09-01-2025 00:00,Administração geral - Gestão de contratos,TO - Tocantins,13969012393,31-01-2025 17:13,13969027713,SEÇÃO DE ANÁLISE E COMPRAS,E-mail,06-02-2025 00:00
0000238-45.2025.6.27.8000,13969012393,Aquisição assinatura da Revista Brasileira de Direito Eleitoral - RBDE,09-01-2025 00:00,Administração geral - Gestão de contratos,TO - Tocantins,13969012393,31-01-2025 17:13,13969027633,SEÇÃO DE ANÁLISE E COMPRAS,Ofício,06-02-2025 13:47
0000238-45.2025.6.27.8000,13969012393,Aquisição assinatura da Revista Brasileira de Direito Eleitoral - RBDE,09-01-2025 00:00,Administração geral - Gestão de contratos,TO - Tocantins,13969012393,31-01-2025 17:13,13969012397,"SEÇÃO DE BIBLIOTECA,MEMÓRIA E ARQUIVO",Documento de Oficialização da Demanda - DOD,09-01-2025 15:23
0000238-45.2025.6.27.8000,13969012393,Aquisição assinatura da Revista Brasileira de Direito Eleitoral - RBDE,09-01-2025 00:00,Administração geral - Gestão de contratos,TO - Tocantins,13969012393,31-01-2025 17:13,13969013601,"SEÇÃO DE BIBLIOTECA,MEMÓRIA E ARQUIVO",Termo de Referência - TR,13-01-2025 00:00
0000238-45.2025.6.27.8000,13969012393,Aquisição assinatura da Revista Brasileira de Direito Eleitoral - RBDE,09-01-2025 00:00,Administração geral - Gestão de contratos,TO - Tocantins,13969012393,31-01-2025 17:13,13969013587,"SEÇÃO DE BIBLIOTECA,MEMÓRIA E ARQUIVO",Estudos Técnicos Preliminares - ETP,13-01-2025 13:57
0000238-45.2025.6.27.8000,13969012393,Aquisição assinatura da Revista Brasileira de Direito Eleitoral - RBDE,09-01-2025 00:00,Administração geral - Gestão de contratos,TO - Tocantins,13969012393,31-01-2025 17:13,13969013574,"SEÇÃO DE BIBLIOTECA,MEMÓRIA E ARQUIVO",Gerenciamento de Riscos de Contratações,14-01-2025 13:03
0000238-45.2025.6.27.8000,13969012393,Aquisição assinatura da Revista Brasileira de Direito Eleitoral - RBDE,09-01-2025 00:00,Administração geral - Gestão de contratos,TO - Tocantins,13969012393,31-01-2025 17:13,13969016879,"SEÇÃO DE BIBLIOTECA,MEMÓRIA E ARQUIVO",Termo de Referência - TR,20-01-2025 00:00
0000238-45.2025.6.27.8000,13969012393,Aquisição assinatura da Revista Brasileira de Direito Eleitoral - RBDE,09-01-2025 00:00,Administração geral - Gestão de contratos,TO - Tocantins,13969012393,31-01-2025 17:13,13969037579,"SEÇÃO DE BIBLIOTECA,MEMÓRIA E ARQUIVO",Atesto,21-02-2025 17:09
0000238-45.2025.6.27.8000,13969012393,Aquisição assinatura da Revista Brasileira de Direito Eleitoral - RBDE,09-01-2025 00:00,Administração geral - Gestão de contratos,TO - Tocantins,13969012393,31-01-2025 17:13,13969018039,SEÇÃO DE ANÁLISE E COMPRAS,Informação,24-01-2025 19:49
0000238-45.2025.6.27.8000,13969012393,Aquisição assinatura da Revista Brasileira de Direito Eleitoral - RBDE,09-01-2025 00:00,Administração geral - Gestão de contratos,TO - Tocantins,13969012393,31-01-2025 17:13,13969038485,SEÇÃO DE ANÁLISE E CONTABILIDADE,Informação,24-02-2025 17:30
0000238-45.2025.6.27.8000,13969012393,Aquisição assinatura da Revista Brasileira de Direito Eleitoral - RBDE,09-01-2025 00:00,Administração geral - Gestão de contratos,TO - Tocantins,13969012393,31-01-2025 17:13,13969020595,SEÇÃO DE ANÁLISE E CONTABILIDADE,Informação,27-01-2025 14:44
0000238-45.2025.6.27.8000,13969012393,Aquisição assinatura da Revista Brasileira de Direito Eleitoral - RBDE,09-01-2025 00:00,Administração geral - Gestão de contratos,TO - Tocantins,13969012393,31-01-2025 17:13,13969021120,SEÇÃO DE PLANEJAMENTO E GESTÃO ORÇAMENTÁRIA,Informação,28-01-2025 11:19
0000238-45.2025.6.27.8000,13969012393,Aquisição assinatura da Revista Brasileira de Direito Eleitoral - RBDE,09-01-2025 00:00,Administração geral - Gestão de contratos,TO - Tocantins,13969012393,31-01-2025 17:13,13969022915,SECRETARIA DE ADMINISTRAÇÃO E ORÇAMENTO,Decisão,30-01-2025 16:10
0000238-45.2025.6.27.8000,13969012393,Aquisição assinatura da Revista Brasileira de Direito Eleitoral - RBDE,09-01-2025 00:00,Administração geral - Gestão de contratos,TO - Tocantins,13969012393,31-01-2025 17:13,13969023919,ASSESSORIA JURÍDICA,Parecer,31-01-2025 18:48
0000238-45.2025.6.27.8000,13969012393,Aquisição assinatura da Revista Brasileira de Direito Eleitoral - RBDE,09-01-2025 00:00,Administração geral - Gestão de contratos,TO - Tocantins,13969012393,31-01-2025 17:13,13969023921,ASSESSORIA JURÍDICA,Decisão,31-01-2025 18:50
0000453-21.2025.6.27.8000,13969015147,Revista Viva Saúde impressa + digital,15-01-2025 00:00,Administração geral - Gestão de contratos,TO - Tocantins,13969015147,17-01-2025 11:48,13969024562,SEÇÃO DE ANÁLISE E CONTABILIDADE,Informação,03-02-2025 14:43
0000453-21.2025.6.27.8000,13969015147,Revista Viva Saúde impressa + digital,15-01-2025 00:00,Administração geral - Gestão de contratos,TO - Tocantins,13969015147,17-01-2025 11:48,13969025761,SEÇÃO DE PLANEJAMENTO E GESTÃO ORÇAMENTÁRIA,Informação,05-02-2025 10:10
0000453-21.2025.6.27.8000,13969015147,Revista Viva Saúde impressa + digital,15-01-2025 00:00,Administração geral - Gestão de contratos,TO - Tocantins,13969015147,17-01-2025 11:48,13969030856,ASSESSORIA JURÍDICA,Decisão,11-02-2025 14:50
0000453-21.2025.6.27.8000,13969015147,Revista Viva Saúde impressa + digital,15-01-2025 00:00,Administração geral - Gestão de contratos,TO - Tocantins,13969015147,17-01-2025 11:48,13969030371,ASSESSORIA JURÍDICA,Parecer,11-02-2025 14:51
0000453-21.2025.6.27.8000,13969015147,Revista Viva Saúde impressa + digital,15-01-2025 00:00,Administração geral - Gestão de contratos,TO - Tocantins,13969015147,17-01-2025 11:48,13969015161,"SEÇÃO DE BIBLIOTECA,MEMÓRIA E ARQUIVO",Documento de Oficialização da Demanda - DOD,15-01-2025 13:49
0000453-21.2025.6.27.8000,13969015147,Revista Viva Saúde impressa + digital,15-01-2025 00:00,Administração geral - Gestão de contratos,TO - Tocantins,13969015147,17-01-2025 11:48,13969016009,SECRETARIA DE ADMINISTRAÇÃO E ORÇAMENTO,Minuta,16-01-2025 15:04
0000453-21.2025.6.27.8000,13969015147,Revista Viva Saúde impressa + digital,15-01-2025 00:00,Administração geral - Gestão de contratos,TO - Tocantins,13969015147,17-01-2025 11:48,13969016253,DIRETORIA GERAL,Portaria,16-01-2025 18:14
0000453-21.2025.6.27.8000,13969015147,Revista Viva Saúde impressa + digital,15-01-2025 00:00,Administração geral - Gestão de contratos,TO - Tocantins,13969015147,17-01-2025 11:48,13969016648,"SEÇÃO DE BIBLIOTECA,MEMÓRIA E ARQUIVO",Termo de Referência - TR,17-01-2025 00:00
0000453-21.2025.6.27.8000,13969015147,Revista Viva Saúde impressa + digital,15-01-2025 00:00,Administração geral - Gestão de contratos,TO - Tocantins,13969015147,17-01-2025 11:48,13969016395,"SEÇÃO DE BIBLIOTECA,MEMÓRIA E ARQUIVO",Gerenciamento de Riscos de Contratações,17-01-2025 13:16
0000453-21.2025.6.27.8000,13969015147,Revista Viva Saúde impressa + digital,15-01-2025 00:00,Administração geral - Gestão de contratos,TO - Tocantins,13969015147,17-01-2025 11:48,13969034503,SEÇÃO DE ANÁLISE E COMPRAS,E-mail,17-02-2025 00:00
0000453-21.2025.6.27.8000,13969015147,Revista Viva Saúde impressa + digital,15-01-2025 00:00,Administração geral - Gestão de contratos,TO - Tocantins,13969015147,17-01-2025 11:48,13969034082,SEÇÃO DE ANÁLISE E COMPRAS,Ofício,17-02-2025 09:45
0000453-21.2025.6.27.8000,13969015147,Revista Viva Saúde impressa + digital,15-01-2025 00:00,Administração geral - Gestão de contratos,TO - Tocantins,13969015147,17-01-2025 11:48,13969017028,SEÇÃO DE EDITORAÇÃO E PUBLICAÇÕES,Certidão,20-01-2025 14:39
0000453-21.2025.6.27.8000,13969015147,Revista Viva Saúde impressa + digital,15-01-2025 00:00,Administração geral - Gestão de contratos,TO - Tocantins,13969015147,17-01-2025 11:48,13969016396,"SEÇÃO DE BIBLIOTECA,MEMÓRIA E ARQUIVO",Estudos Técnicos Preliminares - ETP,20-01-2025 16:31
0000453-21.2025.6.27.8000,13969015147,Revista Viva Saúde impressa + digital,15-01-2025 00:00,Administração geral - Gestão de contratos,TO - Tocantins,13969015147,17-01-2025 11:48,13969037246,"SEÇÃO DE BIBLIOTECA,MEMÓRIA E ARQUIVO",Atesto,21-02-2025 14:42
0000453-21.2025.6.27.8000,13969015147,Revista Viva Saúde impressa + digital,15-01-2025 00:00,Administração geral - Gestão de contratos,TO - Tocantins,13969015147,17-01-2025 11:48,13969037664,SEÇÃO DE ANÁLISE E CONTABILIDADE,Informação,24-02-2025 13:25
0000453-21.2025.6.27.8000,13969015147,Revista Viva Saúde impressa + digital,15-01-2025 00:00,Administração geral - Gestão de contratos,TO - Tocantins,13969015147,17-01-2025 11:48,13969023698,SEÇÃO DE ANÁLISE E COMPRAS,Informação,31-01-2025 19:38
0000670-64.2025.6.27.8000,13969018166,Aquisição de Máquina de Moagem e Preparação de Café Expresso,22-01-2025 00:00,Material e patrimônio - Administração de patrimônio,TO - Tocantins,13969018166,14-04-2026 11:40,13969166258,SEÇÃO DE SERVIÇOS GERAIS,Termo de Referência - TR,02-10-2025 00:00
0000670-64.2025.6.27.8000,13969018166,Aquisição de Máquina de Moagem e Preparação de Café Expresso,22-01-2025 00:00,Material e patrimônio - Administração de patrimônio,TO - Tocantins,13969018166,14-04-2026 11:40,13969211645,ASSESSORIA JURÍDICA,Decisão,05-12-2025 13:42
0000670-64.2025.6.27.8000,13969018166,Aquisição de Máquina de Moagem e Preparação de Café Expresso,22-01-2025 00:00,Material e patrimônio - Administração de patrimônio,TO - Tocantins,13969018166,14-04-2026 11:40,13969211643,ASSESSORIA JURÍDICA,Parecer,05-12-2025 13:43
0000670-64.2025.6.27.8000,13969018166,Aquisição de Máquina de Moagem e Preparação de Café Expresso,22-01-2025 00:00,Material e patrimônio - Administração de patrimônio,TO - Tocantins,13969018166,14-04-2026 11:40,13969028092,SEÇÃO DE SERVIÇOS GERAIS,Termo de Referência - TR,06-02-2025 00:00
0000670-64.2025.6.27.8000,13969018166,Aquisição de Máquina de Moagem e Preparação de Café Expresso,22-01-2025 00:00,Material e patrimônio - Administração de patrimônio,TO - Tocantins,13969018166,14-04-2026 11:40,13969028080,SEÇÃO DE SERVIÇOS GERAIS,Estudos Técnicos Preliminares - ETP,07-02-2025 10:26
0000670-64.2025.6.27.8000,13969018166,Aquisição de Máquina de Moagem e Preparação de Café Expresso,22-01-2025 00:00,Material e patrimônio - Administração de patrimônio,TO - Tocantins,13969018166,14-04-2026 11:40,13969212813,COORDENADORIA DE SERVIÇOS GERAIS,Termo de Referência - TR,09-12-2025 00:00
0000670-64.2025.6.27.8000,13969018166,Aquisição de Máquina de Moagem e Preparação de Café Expresso,22-01-2025 00:00,Material e patrimônio - Administração de patrimônio,TO - Tocantins,13969018166,14-04-2026 11:40,13969028103,SEÇÃO DE SERVIÇOS GERAIS,Gerenciamento de Riscos de Contratações,10-02-2025 14:10
0000670-64.2025.6.27.8000,13969018166,Aquisição de Máquina de Moagem e Preparação de Café Expresso,22-01-2025 00:00,Material e patrimônio - Administração de patrimônio,TO - Tocantins,13969018166,14-04-2026 11:40,13969289642,COMITÊ GESTOR DE ADMINISTRAÇÃO,Certidão,14-04-2026 00:00
0000670-64.2025.6.27.8000,13969018166,Aquisição de Máquina de Moagem e Preparação de Café Expresso,22-01-2025 00:00,Material e patrimônio - Administração de patrimônio,TO - Tocantins,13969018166,14-04-2026 11:40,13969289720,DIRETORIA GERAL,Voto,14-04-2026 14:59
0000670-64.2025.6.27.8000,13969018166,Aquisição de Máquina de Moagem e Preparação de Café Expresso,22-01-2025 00:00,Material e patrimônio - Administração de patrimônio,TO - Tocantins,13969018166,14-04-2026 11:40,13969177056,ASSESSORIA JURÍDICA,Decisão,20-10-2025 13:42
0000670-64.2025.6.27.8000,13969018166,Aquisição de Máquina de Moagem e Preparação de Café Expresso,22-01-2025 00:00,Material e patrimônio - Administração de patrimônio,TO - Tocantins,13969018166,14-04-2026 11:40,13969177054,ASSESSORIA JURÍDICA,Parecer,20-10-2025 15:00
0000670-64.2025.6.27.8000,13969018166,Aquisição de Máquina de Moagem e Preparação de Café Expresso,22-01-2025 00:00,Material e patrimônio - Administração de patrimônio,TO - Tocantins,13969018166,14-04-2026 11:40,13969018167,SEÇÃO DE SERVIÇOS GERAIS,Memorando,22-01-2025 14:36
0000670-64.2025.6.27.8000,13969018166,Aquisição de Máquina de Moagem e Preparação de Café Expresso,22-01-2025 00:00,Material e patrimônio - Administração de patrimônio,TO - Tocantins,13969018166,14-04-2026 11:40,13969018180,SEÇÃO DE SERVIÇOS GERAIS,Documento de Oficialização da Demanda - DOD,22-01-2025 14:43
0000670-64.2025.6.27.8000,13969018166,Aquisição de Máquina de Moagem e Preparação de Café Expresso,22-01-2025 00:00,Material e patrimônio - Administração de patrimônio,TO - Tocantins,13969018166,14-04-2026 11:40,13969065479,SEÇÃO DE ANÁLISE E COMPRAS,Informação,22-04-2025 08:34
0000670-64.2025.6.27.8000,13969018166,Aquisição de Máquina de Moagem e Preparação de Café Expresso,22-01-2025 00:00,Material e patrimônio - Administração de patrimônio,TO - Tocantins,13969018166,14-04-2026 11:40,13969068215,SEÇÃO DE ANÁLISE E CONTABILIDADE,Informação,22-04-2025 12:31
0000670-64.2025.6.27.8000,13969018166,Aquisição de Máquina de Moagem e Preparação de Café Expresso,22-01-2025 00:00,Material e patrimônio - Administração de patrimônio,TO - Tocantins,13969018166,14-04-2026 11:40,13969068637,SEÇÃO DE PLANEJAMENTO E GESTÃO ORÇAMENTÁRIA,Informação,22-04-2025 15:41
0000670-64.2025.6.27.8000,13969018166,Aquisição de Máquina de Moagem e Preparação de Café Expresso,22-01-2025 00:00,Material e patrimônio - Administração de patrimônio,TO - Tocantins,13969018166,14-04-2026 11:40,13969160937,COORDENADORIA DE SERVIÇOS GERAIS,Termo de Referência - TR,25-09-2025 00:00
0000670-64.2025.6.27.8000,13969018166,Aquisição de Máquina de Moagem e Preparação de Café Expresso,22-01-2025 00:00,Material e patrimônio - Administração de patrimônio,TO - Tocantins,13969018166,14-04-2026 11:40,13969297414,COMITÊ GESTOR DE ADMINISTRAÇÃO,Certidão,27-04-2026 00:00
0000670-64.2025.6.27.8000,13969018166,Aquisição de Máquina de Moagem e Preparação de Café Expresso,22-01-2025 00:00,Material e patrimônio - Administração de patrimônio,TO - Tocantins,13969018166,14-04-2026 11:40,13969299312,ASSESSORIA JURÍDICA,Decisão,29-04-2026 14:02
0000670-64.2025.6.27.8000,13969018166,Aquisição de Máquina de Moagem e Preparação de Café Expresso,22-01-2025 00:00,Material e patrimônio - Administração de patrimônio,TO - Tocantins,13969018166,14-04-2026 11:40,13969162962,SEÇÃO DE ANÁLISE E COMPRAS,Informação,29-09-2025 15:53
0000670-64.2025.6.27.8000,13969018166,Aquisição de Máquina de Moagem e Preparação de Café Expresso,22-01-2025 00:00,Material e patrimônio - Administração de patrimônio,TO - Tocantins,13969018166,14-04-2026 11:40,13969163222,SEÇÃO DE PLANEJAMENTO E GESTÃO ORÇAMENTÁRIA,Informação,29-09-2025 17:22
0000670-64.2025.6.27.8000,13969018166,Aquisição de Máquina de Moagem e Preparação de Café Expresso,22-01-2025 00:00,Material e patrimônio - Administração de patrimônio,TO - Tocantins,13969018166,14-04-2026 11:40,13969229966,SEÇÃO DE ANÁLISE E COMPRAS,Informação,30-01-2026 10:22
0000670-64.2025.6.27.8000,13969018166,Aquisição de Máquina de Moagem e Preparação de Café Expresso,22-01-2025 00:00,Material e patrimônio - Administração de patrimônio,TO - Tocantins,13969018166,14-04-2026 11:40,13969241074,SEÇÃO DE PLANEJAMENTO E GESTÃO ORÇAMENTÁRIA,Informação,30-01-2026 17:18
0000670-64.2025.6.27.8000,13969018166,Aquisição de Máquina de Moagem e Preparação de Café Expresso,22-01-2025 00:00,Material e patrimônio - Administração de patrimônio,TO - Tocantins,13969018166,14-04-2026 11:40,13969299311,ASSESSORIA JURÍDICA,Parecer,30-04-2026 11:01
0000730-37.2025.6.27.8000,13969019102,AQUISIÇÃO VACINAS CONTRA GRIPE 2025,23-01-2025 00:00,Administração geral - Licitação,TO - Tocantins,13969019102,06-05-2025 15:38,13969145158,SEÇÃO DE PATRIMÔNIO E ALMOXARIFADO,Atesto,03-09-2025 10:18
0000730-37.2025.6.27.8000,13969019102,AQUISIÇÃO VACINAS CONTRA GRIPE 2025,23-01-2025 00:00,Administração geral - Licitação,TO - Tocantins,13969019102,06-05-2025 15:38,13969145335,SEÇÃO DE ANÁLISE E CONTABILIDADE,Informação,03-09-2025 14:09
0000730-37.2025.6.27.8000,13969019102,AQUISIÇÃO VACINAS CONTRA GRIPE 2025,23-01-2025 00:00,Administração geral - Licitação,TO - Tocantins,13969019102,06-05-2025 15:38,13969030935,SEÇÃO DE ANÁLISE E COMPRAS,Informação,11-02-2025 16:52
0000730-37.2025.6.27.8000,13969019102,AQUISIÇÃO VACINAS CONTRA GRIPE 2025,23-01-2025 00:00,Administração geral - Licitação,TO - Tocantins,13969019102,06-05-2025 15:38,13969031287,SEÇÃO DE ANÁLISE E CONTABILIDADE,Informação,11-02-2025 18:08
0000730-37.2025.6.27.8000,13969019102,AQUISIÇÃO VACINAS CONTRA GRIPE 2025,23-01-2025 00:00,Administração geral - Licitação,TO - Tocantins,13969019102,06-05-2025 15:38,13969078321,ASSESSORIA JURÍDICA,Parecer,12-05-2025 13:26
0000730-37.2025.6.27.8000,13969019102,AQUISIÇÃO VACINAS CONTRA GRIPE 2025,23-01-2025 00:00,Administração geral - Licitação,TO - Tocantins,13969019102,06-05-2025 15:38,13969078322,ASSESSORIA JURÍDICA,Decisão,12-05-2025 13:46
0000730-37.2025.6.27.8000,13969019102,AQUISIÇÃO VACINAS CONTRA GRIPE 2025,23-01-2025 00:00,Administração geral - Licitação,TO - Tocantins,13969019102,06-05-2025 15:38,13969032251,SEÇÃO DE PLANEJAMENTO E GESTÃO ORÇAMENTÁRIA,Informação,13-02-2025 09:32
0000730-37.2025.6.27.8000,13969019102,AQUISIÇÃO VACINAS CONTRA GRIPE 2025,23-01-2025 00:00,Administração geral - Licitação,TO - Tocantins,13969019102,06-05-2025 15:38,13969080356,SEÇÃO DE PLANEJAMENTO E APOIO ADMINISTRATIVO,Termo de Referência - TR,14-05-2025 00:00
0000730-37.2025.6.27.8000,13969019102,AQUISIÇÃO VACINAS CONTRA GRIPE 2025,23-01-2025 00:00,Administração geral - Licitação,TO - Tocantins,13969019102,06-05-2025 15:38,13969066710,ASSESSORIA JURÍDICA,Decisão,15-04-2025 13:53
0000730-37.2025.6.27.8000,13969019102,AQUISIÇÃO VACINAS CONTRA GRIPE 2025,23-01-2025 00:00,Administração geral - Licitação,TO - Tocantins,13969019102,06-05-2025 15:38,13969065747,ASSESSORIA JURÍDICA,Parecer,15-04-2025 13:55
0000730-37.2025.6.27.8000,13969019102,AQUISIÇÃO VACINAS CONTRA GRIPE 2025,23-01-2025 00:00,Administração geral - Licitação,TO - Tocantins,13969019102,06-05-2025 15:38,13969036601,COORDENADORIA DE ASSISTÊNCIA MÉDICA E SOCIAL,Termo,20-02-2025 13:14
0000730-37.2025.6.27.8000,13969019102,AQUISIÇÃO VACINAS CONTRA GRIPE 2025,23-01-2025 00:00,Administração geral - Licitação,TO - Tocantins,13969019102,06-05-2025 15:38,13969136057,SEÇÃO DE ANÁLISE E COMPRAS,Informação,21-08-2025 10:44
0000730-37.2025.6.27.8000,13969019102,AQUISIÇÃO VACINAS CONTRA GRIPE 2025,23-01-2025 00:00,Administração geral - Licitação,TO - Tocantins,13969019102,06-05-2025 15:38,13969137059,SEÇÃO DE PLANEJAMENTO E GESTÃO ORÇAMENTÁRIA,Informação,22-08-2025 10:34
0000730-37.2025.6.27.8000,13969019102,AQUISIÇÃO VACINAS CONTRA GRIPE 2025,23-01-2025 00:00,Administração geral - Licitação,TO - Tocantins,13969019102,06-05-2025 15:38,13969137786,SECRETARIA DE ADMINISTRAÇÃO E ORÇAMENTO,Decisão,22-08-2025 18:01
0000730-37.2025.6.27.8000,13969019102,AQUISIÇÃO VACINAS CONTRA GRIPE 2025,23-01-2025 00:00,Administração geral - Licitação,TO - Tocantins,13969019102,06-05-2025 15:38,13969158061,SEÇÃO DE PATRIMÔNIO E ALMOXARIFADO,Informação,22-09-2025 09:01
0000730-37.2025.6.27.8000,13969019102,AQUISIÇÃO VACINAS CONTRA GRIPE 2025,23-01-2025 00:00,Administração geral - Licitação,TO - Tocantins,13969019102,06-05-2025 15:38,13969019104,COORDENADORIA DE ASSISTÊNCIA MÉDICA E SOCIAL,Documento de Oficialização da Demanda - DOD,23-01-2025 14:45
0000730-37.2025.6.27.8000,13969019102,AQUISIÇÃO VACINAS CONTRA GRIPE 2025,23-01-2025 00:00,Administração geral - Licitação,TO - Tocantins,13969019102,06-05-2025 15:38,13969038597,SECRETARIA DE ADMINISTRAÇÃO E ORÇAMENTO,Decisão,24-02-2025 17:38
0000730-37.2025.6.27.8000,13969019102,AQUISIÇÃO VACINAS CONTRA GRIPE 2025,23-01-2025 00:00,Administração geral - Licitação,TO - Tocantins,13969019102,06-05-2025 15:38,13969038811,ASSESSORIA JURÍDICA,Parecer,25-02-2025 14:33
0000730-37.2025.6.27.8000,13969019102,AQUISIÇÃO VACINAS CONTRA GRIPE 2025,23-01-2025 00:00,Administração geral - Licitação,TO - Tocantins,13969019102,06-05-2025 15:38,13969039051,ASSESSORIA JURÍDICA,Decisão,25-02-2025 14:34
0000730-37.2025.6.27.8000,13969019102,AQUISIÇÃO VACINAS CONTRA GRIPE 2025,23-01-2025 00:00,Administração geral - Licitação,TO - Tocantins,13969019102,06-05-2025 15:38,13969138070,ASSESSORIA JURÍDICA,Parecer,25-08-2025 11:18
0000730-37.2025.6.27.8000,13969019102,AQUISIÇÃO VACINAS CONTRA GRIPE 2025,23-01-2025 00:00,Administração geral - Licitação,TO - Tocantins,13969019102,06-05-2025 15:38,13969138080,ASSESSORIA JURÍDICA,Decisão,25-08-2025 11:22
0000730-37.2025.6.27.8000,13969019102,AQUISIÇÃO VACINAS CONTRA GRIPE 2025,23-01-2025 00:00,Administração geral - Licitação,TO - Tocantins,13969019102,06-05-2025 15:38,13969140146,SEÇÃO DE ANÁLISE E COMPRAS,E-mail,27-08-2025 00:00
0000730-37.2025.6.27.8000,13969019102,AQUISIÇÃO VACINAS CONTRA GRIPE 2025,23-01-2025 00:00,Administração geral - Licitação,TO - Tocantins,13969019102,06-05-2025 15:38,13969140124,SEÇÃO DE ANÁLISE E COMPRAS,Ofício,27-08-2025 13:57
0000730-37.2025.6.27.8000,13969019102,AQUISIÇÃO VACINAS CONTRA GRIPE 2025,23-01-2025 00:00,Administração geral - Licitação,TO - Tocantins,13969019102,06-05-2025 15:38,13969142244,SEÇÃO DE PLANEJAMENTO E APOIO ADMINISTRATIVO,Atesto,29-08-2025 16:57
0000730-37.2025.6.27.8000,13969019102,AQUISIÇÃO VACINAS CONTRA GRIPE 2025,23-01-2025 00:00,Administração geral - Licitação,TO - Tocantins,13969019102,06-05-2025 15:38,13969072520,ASSESSORIA JURÍDICA,Parecer,30-04-2025 14:26
0000730-37.2025.6.27.8000,13969019102,AQUISIÇÃO VACINAS CONTRA GRIPE 2025,23-01-2025 00:00,Administração geral - Licitação,TO - Tocantins,13969019102,06-05-2025 15:38,13969072636,ASSESSORIA JURÍDICA,Decisão,30-04-2025 14:29
0000730-37.2025.6.27.8000,13969019102,AQUISIÇÃO VACINAS CONTRA GRIPE 2025,23-01-2025 00:00,Administração geral - Licitação,TO - Tocantins,13969019102,06-05-2025 15:38,13969023799,COORDENADORIA DE ASSISTÊNCIA MÉDICA E SOCIAL,Termo de Referência - TR,31-01-2025 00:00
0000730-37.2025.6.27.8000,13969019102,AQUISIÇÃO VACINAS CONTRA GRIPE 2025,23-01-2025 00:00,Administração geral - Licitação,TO - Tocantins,13969019102,06-05-2025 15:38,13969023798,COORDENADORIA DE ASSISTÊNCIA MÉDICA E SOCIAL,Estudos Técnicos Preliminares - ETP,31-01-2025 17:15
0001223-14.2025.6.27.8000,13969026336,Adequação das instalações de PCI - Central de Urnas,05-02-2025 00:00,Serviços - Obras,TO - Tocantins,13969026336,26-06-2025 18:19,13969145694,SEÇÃO DE PATRIMÔNIO E ALMOXARIFADO,Informação,03-09-2025 15:56
0001223-14.2025.6.27.8000,13969026336,Adequação das instalações de PCI - Central de Urnas,05-02-2025 00:00,Serviços - Obras,TO - Tocantins,13969026336,26-06-2025 18:19,13969104125,ASSESSORIA JURÍDICA,Decisão,04-07-2025 16:37
0001223-14.2025.6.27.8000,13969026336,Adequação das instalações de PCI - Central de Urnas,05-02-2025 00:00,Serviços - Obras,TO - Tocantins,13969026336,26-06-2025 18:19,13969026347,COORDENADORIA DE SERVIÇOS GERAIS,Documento de Oficialização da Demanda - DOD,05-02-2025 11:04
0001223-14.2025.6.27.8000,13969026336,Adequação das instalações de PCI - Central de Urnas,05-02-2025 00:00,Serviços - Obras,TO - Tocantins,13969026336,26-06-2025 18:19,13969026338,COORDENADORIA DE SERVIÇOS GERAIS,Memorando,05-02-2025 11:05
0001223-14.2025.6.27.8000,13969026336,Adequação das instalações de PCI - Central de Urnas,05-02-2025 00:00,Serviços - Obras,TO - Tocantins,13969026336,26-06-2025 18:19,13969027922,COORDENADORIA DE SERVIÇOS GERAIS,Termo de Referência - TR,06-02-2025 00:00
0001223-14.2025.6.27.8000,13969026336,Adequação das instalações de PCI - Central de Urnas,05-02-2025 00:00,Serviços - Obras,TO - Tocantins,13969026336,26-06-2025 18:19,13969109605,SEÇÃO DE CONTRATOS,E-mail,07-07-2025 00:00
0001223-14.2025.6.27.8000,13969026336,Adequação das instalações de PCI - Central de Urnas,05-02-2025 00:00,Serviços - Obras,TO - Tocantins,13969026336,26-06-2025 18:19,13969109529,SEÇÃO DE CONTRATOS,Contrato,07-07-2025 16:48
0001223-14.2025.6.27.8000,13969026336,Adequação das instalações de PCI - Central de Urnas,05-02-2025 00:00,Serviços - Obras,TO - Tocantins,13969026336,26-06-2025 18:19,13969044292,COORDENADORIA DE SERVIÇOS GERAIS,Termo de Referência - TR,10-03-2025 00:00
0001223-14.2025.6.27.8000,13969026336,Adequação das instalações de PCI - Central de Urnas,05-02-2025 00:00,Serviços - Obras,TO - Tocantins,13969026336,26-06-2025 18:19,13969027920,COORDENADORIA DE SERVIÇOS GERAIS,Estudos Técnicos Preliminares - ETP,12-02-2025 15:13
0001223-14.2025.6.27.8000,13969026336,Adequação das instalações de PCI - Central de Urnas,05-02-2025 00:00,Serviços - Obras,TO - Tocantins,13969026336,26-06-2025 18:19,13969027921,COORDENADORIA DE SERVIÇOS GERAIS,Gerenciamento de Riscos de Contratações,12-02-2025 15:13
0001223-14.2025.6.27.8000,13969026336,Adequação das instalações de PCI - Central de Urnas,05-02-2025 00:00,Serviços - Obras,TO - Tocantins,13969026336,26-06-2025 18:19,13969079508,ASSESSORIA JURÍDICA,Parecer,13-05-2025 17:30
0001223-14.2025.6.27.8000,13969026336,Adequação das instalações de PCI - Central de Urnas,05-02-2025 00:00,Serviços - Obras,TO - Tocantins,13969026336,26-06-2025 18:19,13969079783,ASSESSORIA JURÍDICA,Decisão,13-05-2025 17:40
0001223-14.2025.6.27.8000,13969026336,Adequação das instalações de PCI - Central de Urnas,05-02-2025 00:00,Serviços - Obras,TO - Tocantins,13969026336,26-06-2025 18:19,13969066400,SEÇÃO DE ANÁLISE E CONTABILIDADE,Informação,14-04-2025 15:53
0001223-14.2025.6.27.8000,13969026336,Adequação das instalações de PCI - Central de Urnas,05-02-2025 00:00,Serviços - Obras,TO - Tocantins,13969026336,26-06-2025 18:19,13969066555,SEÇÃO DE PLANEJAMENTO E GESTÃO ORÇAMENTÁRIA,Informação,14-04-2025 17:39
0001223-14.2025.6.27.8000,13969026336,Adequação das instalações de PCI - Central de Urnas,05-02-2025 00:00,Serviços - Obras,TO - Tocantins,13969026336,26-06-2025 18:19,13969081867,COORDENADORIA DE SERVIÇOS GERAIS,Termo de Referência - TR,16-05-2025 00:00
0001223-14.2025.6.27.8000,13969026336,Adequação das instalações de PCI - Central de Urnas,05-02-2025 00:00,Serviços - Obras,TO - Tocantins,13969026336,26-06-2025 18:19,13969081888,COORDENADORIA DE SERVIÇOS GERAIS,Termo de Referência - TR,16-05-2025 00:00
0001223-14.2025.6.27.8000,13969026336,Adequação das instalações de PCI - Central de Urnas,05-02-2025 00:00,Serviços - Obras,TO - Tocantins,13969026336,26-06-2025 18:19,13969131890,"SEÇÃO DE ENGENHARIA, ARQUITETURA, PROJETOS E OBRAS",Relatório,18-08-2025 15:28
0001223-14.2025.6.27.8000,13969026336,Adequação das instalações de PCI - Central de Urnas,05-02-2025 00:00,Serviços - Obras,TO - Tocantins,13969026336,26-06-2025 18:19,13969131928,"SEÇÃO DE ENGENHARIA, ARQUITETURA, PROJETOS E OBRAS",Relatório,18-08-2025 15:35
0001223-14.2025.6.27.8000,13969026336,Adequação das instalações de PCI - Central de Urnas,05-02-2025 00:00,Serviços - Obras,TO - Tocantins,13969026336,26-06-2025 18:19,13969133746,"SEÇÃO DE ENGENHARIA, ARQUITETURA, PROJETOS E OBRAS",Atesto,19-08-2025 09:49
0001223-14.2025.6.27.8000,13969026336,Adequação das instalações de PCI - Central de Urnas,05-02-2025 00:00,Serviços - Obras,TO - Tocantins,13969026336,26-06-2025 18:19,13969133973,"SEÇÃO DE ENGENHARIA, ARQUITETURA, PROJETOS E OBRAS",Termo,19-08-2025 13:10
0001223-14.2025.6.27.8000,13969026336,Adequação das instalações de PCI - Central de Urnas,05-02-2025 00:00,Serviços - Obras,TO - Tocantins,13969026336,26-06-2025 18:19,13969134655,SEÇÃO DE ANÁLISE E CONTABILIDADE,Informação,19-08-2025 18:17
0001223-14.2025.6.27.8000,13969026336,Adequação das instalações de PCI - Central de Urnas,05-02-2025 00:00,Serviços - Obras,TO - Tocantins,13969026336,26-06-2025 18:19,13969120095,"SEÇÃO DE ENGENHARIA, ARQUITETURA, PROJETOS E OBRAS",E-mail,24-07-2025 00:00
0001223-14.2025.6.27.8000,13969026336,Adequação das instalações de PCI - Central de Urnas,05-02-2025 00:00,Serviços - Obras,TO - Tocantins,13969026336,26-06-2025 18:19,13969120013,SECRETARIA DE ADMINISTRAÇÃO E ORÇAMENTO,Portaria,24-07-2025 14:27
0001223-14.2025.6.27.8000,13969026336,Adequação das instalações de PCI - Central de Urnas,05-02-2025 00:00,Serviços - Obras,TO - Tocantins,13969026336,26-06-2025 18:19,13969120090,"SEÇÃO DE ENGENHARIA, ARQUITETURA, PROJETOS E OBRAS",Ordem de Serviço,24-07-2025 15:49
0001223-14.2025.6.27.8000,13969026336,Adequação das instalações de PCI - Central de Urnas,05-02-2025 00:00,Serviços - Obras,TO - Tocantins,13969026336,26-06-2025 18:19,13969120403,SEÇÃO DE EDITORAÇÃO E PUBLICAÇÕES,Certidão,25-07-2025 13:36
0001223-14.2025.6.27.8000,13969026336,Adequação das instalações de PCI - Central de Urnas,05-02-2025 00:00,Serviços - Obras,TO - Tocantins,13969026336,26-06-2025 18:19,13969120508,"SEÇÃO DE ENGENHARIA, ARQUITETURA, PROJETOS E OBRAS",Memorando,25-07-2025 14:56
0001223-14.2025.6.27.8000,13969026336,Adequação das instalações de PCI - Central de Urnas,05-02-2025 00:00,Serviços - Obras,TO - Tocantins,13969026336,26-06-2025 18:19,13969103281,COMISSAO PERMANENTE DE LICITACOES - CPL,Informação,26-06-2025 11:47
0001223-14.2025.6.27.8000,13969026336,Adequação das instalações de PCI - Central de Urnas,05-02-2025 00:00,Serviços - Obras,TO - Tocantins,13969026336,26-06-2025 18:19,13969103957,ASSESSORIA JURÍDICA,Parecer,27-06-2025 17:19
0001229-21.2025.6.27.8000,13969026430,Contratação Google Workspace e Plataforma de Inteligência Artificial,05-02-2025 00:00,Administração geral - Licitação,TO - Tocantins,13969026430,06-02-2025 17:46,13969047544,SEÇÃO DE GESTÃO DE INFRA-ESTRUTURA TECNOLÓGICA,Gerenciamento de Riscos de Contratações,01-12-2025 17:17
0001229-21.2025.6.27.8000,13969026430,Contratação Google Workspace e Plataforma de Inteligência Artificial,05-02-2025 00:00,Administração geral - Licitação,TO - Tocantins,13969026430,06-02-2025 17:46,13969026433,SEÇÃO DE GESTÃO DE INFRA-ESTRUTURA TECNOLÓGICA,Documento de Oficialização da Demanda - DOD,05-02-2025 12:10
0001229-21.2025.6.27.8000,13969026430,Contratação Google Workspace e Plataforma de Inteligência Artificial,05-02-2025 00:00,Administração geral - Licitação,TO - Tocantins,13969026430,06-02-2025 17:46,13969026879,SECRETARIA DE ADMINISTRAÇÃO E ORÇAMENTO,Minuta,05-02-2025 15:57
0001229-21.2025.6.27.8000,13969026430,Contratação Google Workspace e Plataforma de Inteligência Artificial,05-02-2025 00:00,Administração geral - Licitação,TO - Tocantins,13969026430,06-02-2025 17:46,13969027984,DIRETORIA GERAL,Portaria,06-02-2025 15:46
0001229-21.2025.6.27.8000,13969026430,Contratação Google Workspace e Plataforma de Inteligência Artificial,05-02-2025 00:00,Administração geral - Licitação,TO - Tocantins,13969026430,06-02-2025 17:46,13969028741,SEÇÃO DE EDITORAÇÃO E PUBLICAÇÕES,Certidão,07-02-2025 13:40
0001229-21.2025.6.27.8000,13969026430,Contratação Google Workspace e Plataforma de Inteligência Artificial,05-02-2025 00:00,Administração geral - Licitação,TO - Tocantins,13969026430,06-02-2025 17:46,13969047542,SEÇÃO DE GESTÃO DE INFRA-ESTRUTURA TECNOLÓGICA,Termo de Referência - TR,13-03-2025 00:00
0001229-21.2025.6.27.8000,13969026430,Contratação Google Workspace e Plataforma de Inteligência Artificial,05-02-2025 00:00,Administração geral - Licitação,TO - Tocantins,13969026430,06-02-2025 17:46,13969047541,SEÇÃO DE GESTÃO DE INFRA-ESTRUTURA TECNOLÓGICA,Estudos Técnicos Preliminares - ETP,24-03-2026 15:13
0001238-80.2025.6.27.8000,13969026569,Obra PCI Edifício-Sede 2025 - Parte II,05-02-2025 00:00,Serviços - Obras,TO - Tocantins,13969026569,16-07-2025 14:58,13969142587,ASSESSORIA JURÍDICA,Parecer,01-09-2025 10:43
0001238-80.2025.6.27.8000,13969026569,Obra PCI Edifício-Sede 2025 - Parte II,05-02-2025 00:00,Serviços - Obras,TO - Tocantins,13969026569,16-07-2025 14:58,13969142682,ASSESSORIA JURÍDICA,Decisão,01-09-2025 10:45
0001238-80.2025.6.27.8000,13969026569,Obra PCI Edifício-Sede 2025 - Parte II,05-02-2025 00:00,Serviços - Obras,TO - Tocantins,13969026569,16-07-2025 14:58,13969165164,ASSESSORIA JURÍDICA,Parecer,03-10-2025 14:58
0001238-80.2025.6.27.8000,13969026569,Obra PCI Edifício-Sede 2025 - Parte II,05-02-2025 00:00,Serviços - Obras,TO - Tocantins,13969026569,16-07-2025 14:58,13969165167,ASSESSORIA JURÍDICA,Decisão,03-10-2025 15:03
0001238-80.2025.6.27.8000,13969026569,Obra PCI Edifício-Sede 2025 - Parte II,05-02-2025 00:00,Serviços - Obras,TO - Tocantins,13969026569,16-07-2025 14:58,13969185056,"SEÇÃO DE ENGENHARIA, ARQUITETURA, PROJETOS E OBRAS",E-mail,03-11-2025 00:00
0001238-80.2025.6.27.8000,13969026569,Obra PCI Edifício-Sede 2025 - Parte II,05-02-2025 00:00,Serviços - Obras,TO - Tocantins,13969026569,16-07-2025 14:58,13969185055,"SEÇÃO DE ENGENHARIA, ARQUITETURA, PROJETOS E OBRAS",Ordem de Serviço,03-11-2025 07:39
0001238-80.2025.6.27.8000,13969026569,Obra PCI Edifício-Sede 2025 - Parte II,05-02-2025 00:00,Serviços - Obras,TO - Tocantins,13969026569,16-07-2025 14:58,13969210579,SEÇÃO DE CONTRATOS,Informação,04-12-2025 14:24
0001238-80.2025.6.27.8000,13969026569,Obra PCI Edifício-Sede 2025 - Parte II,05-02-2025 00:00,Serviços - Obras,TO - Tocantins,13969026569,16-07-2025 14:58,13969026572,COORDENADORIA DE SERVIÇOS GERAIS,Documento de Oficialização da Demanda - DOD,05-02-2025 14:01
0001238-80.2025.6.27.8000,13969026569,Obra PCI Edifício-Sede 2025 - Parte II,05-02-2025 00:00,Serviços - Obras,TO - Tocantins,13969026569,16-07-2025 14:58,13969026570,COORDENADORIA DE SERVIÇOS GERAIS,Memorando,05-02-2025 14:16
0001238-80.2025.6.27.8000,13969026569,Obra PCI Edifício-Sede 2025 - Parte II,05-02-2025 00:00,Serviços - Obras,TO - Tocantins,13969026569,16-07-2025 14:58,13969304499,SEÇÃO DE CONTRATOS,Informação,05-05-2026 16:28
0001238-80.2025.6.27.8000,13969026569,Obra PCI Edifício-Sede 2025 - Parte II,05-02-2025 00:00,Serviços - Obras,TO - Tocantins,13969026569,16-07-2025 14:58,13969027802,COORDENADORIA DE SERVIÇOS GERAIS,Termo de Referência - TR,06-02-2025 00:00
0001238-80.2025.6.27.8000,13969026569,Obra PCI Edifício-Sede 2025 - Parte II,05-02-2025 00:00,Serviços - Obras,TO - Tocantins,13969026569,16-07-2025 14:58,13969027797,COORDENADORIA DE SERVIÇOS GERAIS,Estudos Técnicos Preliminares - ETP,06-02-2025 14:23
0001238-80.2025.6.27.8000,13969026569,Obra PCI Edifício-Sede 2025 - Parte II,05-02-2025 00:00,Serviços - Obras,TO - Tocantins,13969026569,16-07-2025 14:58,13969027799,COORDENADORIA DE SERVIÇOS GERAIS,Gerenciamento de Riscos de Contratações,06-02-2025 14:38
0001238-80.2025.6.27.8000,13969026569,Obra PCI Edifício-Sede 2025 - Parte II,05-02-2025 00:00,Serviços - Obras,TO - Tocantins,13969026569,16-07-2025 14:58,13969075211,SEÇÃO DE ANÁLISE E CONTABILIDADE,Informação,06-05-2025 14:10
0001238-80.2025.6.27.8000,13969026569,Obra PCI Edifício-Sede 2025 - Parte II,05-02-2025 00:00,Serviços - Obras,TO - Tocantins,13969026569,16-07-2025 14:58,13969167826,SECRETARIA DE ADMINISTRAÇÃO E ORÇAMENTO,E-mail,06-10-2025 00:00
0001238-80.2025.6.27.8000,13969026569,Obra PCI Edifício-Sede 2025 - Parte II,05-02-2025 00:00,Serviços - Obras,TO - Tocantins,13969026569,16-07-2025 14:58,13969167656,SECRETARIA DE ADMINISTRAÇÃO E ORÇAMENTO,Ofício,06-10-2025 10:08
0001238-80.2025.6.27.8000,13969026569,Obra PCI Edifício-Sede 2025 - Parte II,05-02-2025 00:00,Serviços - Obras,TO - Tocantins,13969026569,16-07-2025 14:58,13969075872,SEÇÃO DE PLANEJAMENTO E GESTÃO ORÇAMENTÁRIA,Informação,07-05-2025 10:19
0001238-80.2025.6.27.8000,13969026569,Obra PCI Edifício-Sede 2025 - Parte II,05-02-2025 00:00,Serviços - Obras,TO - Tocantins,13969026569,16-07-2025 14:58,13969109422,ASSESSORIA JURÍDICA,Decisão,07-07-2025 15:23
0001238-80.2025.6.27.8000,13969026569,Obra PCI Edifício-Sede 2025 - Parte II,05-02-2025 00:00,Serviços - Obras,TO - Tocantins,13969026569,16-07-2025 14:58,13969167818,SEÇÃO DE CONTRATOS,Contrato,07-10-2025 15:03
0001238-80.2025.6.27.8000,13969026569,Obra PCI Edifício-Sede 2025 - Parte II,05-02-2025 00:00,Serviços - Obras,TO - Tocantins,13969026569,16-07-2025 14:58,13969169245,SEÇÃO DE PLANEJAMENTO E GESTÃO ORÇAMENTÁRIA,Informação,07-10-2025 15:14
0001238-80.2025.6.27.8000,13969026569,Obra PCI Edifício-Sede 2025 - Parte II,05-02-2025 00:00,Serviços - Obras,TO - Tocantins,13969026569,16-07-2025 14:58,13969226919,SEÇÃO DE CONTRATOS,E-mail,08-01-2026 00:00
0001238-80.2025.6.27.8000,13969026569,Obra PCI Edifício-Sede 2025 - Parte II,05-02-2025 00:00,Serviços - Obras,TO - Tocantins,13969026569,16-07-2025 14:58,13969109185,ASSESSORIA JURÍDICA,Parecer,08-07-2025 14:38
0001238-80.2025.6.27.8000,13969026569,Obra PCI Edifício-Sede 2025 - Parte II,05-02-2025 00:00,Serviços - Obras,TO - Tocantins,13969026569,16-07-2025 14:58,13969032311,COORDENADORIA DE SERVIÇOS GERAIS,Informação,13-02-2025 10:18
0001238-80.2025.6.27.8000,13969026569,Obra PCI Edifício-Sede 2025 - Parte II,05-02-2025 00:00,Serviços - Obras,TO - Tocantins,13969026569,16-07-2025 14:58,13969219743,SEÇÃO DE CONTRATOS,Minuta,16-12-2025 14:53
0001238-80.2025.6.27.8000,13969026569,Obra PCI Edifício-Sede 2025 - Parte II,05-02-2025 00:00,Serviços - Obras,TO - Tocantins,13969026569,16-07-2025 14:58,13969116730,ASSESSORIA JURÍDICA,Parecer,17-07-2025 15:08
0001238-80.2025.6.27.8000,13969026569,Obra PCI Edifício-Sede 2025 - Parte II,05-02-2025 00:00,Serviços - Obras,TO - Tocantins,13969026569,16-07-2025 14:58,13969116731,ASSESSORIA JURÍDICA,Decisão,17-07-2025 15:10
0001238-80.2025.6.27.8000,13969026569,Obra PCI Edifício-Sede 2025 - Parte II,05-02-2025 00:00,Serviços - Obras,TO - Tocantins,13969026569,16-07-2025 14:58,13969117078,ASSESSORIA JURÍDICA,Decisão,17-07-2025 18:22
0001238-80.2025.6.27.8000,13969026569,Obra PCI Edifício-Sede 2025 - Parte II,05-02-2025 00:00,Serviços - Obras,TO - Tocantins,13969026569,16-07-2025 14:58,13969220675,SEÇÃO DE PLANEJAMENTO E GESTÃO ORÇAMENTÁRIA,Informação,17-12-2025 11:15
0001238-80.2025.6.27.8000,13969026569,Obra PCI Edifício-Sede 2025 - Parte II,05-02-2025 00:00,Serviços - Obras,TO - Tocantins,13969026569,16-07-2025 14:58,13969100478,SEÇÃO DE PLANEJAMENTO E GESTÃO ORÇAMENTÁRIA,Informação,18-06-2025 14:54
0001238-80.2025.6.27.8000,13969026569,Obra PCI Edifício-Sede 2025 - Parte II,05-02-2025 00:00,Serviços - Obras,TO - Tocantins,13969026569,16-07-2025 14:58,13969222119,SEÇÃO DE CONTRATOS,E-mail,18-12-2025 00:00
0001238-80.2025.6.27.8000,13969026569,Obra PCI Edifício-Sede 2025 - Parte II,05-02-2025 00:00,Serviços - Obras,TO - Tocantins,13969026569,16-07-2025 14:58,13969221576,ASSESSORIA JURÍDICA,Parecer,18-12-2025 10:59
0001238-80.2025.6.27.8000,13969026569,Obra PCI Edifício-Sede 2025 - Parte II,05-02-2025 00:00,Serviços - Obras,TO - Tocantins,13969026569,16-07-2025 14:58,13969221636,ASSESSORIA JURÍDICA,Decisão,18-12-2025 11:02
0001238-80.2025.6.27.8000,13969026569,Obra PCI Edifício-Sede 2025 - Parte II,05-02-2025 00:00,Serviços - Obras,TO - Tocantins,13969026569,16-07-2025 14:58,13969222097,SEÇÃO DE CONTRATOS,Termo Aditivo,18-12-2025 16:19
0001238-80.2025.6.27.8000,13969026569,Obra PCI Edifício-Sede 2025 - Parte II,05-02-2025 00:00,Serviços - Obras,TO - Tocantins,13969026569,16-07-2025 14:58,13969103327,COORDENADORIA DE SERVIÇOS GERAIS,Termo de Referência - TR,26-06-2025 00:00
0001238-80.2025.6.27.8000,13969026569,Obra PCI Edifício-Sede 2025 - Parte II,05-02-2025 00:00,Serviços - Obras,TO - Tocantins,13969026569,16-07-2025 14:58,13969139071,SEÇÃO DE PLANEJAMENTO E GESTÃO ORÇAMENTÁRIA,Informação,26-08-2025 12:08
0001238-80.2025.6.27.8000,13969026569,Obra PCI Edifício-Sede 2025 - Parte II,05-02-2025 00:00,Serviços - Obras,TO - Tocantins,13969026569,16-07-2025 14:58,13969140643,"SEÇÃO DE ENGENHARIA, ARQUITETURA, PROJETOS E OBRAS",Termo de Referência - TR,28-08-2025 00:00
0001238-80.2025.6.27.8000,13969026569,Obra PCI Edifício-Sede 2025 - Parte II,05-02-2025 00:00,Serviços - Obras,TO - Tocantins,13969026569,16-07-2025 14:58,13969140978,SEÇÃO DE CONTRATOS,Informação,28-08-2025 12:56
0001238-80.2025.6.27.8000,13969026569,Obra PCI Edifício-Sede 2025 - Parte II,05-02-2025 00:00,Serviços - Obras,TO - Tocantins,13969026569,16-07-2025 14:58,13969163112,COMISSAO PERMANENTE DE LICITACOES - CPL,Informação,29-09-2025 16:27
0001238-80.2025.6.27.8000,13969026569,Obra PCI Edifício-Sede 2025 - Parte II,05-02-2025 00:00,Serviços - Obras,TO - Tocantins,13969026569,16-07-2025 14:58,13969183117,SECRETARIA DE ADMINISTRAÇÃO E ORÇAMENTO,Portaria,29-10-2025 11:10
0001238-80.2025.6.27.8000,13969026569,Obra PCI Edifício-Sede 2025 - Parte II,05-02-2025 00:00,Serviços - Obras,TO - Tocantins,13969026569,16-07-2025 14:58,13969184276,SEÇÃO DE EDITORAÇÃO E PUBLICAÇÕES,Certidão,30-10-2025 13:29
0001488-16.2025.6.27.8000,13969030342,Impressão de Documento Institucional,11-02-2025 00:00,Administração geral - Licitação,TO - Tocantins,13969030342,01-04-2025 16:08,13969058965,ASSESSORIA JURÍDICA,Parecer,02-04-2025 17:22
0001488-16.2025.6.27.8000,13969030342,Impressão de Documento Institucional,11-02-2025 00:00,Administração geral - Licitação,TO - Tocantins,13969030342,01-04-2025 16:08,13969059227,ASSESSORIA JURÍDICA,Decisão,02-04-2025 17:28
0001488-16.2025.6.27.8000,13969030342,Impressão de Documento Institucional,11-02-2025 00:00,Administração geral - Licitação,TO - Tocantins,13969030342,01-04-2025 16:08,13969227262,SEÇÃO DE PATRIMÔNIO E ALMOXARIFADO,Informação,09-01-2026 09:10
0001488-16.2025.6.27.8000,13969030342,Impressão de Documento Institucional,11-02-2025 00:00,Administração geral - Licitação,TO - Tocantins,13969030342,01-04-2025 16:08,13969064538,SEÇÃO DE ANÁLISE E COMPRAS,E-mail,10-04-2025 00:00
0001488-16.2025.6.27.8000,13969030342,Impressão de Documento Institucional,11-02-2025 00:00,Administração geral - Licitação,TO - Tocantins,13969030342,01-04-2025 16:08,13969064447,SEÇÃO DE ANÁLISE E COMPRAS,Ofício,10-04-2025 16:01
0001488-16.2025.6.27.8000,13969030342,Impressão de Documento Institucional,11-02-2025 00:00,Administração geral - Licitação,TO - Tocantins,13969030342,01-04-2025 16:08,13969030343,POLÍCIA JUDICIAL TRE-TO,Documento de Oficialização da Demanda - DOD,11-02-2025 07:56
0001488-16.2025.6.27.8000,13969030342,Impressão de Documento Institucional,11-02-2025 00:00,Administração geral - Licitação,TO - Tocantins,13969030342,01-04-2025 16:08,13969065217,SEÇÃO DE ANÁLISE E COMPRAS,E-mail,11-04-2025 00:00
0001488-16.2025.6.27.8000,13969030342,Impressão de Documento Institucional,11-02-2025 00:00,Administração geral - Licitação,TO - Tocantins,13969030342,01-04-2025 16:08,13969048127,SEÇÃO DE ANÁLISE E COMPRAS,Informação,17-03-2025 13:43
0001488-16.2025.6.27.8000,13969030342,Impressão de Documento Institucional,11-02-2025 00:00,Administração geral - Licitação,TO - Tocantins,13969030342,01-04-2025 16:08,13969050074,SEÇÃO DE ANÁLISE E CONTABILIDADE,Informação,18-03-2025 14:13
0001488-16.2025.6.27.8000,13969030342,Impressão de Documento Institucional,11-02-2025 00:00,Administração geral - Licitação,TO - Tocantins,13969030342,01-04-2025 16:08,13969050245,SEÇÃO DE PLANEJAMENTO E GESTÃO ORÇAMENTÁRIA,Informação,18-03-2025 15:48
0001488-16.2025.6.27.8000,13969030342,Impressão de Documento Institucional,11-02-2025 00:00,Administração geral - Licitação,TO - Tocantins,13969030342,01-04-2025 16:08,13969036449,POLÍCIA JUDICIAL TRE-TO,Termo de Referência - TR,20-02-2025 00:00
0001488-16.2025.6.27.8000,13969030342,Impressão de Documento Institucional,11-02-2025 00:00,Administração geral - Licitação,TO - Tocantins,13969030342,01-04-2025 16:08,13969036423,POLÍCIA JUDICIAL TRE-TO,Estudos Técnicos Preliminares - ETP,20-02-2025 09:20
0001488-16.2025.6.27.8000,13969030342,Impressão de Documento Institucional,11-02-2025 00:00,Administração geral - Licitação,TO - Tocantins,13969030342,01-04-2025 16:08,13969223270,POLÍCIA JUDICIAL TRE-TO,Atesto,22-12-2025 10:34
0001488-16.2025.6.27.8000,13969030342,Impressão de Documento Institucional,11-02-2025 00:00,Administração geral - Licitação,TO - Tocantins,13969030342,01-04-2025 16:08,13969223647,SEÇÃO DE ANÁLISE E CONTABILIDADE,Informação,22-12-2025 18:15
0001488-16.2025.6.27.8000,13969030342,Impressão de Documento Institucional,11-02-2025 00:00,Administração geral - Licitação,TO - Tocantins,13969030342,01-04-2025 16:08,13969038865,POLÍCIA JUDICIAL TRE-TO,Termo de Referência - TR,25-02-2025 00:00
0001488-16.2025.6.27.8000,13969030342,Impressão de Documento Institucional,11-02-2025 00:00,Administração geral - Licitação,TO - Tocantins,13969030342,01-04-2025 16:08,13969224582,SEÇÃO DE PATRIMÔNIO E ALMOXARIFADO,Informação,29-12-2025 08:51
0001488-16.2025.6.27.8000,13969030342,Impressão de Documento Institucional,11-02-2025 00:00,Administração geral - Licitação,TO - Tocantins,13969030342,01-04-2025 16:08,13969057192,SECRETARIA DE ADMINISTRAÇÃO E ORÇAMENTO,Decisão,31-03-2025 17:56
0001583-46.2025.6.27.8000,13969031948,Contratação de empresa especializada em serviços de sustentação de infraestrutura de TIC - 2025,12-02-2025 00:00,Administração geral - Licitação,TO - Tocantins,13969031948,31-07-2025 15:53,13969091524,SEÇÃO DE GESTÃO DE INFRA-ESTRUTURA TECNOLÓGICA,Termo de Referência - TR,03-06-2025 00:00
0001583-46.2025.6.27.8000,13969031948,Contratação de empresa especializada em serviços de sustentação de infraestrutura de TIC - 2025,12-02-2025 00:00,Administração geral - Licitação,TO - Tocantins,13969031948,31-07-2025 15:53,13969166809,SEÇÃO DE CONTRATOS,E-mail,03-10-2025 00:00
0001583-46.2025.6.27.8000,13969031948,Contratação de empresa especializada em serviços de sustentação de infraestrutura de TIC - 2025,12-02-2025 00:00,Administração geral - Licitação,TO - Tocantins,13969031948,31-07-2025 15:53,13969093018,SEÇÃO DE GESTÃO DE INFRA-ESTRUTURA TECNOLÓGICA,Termo de Referência - TR,04-06-2025 00:00
0001583-46.2025.6.27.8000,13969031948,Contratação de empresa especializada em serviços de sustentação de infraestrutura de TIC - 2025,12-02-2025 00:00,Administração geral - Licitação,TO - Tocantins,13969031948,31-07-2025 15:53,13969073885,SEÇÃO DE GESTÃO DE INFRA-ESTRUTURA TECNOLÓGICA,Termo de Referência - TR,05-05-2025 00:00
0001583-46.2025.6.27.8000,13969031948,Contratação de empresa especializada em serviços de sustentação de infraestrutura de TIC - 2025,12-02-2025 00:00,Administração geral - Licitação,TO - Tocantins,13969031948,31-07-2025 15:53,13969042484,SEÇÃO DE GESTÃO DE INFRA-ESTRUTURA TECNOLÓGICA,Anexo,06-03-2025 16:21
0001583-46.2025.6.27.8000,13969031948,Contratação de empresa especializada em serviços de sustentação de infraestrutura de TIC - 2025,12-02-2025 00:00,Administração geral - Licitação,TO - Tocantins,13969031948,31-07-2025 15:53,13969042485,SEÇÃO DE GESTÃO DE INFRA-ESTRUTURA TECNOLÓGICA,Anexo,06-03-2025 16:22
0001583-46.2025.6.27.8000,13969031948,Contratação de empresa especializada em serviços de sustentação de infraestrutura de TIC - 2025,12-02-2025 00:00,Administração geral - Licitação,TO - Tocantins,13969031948,31-07-2025 15:53,13969042658,SEÇÃO DE GESTÃO DE INFRA-ESTRUTURA TECNOLÓGICA,Anexo,06-03-2025 17:46
0001583-46.2025.6.27.8000,13969031948,Contratação de empresa especializada em serviços de sustentação de infraestrutura de TIC - 2025,12-02-2025 00:00,Administração geral - Licitação,TO - Tocantins,13969031948,31-07-2025 15:53,13969168505,SEÇÃO DE CONTRATOS,E-mail,06-10-2025 00:00
0001583-46.2025.6.27.8000,13969031948,Contratação de empresa especializada em serviços de sustentação de infraestrutura de TIC - 2025,12-02-2025 00:00,Administração geral - Licitação,TO - Tocantins,13969031948,31-07-2025 15:53,13969166097,SEÇÃO DE CONTRATOS,Contrato,07-10-2025 09:53
0001583-46.2025.6.27.8000,13969031948,Contratação de empresa especializada em serviços de sustentação de infraestrutura de TIC - 2025,12-02-2025 00:00,Administração geral - Licitação,TO - Tocantins,13969031948,31-07-2025 15:53,13969170236,SECRETARIA DE ADMINISTRAÇÃO E ORÇAMENTO,Minuta,08-10-2025 16:54
0001583-46.2025.6.27.8000,13969031948,Contratação de empresa especializada em serviços de sustentação de infraestrutura de TIC - 2025,12-02-2025 00:00,Administração geral - Licitação,TO - Tocantins,13969031948,31-07-2025 15:53,13969170556,DIRETORIA GERAL,Portaria,08-10-2025 18:09
0001583-46.2025.6.27.8000,13969031948,Contratação de empresa especializada em serviços de sustentação de infraestrutura de TIC - 2025,12-02-2025 00:00,Administração geral - Licitação,TO - Tocantins,13969031948,31-07-2025 15:53,13969037053,SEÇÃO DE GESTÃO DE INFRA-ESTRUTURA TECNOLÓGICA,Estudos Técnicos Preliminares - ETP,10-03-2025 18:23
0001583-46.2025.6.27.8000,13969031948,Contratação de empresa especializada em serviços de sustentação de infraestrutura de TIC - 2025,12-02-2025 00:00,Administração geral - Licitação,TO - Tocantins,13969031948,31-07-2025 15:53,13969149949,SEÇÃO DE ANÁLISE E CONTABILIDADE,Informação,10-09-2025 17:41
0001583-46.2025.6.27.8000,13969031948,Contratação de empresa especializada em serviços de sustentação de infraestrutura de TIC - 2025,12-02-2025 00:00,Administração geral - Licitação,TO - Tocantins,13969031948,31-07-2025 15:53,13969042493,SEÇÃO DE GESTÃO DE INFRA-ESTRUTURA TECNOLÓGICA,Anexo,11-03-2025 17:27
0001583-46.2025.6.27.8000,13969031948,Contratação de empresa especializada em serviços de sustentação de infraestrutura de TIC - 2025,12-02-2025 00:00,Administração geral - Licitação,TO - Tocantins,13969031948,31-07-2025 15:53,13969037055,SEÇÃO DE GESTÃO DE INFRA-ESTRUTURA TECNOLÓGICA,Gerenciamento de Riscos de Contratações,11-03-2025 17:34
0001583-46.2025.6.27.8000,13969031948,Contratação de empresa especializada em serviços de sustentação de infraestrutura de TIC - 2025,12-02-2025 00:00,Administração geral - Licitação,TO - Tocantins,13969031948,31-07-2025 15:53,13969031950,SEÇÃO DE GESTÃO DE INFRA-ESTRUTURA TECNOLÓGICA,Documento de Oficialização da Demanda - DOD,12-02-2025 17:03
0001583-46.2025.6.27.8000,13969031948,Contratação de empresa especializada em serviços de sustentação de infraestrutura de TIC - 2025,12-02-2025 00:00,Administração geral - Licitação,TO - Tocantins,13969031948,31-07-2025 15:53,13969031970,SEÇÃO DE GESTÃO DE INFRA-ESTRUTURA TECNOLÓGICA,Memorando,12-02-2025 17:05
0001583-46.2025.6.27.8000,13969031948,Contratação de empresa especializada em serviços de sustentação de infraestrutura de TIC - 2025,12-02-2025 00:00,Administração geral - Licitação,TO - Tocantins,13969031948,31-07-2025 15:53,13969130613,COMISSAO PERMANENTE DE LICITACOES - CPL,Termo de Referência - TR,13-08-2025 00:00
0001583-46.2025.6.27.8000,13969031948,Contratação de empresa especializada em serviços de sustentação de infraestrutura de TIC - 2025,12-02-2025 00:00,Administração geral - Licitação,TO - Tocantins,13969031948,31-07-2025 15:53,13969172622,SEÇÃO DE EDITORAÇÃO E PUBLICAÇÕES,Certidão,13-10-2025 13:28
0001583-46.2025.6.27.8000,13969031948,Contratação de empresa especializada em serviços de sustentação de infraestrutura de TIC - 2025,12-02-2025 00:00,Administração geral - Licitação,TO - Tocantins,13969031948,31-07-2025 15:53,13969173834,SEÇÃO DE PLANEJAMENTO E GESTÃO ORÇAMENTÁRIA,Informação,14-10-2025 18:11
0001583-46.2025.6.27.8000,13969031948,Contratação de empresa especializada em serviços de sustentação de infraestrutura de TIC - 2025,12-02-2025 00:00,Administração geral - Licitação,TO - Tocantins,13969031948,31-07-2025 15:53,13969154827,SEÇÃO DE ANÁLISE E CONTABILIDADE,Informação,16-09-2025 17:35
0001583-46.2025.6.27.8000,13969031948,Contratação de empresa especializada em serviços de sustentação de infraestrutura de TIC - 2025,12-02-2025 00:00,Administração geral - Licitação,TO - Tocantins,13969031948,31-07-2025 15:53,13969175590,SEÇÃO DE CONTRATOS,Informação,16-10-2025 15:15
0001583-46.2025.6.27.8000,13969031948,Contratação de empresa especializada em serviços de sustentação de infraestrutura de TIC - 2025,12-02-2025 00:00,Administração geral - Licitação,TO - Tocantins,13969031948,31-07-2025 15:53,13969036097,SECRETARIA DE ADMINISTRAÇÃO E ORÇAMENTO,Minuta,19-02-2025 15:05
0001583-46.2025.6.27.8000,13969031948,Contratação de empresa especializada em serviços de sustentação de infraestrutura de TIC - 2025,12-02-2025 00:00,Administração geral - Licitação,TO - Tocantins,13969031948,31-07-2025 15:53,13969037054,SEÇÃO DE GESTÃO DE INFRA-ESTRUTURA TECNOLÓGICA,Termo de Referência - TR,20-02-2025 00:00
0001583-46.2025.6.27.8000,13969031948,Contratação de empresa especializada em serviços de sustentação de infraestrutura de TIC - 2025,12-02-2025 00:00,Administração geral - Licitação,TO - Tocantins,13969031948,31-07-2025 15:53,13969036497,DIRETORIA GERAL,Portaria,20-02-2025 10:24
0001583-46.2025.6.27.8000,13969031948,Contratação de empresa especializada em serviços de sustentação de infraestrutura de TIC - 2025,12-02-2025 00:00,Administração geral - Licitação,TO - Tocantins,13969031948,31-07-2025 15:53,13969037233,SEÇÃO DE EDITORAÇÃO E PUBLICAÇÕES,Certidão,21-02-2025 13:33
0001583-46.2025.6.27.8000,13969031948,Contratação de empresa especializada em serviços de sustentação de infraestrutura de TIC - 2025,12-02-2025 00:00,Administração geral - Licitação,TO - Tocantins,13969031948,31-07-2025 15:53,13969083357,SEÇÃO DE ANÁLISE E COMPRAS,Informação,21-05-2025 08:32
0001583-46.2025.6.27.8000,13969031948,Contratação de empresa especializada em serviços de sustentação de infraestrutura de TIC - 2025,12-02-2025 00:00,Administração geral - Licitação,TO - Tocantins,13969031948,31-07-2025 15:53,13969083863,SEÇÃO DE ANÁLISE E CONTABILIDADE,Informação,21-05-2025 13:59
0001583-46.2025.6.27.8000,13969031948,Contratação de empresa especializada em serviços de sustentação de infraestrutura de TIC - 2025,12-02-2025 00:00,Administração geral - Licitação,TO - Tocantins,13969031948,31-07-2025 15:53,13969084265,SEÇÃO DE PLANEJAMENTO E GESTÃO ORÇAMENTÁRIA,Informação,21-05-2025 18:33
0001583-46.2025.6.27.8000,13969031948,Contratação de empresa especializada em serviços de sustentação de infraestrutura de TIC - 2025,12-02-2025 00:00,Administração geral - Licitação,TO - Tocantins,13969031948,31-07-2025 15:53,13969118403,ASSESSORIA JURÍDICA,Decisão,28-07-2025 14:03
0001583-46.2025.6.27.8000,13969031948,Contratação de empresa especializada em serviços de sustentação de infraestrutura de TIC - 2025,12-02-2025 00:00,Administração geral - Licitação,TO - Tocantins,13969031948,31-07-2025 15:53,13969118401,ASSESSORIA JURÍDICA,Parecer,29-07-2025 16:02
0001583-46.2025.6.27.8000,13969031948,Contratação de empresa especializada em serviços de sustentação de infraestrutura de TIC - 2025,12-02-2025 00:00,Administração geral - Licitação,TO - Tocantins,13969031948,31-07-2025 15:53,13969163090,ASSESSORIA JURÍDICA,Decisão,29-09-2025 21:12
0001583-46.2025.6.27.8000,13969031948,Contratação de empresa especializada em serviços de sustentação de infraestrutura de TIC - 2025,12-02-2025 00:00,Administração geral - Licitação,TO - Tocantins,13969031948,31-07-2025 15:53,13969163088,ASSESSORIA JURÍDICA,Parecer,30-09-2025 15:39
0001688-23.2025.6.27.8000,13969033628,"Aquisição de projetores multimídia atender demandas do Auditório, do Pleno e da STI",14-02-2025 00:00,Material e patrimônio - Administração de material,TO - Tocantins,13969033628,17-12-2025 14:48,13969106975,SEÇÃO DE ANÁLISE E COMPRAS,Informação,03-07-2025 14:30
0001688-23.2025.6.27.8000,13969033628,"Aquisição de projetores multimídia atender demandas do Auditório, do Pleno e da STI",14-02-2025 00:00,Material e patrimônio - Administração de material,TO - Tocantins,13969033628,17-12-2025 14:48,13969208358,SECAO DE MICROINFORMATICA E APOIO AO USUARIO,Parecer,03-12-2025 09:37
0001688-23.2025.6.27.8000,13969033628,"Aquisição de projetores multimídia atender demandas do Auditório, do Pleno e da STI",14-02-2025 00:00,Material e patrimônio - Administração de material,TO - Tocantins,13969033628,17-12-2025 14:48,13969208945,SECAO DE MICROINFORMATICA E APOIO AO USUARIO,Parecer,03-12-2025 09:56
0001688-23.2025.6.27.8000,13969033628,"Aquisição de projetores multimídia atender demandas do Auditório, do Pleno e da STI",14-02-2025 00:00,Material e patrimônio - Administração de material,TO - Tocantins,13969033628,17-12-2025 14:48,13969208970,SECAO DE MICROINFORMATICA E APOIO AO USUARIO,Parecer,03-12-2025 10:14
0001688-23.2025.6.27.8000,13969033628,"Aquisição de projetores multimídia atender demandas do Auditório, do Pleno e da STI",14-02-2025 00:00,Material e patrimônio - Administração de material,TO - Tocantins,13969033628,17-12-2025 14:48,13969107990,SEÇÃO DE ANÁLISE E CONTABILIDADE,Informação,04-07-2025 12:04
0001688-23.2025.6.27.8000,13969033628,"Aquisição de projetores multimídia atender demandas do Auditório, do Pleno e da STI",14-02-2025 00:00,Material e patrimônio - Administração de material,TO - Tocantins,13969033628,17-12-2025 14:48,13969187174,SECAO DE MICROINFORMATICA E APOIO AO USUARIO,Termo de Referência - TR,04-11-2025 00:00
0001688-23.2025.6.27.8000,13969033628,"Aquisição de projetores multimídia atender demandas do Auditório, do Pleno e da STI",14-02-2025 00:00,Material e patrimônio - Administração de material,TO - Tocantins,13969033628,17-12-2025 14:48,13969211201,SECAO DE MICROINFORMATICA E APOIO AO USUARIO,Parecer,04-12-2025 18:03
0001688-23.2025.6.27.8000,13969033628,"Aquisição de projetores multimídia atender demandas do Auditório, do Pleno e da STI",14-02-2025 00:00,Material e patrimônio - Administração de material,TO - Tocantins,13969033628,17-12-2025 14:48,13969211226,SECAO DE MICROINFORMATICA E APOIO AO USUARIO,Parecer,04-12-2025 19:01
0001688-23.2025.6.27.8000,13969033628,"Aquisição de projetores multimídia atender demandas do Auditório, do Pleno e da STI",14-02-2025 00:00,Material e patrimônio - Administração de material,TO - Tocantins,13969033628,17-12-2025 14:48,13969062213,SECAO DE MICROINFORMATICA E APOIO AO USUARIO,Termo de Referência - TR,08-04-2025 00:00
0001688-23.2025.6.27.8000,13969033628,"Aquisição de projetores multimídia atender demandas do Auditório, do Pleno e da STI",14-02-2025 00:00,Material e patrimônio - Administração de material,TO - Tocantins,13969033628,17-12-2025 14:48,13969064271,SECAO DE MICROINFORMATICA E APOIO AO USUARIO,Gerenciamento de Riscos de Contratações,10-04-2025 14:38
0001688-23.2025.6.27.8000,13969033628,"Aquisição de projetores multimídia atender demandas do Auditório, do Pleno e da STI",14-02-2025 00:00,Material e patrimônio - Administração de material,TO - Tocantins,13969033628,17-12-2025 14:48,13969214215,SECAO DE MICROINFORMATICA E APOIO AO USUARIO,Parecer,10-12-2025 13:58
0001688-23.2025.6.27.8000,13969033628,"Aquisição de projetores multimídia atender demandas do Auditório, do Pleno e da STI",14-02-2025 00:00,Material e patrimônio - Administração de material,TO - Tocantins,13969033628,17-12-2025 14:48,13969214245,SECAO DE MICROINFORMATICA E APOIO AO USUARIO,Parecer,10-12-2025 17:04
0001688-23.2025.6.27.8000,13969033628,"Aquisição de projetores multimídia atender demandas do Auditório, do Pleno e da STI",14-02-2025 00:00,Material e patrimônio - Administração de material,TO - Tocantins,13969033628,17-12-2025 14:48,13969045488,SECAO DE MICROINFORMATICA E APOIO AO USUARIO,Estudos Técnicos Preliminares - ETP,11-03-2025 15:16
0001688-23.2025.6.27.8000,13969033628,"Aquisição de projetores multimídia atender demandas do Auditório, do Pleno e da STI",14-02-2025 00:00,Material e patrimônio - Administração de material,TO - Tocantins,13969033628,17-12-2025 14:48,13969113515,SECAO DE MICROINFORMATICA E APOIO AO USUARIO,Informação,11-07-2025 18:31
0001688-23.2025.6.27.8000,13969033628,"Aquisição de projetores multimídia atender demandas do Auditório, do Pleno e da STI",14-02-2025 00:00,Material e patrimônio - Administração de material,TO - Tocantins,13969033628,17-12-2025 14:48,13969033629,SECAO DE MICROINFORMATICA E APOIO AO USUARIO,Documento de Oficialização da Demanda - DOD,14-02-2025 15:59
0001688-23.2025.6.27.8000,13969033628,"Aquisição de projetores multimídia atender demandas do Auditório, do Pleno e da STI",14-02-2025 00:00,Material e patrimônio - Administração de material,TO - Tocantins,13969033628,17-12-2025 14:48,13969033784,SECAO DE MICROINFORMATICA E APOIO AO USUARIO,Memorando,14-02-2025 16:54
0001688-23.2025.6.27.8000,13969033628,"Aquisição de projetores multimídia atender demandas do Auditório, do Pleno e da STI",14-02-2025 00:00,Material e patrimônio - Administração de material,TO - Tocantins,13969033628,17-12-2025 14:48,13969114107,SECAO DE MICROINFORMATICA E APOIO AO USUARIO,Estudos Técnicos Preliminares - ETP,14-07-2025 00:00
0001688-23.2025.6.27.8000,13969033628,"Aquisição de projetores multimídia atender demandas do Auditório, do Pleno e da STI",14-02-2025 00:00,Material e patrimônio - Administração de material,TO - Tocantins,13969033628,17-12-2025 14:48,13969114099,SEÇÃO DE ANÁLISE E CONTABILIDADE,Informação,14-07-2025 15:39
0001688-23.2025.6.27.8000,13969033628,"Aquisição de projetores multimídia atender demandas do Auditório, do Pleno e da STI",14-02-2025 00:00,Material e patrimônio - Administração de material,TO - Tocantins,13969033628,17-12-2025 14:48,13969174981,SECAO DE MICROINFORMATICA E APOIO AO USUARIO,Termo de Referência - TR,15-10-2025 00:00
0001688-23.2025.6.27.8000,13969033628,"Aquisição de projetores multimídia atender demandas do Auditório, do Pleno e da STI",14-02-2025 00:00,Material e patrimônio - Administração de material,TO - Tocantins,13969033628,17-12-2025 14:48,13969116815,SECAO DE MICROINFORMATICA E APOIO AO USUARIO,Termo de Referência - TR,17-07-2025 00:00
0001688-23.2025.6.27.8000,13969033628,"Aquisição de projetores multimídia atender demandas do Auditório, do Pleno e da STI",14-02-2025 00:00,Material e patrimônio - Administração de material,TO - Tocantins,13969033628,17-12-2025 14:48,13969221897,ASSESSORIA JURÍDICA,Parecer,18-12-2025 15:08
0001688-23.2025.6.27.8000,13969033628,"Aquisição de projetores multimídia atender demandas do Auditório, do Pleno e da STI",14-02-2025 00:00,Material e patrimônio - Administração de material,TO - Tocantins,13969033628,17-12-2025 14:48,13969221900,ASSESSORIA JURÍDICA,Decisão,18-12-2025 15:11
0001688-23.2025.6.27.8000,13969033628,"Aquisição de projetores multimídia atender demandas do Auditório, do Pleno e da STI",14-02-2025 00:00,Material e patrimônio - Administração de material,TO - Tocantins,13969033628,17-12-2025 14:48,13969222682,SEÇÃO DE LICITAÇÕES,Ata de Registro de Preços,19-12-2025 13:49
0001688-23.2025.6.27.8000,13969033628,"Aquisição de projetores multimídia atender demandas do Auditório, do Pleno e da STI",14-02-2025 00:00,Material e patrimônio - Administração de material,TO - Tocantins,13969033628,17-12-2025 14:48,13969222685,SEÇÃO DE LICITAÇÕES,Ata de Registro de Preços,19-12-2025 13:50
0001688-23.2025.6.27.8000,13969033628,"Aquisição de projetores multimídia atender demandas do Auditório, do Pleno e da STI",14-02-2025 00:00,Material e patrimônio - Administração de material,TO - Tocantins,13969033628,17-12-2025 14:48,13969274800,SECAO DE MICROINFORMATICA E APOIO AO USUARIO,Termo de Referência - TR,20-03-2026 00:00
0001688-23.2025.6.27.8000,13969033628,"Aquisição de projetores multimídia atender demandas do Auditório, do Pleno e da STI",14-02-2025 00:00,Material e patrimônio - Administração de material,TO - Tocantins,13969033628,17-12-2025 14:48,13969137614,SECAO DE MICROINFORMATICA E APOIO AO USUARIO,Termo de Referência - TR,22-08-2025 00:00
0001688-23.2025.6.27.8000,13969033628,"Aquisição de projetores multimídia atender demandas do Auditório, do Pleno e da STI",14-02-2025 00:00,Material e patrimônio - Administração de material,TO - Tocantins,13969033628,17-12-2025 14:48,13969038069,SECRETARIA DE ADMINISTRAÇÃO E ORÇAMENTO,Minuta,24-02-2025 14:05
0001688-23.2025.6.27.8000,13969033628,"Aquisição de projetores multimídia atender demandas do Auditório, do Pleno e da STI",14-02-2025 00:00,Material e patrimônio - Administração de material,TO - Tocantins,13969033628,17-12-2025 14:48,13969038401,DIRETORIA GERAL,Portaria,24-02-2025 16:00
0001688-23.2025.6.27.8000,13969033628,"Aquisição de projetores multimídia atender demandas do Auditório, do Pleno e da STI",14-02-2025 00:00,Material e patrimônio - Administração de material,TO - Tocantins,13969033628,17-12-2025 14:48,13969137960,SEÇÃO DE ANÁLISE E COMPRAS,Informação,25-08-2025 13:37
0001688-23.2025.6.27.8000,13969033628,"Aquisição de projetores multimídia atender demandas do Auditório, do Pleno e da STI",14-02-2025 00:00,Material e patrimônio - Administração de material,TO - Tocantins,13969033628,17-12-2025 14:48,13969138494,SEÇÃO DE ANÁLISE E CONTABILIDADE,Informação,25-08-2025 17:31
0001688-23.2025.6.27.8000,13969033628,"Aquisição de projetores multimídia atender demandas do Auditório, do Pleno e da STI",14-02-2025 00:00,Material e patrimônio - Administração de material,TO - Tocantins,13969033628,17-12-2025 14:48,13969039690,SEÇÃO DE EDITORAÇÃO E PUBLICAÇÕES,Certidão,26-02-2025 13:43
0001688-23.2025.6.27.8000,13969033628,"Aquisição de projetores multimídia atender demandas do Auditório, do Pleno e da STI",14-02-2025 00:00,Material e patrimônio - Administração de material,TO - Tocantins,13969033628,17-12-2025 14:48,13969139031,SEÇÃO DE PLANEJAMENTO E GESTÃO ORÇAMENTÁRIA,Informação,26-08-2025 11:43
0001688-23.2025.6.27.8000,13969033628,"Aquisição de projetores multimídia atender demandas do Auditório, do Pleno e da STI",14-02-2025 00:00,Material e patrimônio - Administração de material,TO - Tocantins,13969033628,17-12-2025 14:48,13969087910,SECAO DE MICROINFORMATICA E APOIO AO USUARIO,Memorando,28-05-2025 14:37
0001688-23.2025.6.27.8000,13969033628,"Aquisição de projetores multimídia atender demandas do Auditório, do Pleno e da STI",14-02-2025 00:00,Material e patrimônio - Administração de material,TO - Tocantins,13969033628,17-12-2025 14:48,13969183983,ASSESSORIA JURÍDICA,Parecer,29-10-2025 22:26
0001688-23.2025.6.27.8000,13969033628,"Aquisição de projetores multimídia atender demandas do Auditório, do Pleno e da STI",14-02-2025 00:00,Material e patrimônio - Administração de material,TO - Tocantins,13969033628,17-12-2025 14:48,13969183984,ASSESSORIA JURÍDICA,Decisão,29-10-2025 22:28
0001821-65.2025.6.27.8000,13969036474,Aquisição de materiais consumo de copa e de banheiro.,20-02-2025 00:00,Material e patrimônio - Administração de material,TO - Tocantins,13969036474,22-08-2025 17:37,13969164701,SEÇÃO DE SERVIÇOS GERAIS,Termo de Referência - TR,01-10-2025 00:00
0001821-65.2025.6.27.8000,13969036474,Aquisição de materiais consumo de copa e de banheiro.,20-02-2025 00:00,Material e patrimônio - Administração de material,TO - Tocantins,13969036474,22-08-2025 17:37,13969241912,SEÇÃO DE ANÁLISE E CONTABILIDADE,Informação,02-02-2026 15:57
0001821-65.2025.6.27.8000,13969036474,Aquisição de materiais consumo de copa e de banheiro.,20-02-2025 00:00,Material e patrimônio - Administração de material,TO - Tocantins,13969036474,22-08-2025 17:37,13969243183,SEÇÃO DE PLANEJAMENTO E GESTÃO ORÇAMENTÁRIA,Informação,03-02-2026 14:38
0001821-65.2025.6.27.8000,13969036474,Aquisição de materiais consumo de copa e de banheiro.,20-02-2025 00:00,Material e patrimônio - Administração de material,TO - Tocantins,13969036474,22-08-2025 17:37,13969244140,SEÇÃO DE SERVIÇOS GERAIS,Termo de Referência - TR,04-02-2026 00:00
0001821-65.2025.6.27.8000,13969036474,Aquisição de materiais consumo de copa e de banheiro.,20-02-2025 00:00,Material e patrimônio - Administração de material,TO - Tocantins,13969036474,22-08-2025 17:37,13969060491,SEÇÃO DE PATRIMÔNIO E ALMOXARIFADO,Informação,04-04-2025 15:31
0001821-65.2025.6.27.8000,13969036474,Aquisição de materiais consumo de copa e de banheiro.,20-02-2025 00:00,Material e patrimônio - Administração de material,TO - Tocantins,13969036474,22-08-2025 17:37,13969169848,SEÇÃO DE SERVIÇOS GERAIS,Termo de Referência - TR,08-10-2025 00:00
0001821-65.2025.6.27.8000,13969036474,Aquisição de materiais consumo de copa e de banheiro.,20-02-2025 00:00,Material e patrimônio - Administração de material,TO - Tocantins,13969036474,22-08-2025 17:37,13969171508,SEÇÃO DE SERVIÇOS GERAIS,Termo de Referência - TR,10-10-2025 00:00
0001821-65.2025.6.27.8000,13969036474,Aquisição de materiais consumo de copa e de banheiro.,20-02-2025 00:00,Material e patrimônio - Administração de material,TO - Tocantins,13969036474,22-08-2025 17:37,13969309214,COMISSAO PERMANENTE DE LICITACOES - CPL,Decisão,12-05-2026 14:56
0001821-65.2025.6.27.8000,13969036474,Aquisição de materiais consumo de copa e de banheiro.,20-02-2025 00:00,Material e patrimônio - Administração de material,TO - Tocantins,13969036474,22-08-2025 17:37,13969036480,SEÇÃO DE SERVIÇOS GERAIS,Memorando,20-02-2025 10:35
0001821-65.2025.6.27.8000,13969036474,Aquisição de materiais consumo de copa e de banheiro.,20-02-2025 00:00,Material e patrimônio - Administração de material,TO - Tocantins,13969036474,22-08-2025 17:37,13969087570,SEÇÃO DE SERVIÇOS GERAIS,Documento de Oficialização da Demanda - DOD,20-08-2025 17:09
0001821-65.2025.6.27.8000,13969036474,Aquisição de materiais consumo de copa e de banheiro.,20-02-2025 00:00,Material e patrimônio - Administração de material,TO - Tocantins,13969036474,22-08-2025 17:37,13969036481,SEÇÃO DE SERVIÇOS GERAIS,Demonstrativo,21-02-2025 10:55
0001821-65.2025.6.27.8000,13969036474,Aquisição de materiais consumo de copa e de banheiro.,20-02-2025 00:00,Material e patrimônio - Administração de material,TO - Tocantins,13969036474,22-08-2025 17:37,13969255888,ASSESSORIA JURÍDICA,Parecer,23-02-2026 16:16
0001821-65.2025.6.27.8000,13969036474,Aquisição de materiais consumo de copa e de banheiro.,20-02-2025 00:00,Material e patrimônio - Administração de material,TO - Tocantins,13969036474,22-08-2025 17:37,13969256040,ASSESSORIA JURÍDICA,Decisão,23-02-2026 16:19
0001821-65.2025.6.27.8000,13969036474,Aquisição de materiais consumo de copa e de banheiro.,20-02-2025 00:00,Material e patrimônio - Administração de material,TO - Tocantins,13969036474,22-08-2025 17:37,13969160262,SEÇÃO DE SERVIÇOS GERAIS,Estudos Técnicos Preliminares - ETP,24-09-2025 00:00
0001821-65.2025.6.27.8000,13969036474,Aquisição de materiais consumo de copa e de banheiro.,20-02-2025 00:00,Material e patrimônio - Administração de material,TO - Tocantins,13969036474,22-08-2025 17:37,13969161570,SEÇÃO DE SERVIÇOS GERAIS,Termo de Referência - TR,26-09-2025 00:00
0001821-65.2025.6.27.8000,13969036474,Aquisição de materiais consumo de copa e de banheiro.,20-02-2025 00:00,Material e patrimônio - Administração de material,TO - Tocantins,13969036474,22-08-2025 17:37,13969240390,SEÇÃO DE ANÁLISE E COMPRAS,Informação,30-01-2026 15:22
0001821-65.2025.6.27.8000,13969036474,Aquisição de materiais consumo de copa e de banheiro.,20-02-2025 00:00,Material e patrimônio - Administração de material,TO - Tocantins,13969036474,22-08-2025 17:37,13969163514,SEÇÃO DE SERVIÇOS GERAIS,Gerenciamento de Riscos de Contratações,30-09-2025 15:17
0001927-27.2025.6.27.8000,13969037843,Aquisição de mesa digitalizadora,24-02-2025 00:00,Administração geral - Licitação,TO - Tocantins,13969037843,25-02-2025 17:41,13969058366,SEÇÃO DE LICITAÇÕES,Termo de Referência - TR,01-04-2025 00:00
0001927-27.2025.6.27.8000,13969037843,Aquisição de mesa digitalizadora,24-02-2025 00:00,Administração geral - Licitação,TO - Tocantins,13969037843,25-02-2025 17:41,13969040687,"ASSESSORIA DE COMUNICAÇÃO SOCIAL, CORPORATIVA E CERIMONIAL",Estudos Técnicos Preliminares - ETP,07-03-2025 18:40
0001927-27.2025.6.27.8000,13969037843,Aquisição de mesa digitalizadora,24-02-2025 00:00,Administração geral - Licitação,TO - Tocantins,13969037843,25-02-2025 17:41,13969043858,"ASSESSORIA DE COMUNICAÇÃO SOCIAL, CORPORATIVA E CERIMONIAL",Gerenciamento de Riscos de Contratações,07-03-2025 19:07
0001927-27.2025.6.27.8000,13969037843,Aquisição de mesa digitalizadora,24-02-2025 00:00,Administração geral - Licitação,TO - Tocantins,13969037843,25-02-2025 17:41,13969169781,SEÇÃO DE PATRIMÔNIO E ALMOXARIFADO,Informação,08-10-2025 09:23
0001927-27.2025.6.27.8000,13969037843,Aquisição de mesa digitalizadora,24-02-2025 00:00,Administração geral - Licitação,TO - Tocantins,13969037843,25-02-2025 17:41,13969170756,SEÇÃO DE PATRIMÔNIO E ALMOXARIFADO,Atesto,09-10-2025 11:05
0001927-27.2025.6.27.8000,13969037843,Aquisição de mesa digitalizadora,24-02-2025 00:00,Administração geral - Licitação,TO - Tocantins,13969037843,25-02-2025 17:41,13969171387,"ASSESSORIA DE COMUNICAÇÃO SOCIAL, CORPORATIVA E CERIMONIAL",Atesto,09-10-2025 18:17
0001927-27.2025.6.27.8000,13969037843,Aquisição de mesa digitalizadora,24-02-2025 00:00,Administração geral - Licitação,TO - Tocantins,13969037843,25-02-2025 17:41,13969043919,"ASSESSORIA DE COMUNICAÇÃO SOCIAL, CORPORATIVA E CERIMONIAL",Termo de Referência - TR,10-03-2025 00:00
0001927-27.2025.6.27.8000,13969037843,Aquisição de mesa digitalizadora,24-02-2025 00:00,Administração geral - Licitação,TO - Tocantins,13969037843,25-02-2025 17:41,13969148092,ASSESSORIA JURÍDICA,Parecer,10-09-2025 09:05
0001927-27.2025.6.27.8000,13969037843,Aquisição de mesa digitalizadora,24-02-2025 00:00,Administração geral - Licitação,TO - Tocantins,13969037843,25-02-2025 17:41,13969149317,ASSESSORIA JURÍDICA,Decisão,10-09-2025 09:05
0001927-27.2025.6.27.8000,13969037843,Aquisição de mesa digitalizadora,24-02-2025 00:00,Administração geral - Licitação,TO - Tocantins,13969037843,25-02-2025 17:41,13969171764,SEÇÃO DE ANÁLISE E CONTABILIDADE,Informação,10-10-2025 13:49
0001927-27.2025.6.27.8000,13969037843,Aquisição de mesa digitalizadora,24-02-2025 00:00,Administração geral - Licitação,TO - Tocantins,13969037843,25-02-2025 17:41,13969151897,SEÇÃO DE ANÁLISE E COMPRAS,E-mail,12-09-2025 00:00
0001927-27.2025.6.27.8000,13969037843,Aquisição de mesa digitalizadora,24-02-2025 00:00,Administração geral - Licitação,TO - Tocantins,13969037843,25-02-2025 17:41,13969151847,SEÇÃO DE ANÁLISE E COMPRAS,Ofício,12-09-2025 14:02
0001927-27.2025.6.27.8000,13969037843,Aquisição de mesa digitalizadora,24-02-2025 00:00,Administração geral - Licitação,TO - Tocantins,13969037843,25-02-2025 17:41,13969065970,SEÇÃO DE ANÁLISE E COMPRAS,Informação,14-04-2025 16:08
0001927-27.2025.6.27.8000,13969037843,Aquisição de mesa digitalizadora,24-02-2025 00:00,Administração geral - Licitação,TO - Tocantins,13969037843,25-02-2025 17:41,13969066696,SEÇÃO DE ANÁLISE E CONTABILIDADE,Informação,15-04-2025 14:14
0001927-27.2025.6.27.8000,13969037843,Aquisição de mesa digitalizadora,24-02-2025 00:00,Administração geral - Licitação,TO - Tocantins,13969037843,25-02-2025 17:41,13969067575,SEÇÃO DE PLANEJAMENTO E GESTÃO ORÇAMENTÁRIA,Informação,15-04-2025 16:44
0001927-27.2025.6.27.8000,13969037843,Aquisição de mesa digitalizadora,24-02-2025 00:00,Administração geral - Licitação,TO - Tocantins,13969037843,25-02-2025 17:41,13969179384,SEÇÃO DE PATRIMÔNIO E ALMOXARIFADO,Informação,22-10-2025 15:26
0001927-27.2025.6.27.8000,13969037843,Aquisição de mesa digitalizadora,24-02-2025 00:00,Administração geral - Licitação,TO - Tocantins,13969037843,25-02-2025 17:41,13969037932,"ASSESSORIA DE COMUNICAÇÃO SOCIAL, CORPORATIVA E CERIMONIAL",Documento de Oficialização da Demanda - DOD,24-02-2025 12:14
0001927-27.2025.6.27.8000,13969037843,Aquisição de mesa digitalizadora,24-02-2025 00:00,Administração geral - Licitação,TO - Tocantins,13969037843,25-02-2025 17:41,13969037844,"ASSESSORIA DE COMUNICAÇÃO SOCIAL, CORPORATIVA E CERIMONIAL",Memorando,25-02-2025 09:16
0001927-27.2025.6.27.8000,13969037843,Aquisição de mesa digitalizadora,24-02-2025 00:00,Administração geral - Licitação,TO - Tocantins,13969037843,25-02-2025 17:41,13969142173,SEÇÃO DE PLANEJAMENTO E GESTÃO ORÇAMENTÁRIA,Informação,29-08-2025 17:36
0002345-62.2025.6.27.8000,13969044578,Compra de Switch de Borda e GBics para Zonas Eleitorais e anexos,10-03-2025 00:00,Administração geral - Licitação,TO - Tocantins,13969044578,17-03-2025 16:51,13969055032,SEÇÃO DE REDES E SEGURANÇA DE COMPUTADORES,Estudos Técnicos Preliminares - ETP,03-04-2025 18:29
0002345-62.2025.6.27.8000,13969044578,Compra de Switch de Borda e GBics para Zonas Eleitorais e anexos,10-03-2025 00:00,Administração geral - Licitação,TO - Tocantins,13969044578,17-03-2025 16:51,13969044580,SEÇÃO DE REDES E SEGURANÇA DE COMPUTADORES,Documento de Oficialização da Demanda - DOD,11-03-2025 14:14
0002345-62.2025.6.27.8000,13969044578,Compra de Switch de Borda e GBics para Zonas Eleitorais e anexos,10-03-2025 00:00,Administração geral - Licitação,TO - Tocantins,13969044578,17-03-2025 16:51,13969045490,COORDENADORIA DE SUPORTE E INFRA-ESTRUTURA,Memorando,13-03-2025 17:58
0002345-62.2025.6.27.8000,13969044578,Compra de Switch de Borda e GBics para Zonas Eleitorais e anexos,10-03-2025 00:00,Administração geral - Licitação,TO - Tocantins,13969044578,17-03-2025 16:51,13969048410,SECRETARIA DE ADMINISTRAÇÃO E ORÇAMENTO,Minuta,14-03-2025 17:26
0002345-62.2025.6.27.8000,13969044578,Compra de Switch de Borda e GBics para Zonas Eleitorais e anexos,10-03-2025 00:00,Administração geral - Licitação,TO - Tocantins,13969044578,17-03-2025 16:51,13969048840,DIRETORIA GERAL,Portaria,17-03-2025 10:57
0002345-62.2025.6.27.8000,13969044578,Compra de Switch de Borda e GBics para Zonas Eleitorais e anexos,10-03-2025 00:00,Administração geral - Licitação,TO - Tocantins,13969044578,17-03-2025 16:51,13969050985,SEÇÃO DE EDITORAÇÃO E PUBLICAÇÕES,Certidão,20-03-2025 13:44
0002345-62.2025.6.27.8000,13969044578,Compra de Switch de Borda e GBics para Zonas Eleitorais e anexos,10-03-2025 00:00,Administração geral - Licitação,TO - Tocantins,13969044578,17-03-2025 16:51,13969073402,SEÇÃO DE REDES E SEGURANÇA DE COMPUTADORES,Termo de Referência - TR,30-04-2025 00:00
0002689-43.2025.6.27.8000,13969050321,Aquisição de Solução de Firewall de perímetro para rede do Tribunal,18-03-2025 00:00,Tecnologia da Informação - Infraestrutura,TO - Tocantins,13969050321,10-04-2025 18:18,13969107505,SEÇÃO DE REDES E SEGURANÇA DE COMPUTADORES,Estudos Técnicos Preliminares - ETP,03-07-2025 00:00
0002689-43.2025.6.27.8000,13969050321,Aquisição de Solução de Firewall de perímetro para rede do Tribunal,18-03-2025 00:00,Tecnologia da Informação - Infraestrutura,TO - Tocantins,13969050321,10-04-2025 18:18,13969187357,SEÇÃO DE REDES E SEGURANÇA DE COMPUTADORES,Termo de Referência - TR,04-11-2025 00:00
0002689-43.2025.6.27.8000,13969050321,Aquisição de Solução de Firewall de perímetro para rede do Tribunal,18-03-2025 00:00,Tecnologia da Informação - Infraestrutura,TO - Tocantins,13969050321,10-04-2025 18:18,13969188291,ASSESSORIA JURÍDICA,Decisão,05-11-2025 12:52
0002689-43.2025.6.27.8000,13969050321,Aquisição de Solução de Firewall de perímetro para rede do Tribunal,18-03-2025 00:00,Tecnologia da Informação - Infraestrutura,TO - Tocantins,13969050321,10-04-2025 18:18,13969186090,ASSESSORIA JURÍDICA,Parecer,05-11-2025 12:58
0002689-43.2025.6.27.8000,13969050321,Aquisição de Solução de Firewall de perímetro para rede do Tribunal,18-03-2025 00:00,Tecnologia da Informação - Infraestrutura,TO - Tocantins,13969050321,10-04-2025 18:18,13969051270,COORDENADORIA DE SUPORTE E INFRA-ESTRUTURA,Memorando,09-04-2025 18:33
0002689-43.2025.6.27.8000,13969050321,Aquisição de Solução de Firewall de perímetro para rede do Tribunal,18-03-2025 00:00,Tecnologia da Informação - Infraestrutura,TO - Tocantins,13969050321,10-04-2025 18:18,13969063996,SECRETARIA DE ADMINISTRAÇÃO E ORÇAMENTO,Minuta,10-04-2025 11:17
0002689-43.2025.6.27.8000,13969050321,Aquisição de Solução de Firewall de perímetro para rede do Tribunal,18-03-2025 00:00,Tecnologia da Informação - Infraestrutura,TO - Tocantins,13969050321,10-04-2025 18:18,13969064076,DIRETORIA GERAL,Portaria,10-04-2025 13:18
0002689-43.2025.6.27.8000,13969050321,Aquisição de Solução de Firewall de perímetro para rede do Tribunal,18-03-2025 00:00,Tecnologia da Informação - Infraestrutura,TO - Tocantins,13969050321,10-04-2025 18:18,13969193413,SEÇÃO DE REDES E SEGURANÇA DE COMPUTADORES,Termo de Referência - TR,11-11-2025 00:00
0002689-43.2025.6.27.8000,13969050321,Aquisição de Solução de Firewall de perímetro para rede do Tribunal,18-03-2025 00:00,Tecnologia da Informação - Infraestrutura,TO - Tocantins,13969050321,10-04-2025 18:18,13969195411,SEÇÃO DE REDES E SEGURANÇA DE COMPUTADORES,Termo de Referência - TR,13-11-2025 00:00
0002689-43.2025.6.27.8000,13969050321,Aquisição de Solução de Firewall de perímetro para rede do Tribunal,18-03-2025 00:00,Tecnologia da Informação - Infraestrutura,TO - Tocantins,13969050321,10-04-2025 18:18,13969066092,SEÇÃO DE EDITORAÇÃO E PUBLICAÇÕES,Certidão,14-04-2025 13:24
0002689-43.2025.6.27.8000,13969050321,Aquisição de Solução de Firewall de perímetro para rede do Tribunal,18-03-2025 00:00,Tecnologia da Informação - Infraestrutura,TO - Tocantins,13969050321,10-04-2025 18:18,13969132157,SEÇÃO DE REDES E SEGURANÇA DE COMPUTADORES,Termo de Referência - TR,14-08-2025 00:00
0002689-43.2025.6.27.8000,13969050321,Aquisição de Solução de Firewall de perímetro para rede do Tribunal,18-03-2025 00:00,Tecnologia da Informação - Infraestrutura,TO - Tocantins,13969050321,10-04-2025 18:18,13969154546,SEÇÃO DE REDES E SEGURANÇA DE COMPUTADORES,Termo de Referência - TR,16-09-2025 00:00
0002689-43.2025.6.27.8000,13969050321,Aquisição de Solução de Firewall de perímetro para rede do Tribunal,18-03-2025 00:00,Tecnologia da Informação - Infraestrutura,TO - Tocantins,13969050321,10-04-2025 18:18,13969220808,COMISSAO PERMANENTE DE LICITACOES - CPL,Informação,17-12-2025 12:20
0002689-43.2025.6.27.8000,13969050321,Aquisição de Solução de Firewall de perímetro para rede do Tribunal,18-03-2025 00:00,Tecnologia da Informação - Infraestrutura,TO - Tocantins,13969050321,10-04-2025 18:18,13969050323,SEÇÃO DE REDES E SEGURANÇA DE COMPUTADORES,Documento de Oficialização da Demanda - DOD,18-03-2025 18:55
0002689-43.2025.6.27.8000,13969050321,Aquisição de Solução de Firewall de perímetro para rede do Tribunal,18-03-2025 00:00,Tecnologia da Informação - Infraestrutura,TO - Tocantins,13969050321,10-04-2025 18:18,13969221653,ASSESSORIA JURÍDICA,Parecer,18-12-2025 13:52
0002689-43.2025.6.27.8000,13969050321,Aquisição de Solução de Firewall de perímetro para rede do Tribunal,18-03-2025 00:00,Tecnologia da Informação - Infraestrutura,TO - Tocantins,13969050321,10-04-2025 18:18,13969221654,ASSESSORIA JURÍDICA,Decisão,18-12-2025 14:00
0002689-43.2025.6.27.8000,13969050321,Aquisição de Solução de Firewall de perímetro para rede do Tribunal,18-03-2025 00:00,Tecnologia da Informação - Infraestrutura,TO - Tocantins,13969050321,10-04-2025 18:18,13969222244,SEÇÃO DE LICITAÇÕES,Ata de Registro de Preços,18-12-2025 17:43
0002689-43.2025.6.27.8000,13969050321,Aquisição de Solução de Firewall de perímetro para rede do Tribunal,18-03-2025 00:00,Tecnologia da Informação - Infraestrutura,TO - Tocantins,13969050321,10-04-2025 18:18,13969222269,SECRETARIA DE ADMINISTRAÇÃO E ORÇAMENTO,Ofício,18-12-2025 17:54
0002689-43.2025.6.27.8000,13969050321,Aquisição de Solução de Firewall de perímetro para rede do Tribunal,18-03-2025 00:00,Tecnologia da Informação - Infraestrutura,TO - Tocantins,13969050321,10-04-2025 18:18,13969200008,SEÇÃO DE REDES E SEGURANÇA DE COMPUTADORES,Termo de Referência - TR,19-11-2025 00:00
0002689-43.2025.6.27.8000,13969050321,Aquisição de Solução de Firewall de perímetro para rede do Tribunal,18-03-2025 00:00,Tecnologia da Informação - Infraestrutura,TO - Tocantins,13969050321,10-04-2025 18:18,13969222525,SECRETARIA DE ADMINISTRAÇÃO E ORÇAMENTO,E-mail,19-12-2025 00:00
0002689-43.2025.6.27.8000,13969050321,Aquisição de Solução de Firewall de perímetro para rede do Tribunal,18-03-2025 00:00,Tecnologia da Informação - Infraestrutura,TO - Tocantins,13969050321,10-04-2025 18:18,13969179535,SEÇÃO DE ANÁLISE E COMPRAS,Informação,23-10-2025 10:16
0002689-43.2025.6.27.8000,13969050321,Aquisição de Solução de Firewall de perímetro para rede do Tribunal,18-03-2025 00:00,Tecnologia da Informação - Infraestrutura,TO - Tocantins,13969050321,10-04-2025 18:18,13969180103,SEÇÃO DE ANÁLISE E CONTABILIDADE,Informação,23-10-2025 14:10
0002689-43.2025.6.27.8000,13969050321,Aquisição de Solução de Firewall de perímetro para rede do Tribunal,18-03-2025 00:00,Tecnologia da Informação - Infraestrutura,TO - Tocantins,13969050321,10-04-2025 18:18,13969180134,SEÇÃO DE PLANEJAMENTO E GESTÃO ORÇAMENTÁRIA,Informação,23-10-2025 14:26
0002689-43.2025.6.27.8000,13969050321,Aquisição de Solução de Firewall de perímetro para rede do Tribunal,18-03-2025 00:00,Tecnologia da Informação - Infraestrutura,TO - Tocantins,13969050321,10-04-2025 18:18,13969137649,SEÇÃO DE REDES E SEGURANÇA DE COMPUTADORES,Gerenciamento de Riscos de Contratações,25-08-2025 11:19
0002689-43.2025.6.27.8000,13969050321,Aquisição de Solução de Firewall de perímetro para rede do Tribunal,18-03-2025 00:00,Tecnologia da Informação - Infraestrutura,TO - Tocantins,13969050321,10-04-2025 18:18,13969184823,SEÇÃO DE REDES E SEGURANÇA DE COMPUTADORES,Termo de Referência - TR,30-10-2025 00:00
0003553-81.2025.6.27.8000,13969065284,Assinatura da ABNT 2025,11-04-2025 00:00,Administração geral - Gestão de contratos,TO - Tocantins,13969065284,22-04-2025 14:08,13969143223,SEÇÃO DE ANÁLISE E COMPRAS,E-mail,01-09-2025 00:00
0003553-81.2025.6.27.8000,13969065284,Assinatura da ABNT 2025,11-04-2025 00:00,Administração geral - Gestão de contratos,TO - Tocantins,13969065284,22-04-2025 14:08,13969143088,SEÇÃO DE ANÁLISE E COMPRAS,Ofício,01-09-2025 15:03
0003553-81.2025.6.27.8000,13969065284,Assinatura da ABNT 2025,11-04-2025 00:00,Administração geral - Gestão de contratos,TO - Tocantins,13969065284,22-04-2025 14:08,13969144397,SEÇÃO DE ANÁLISE E COMPRAS,E-mail,02-09-2025 00:00
0003553-81.2025.6.27.8000,13969065284,Assinatura da ABNT 2025,11-04-2025 00:00,Administração geral - Gestão de contratos,TO - Tocantins,13969065284,22-04-2025 14:08,13969144253,SEÇÃO DE ANÁLISE E COMPRAS,E-mail,02-09-2025 00:00
0003553-81.2025.6.27.8000,13969065284,Assinatura da ABNT 2025,11-04-2025 00:00,Administração geral - Gestão de contratos,TO - Tocantins,13969065284,22-04-2025 14:08,13969145797,"SEÇÃO DE BIBLIOTECA,MEMÓRIA E ARQUIVO",Atesto,04-09-2025 17:51
0003553-81.2025.6.27.8000,13969065284,Assinatura da ABNT 2025,11-04-2025 00:00,Administração geral - Gestão de contratos,TO - Tocantins,13969065284,22-04-2025 14:08,13969147403,SEÇÃO DE ANÁLISE E CONTABILIDADE,Informação,05-09-2025 13:08
0003553-81.2025.6.27.8000,13969065284,Assinatura da ABNT 2025,11-04-2025 00:00,Administração geral - Gestão de contratos,TO - Tocantins,13969065284,22-04-2025 14:08,13969150019,"SEÇÃO DE BIBLIOTECA,MEMÓRIA E ARQUIVO",E-mail,10-09-2025 00:00
0003553-81.2025.6.27.8000,13969065284,Assinatura da ABNT 2025,11-04-2025 00:00,Administração geral - Gestão de contratos,TO - Tocantins,13969065284,22-04-2025 14:08,13969149937,"SEÇÃO DE BIBLIOTECA,MEMÓRIA E ARQUIVO",E-mail,10-09-2025 00:00
0003553-81.2025.6.27.8000,13969065284,Assinatura da ABNT 2025,11-04-2025 00:00,Administração geral - Gestão de contratos,TO - Tocantins,13969065284,22-04-2025 14:08,13969129381,SEÇÃO DE ANÁLISE E COMPRAS,Informação,13-08-2025 13:53
0003553-81.2025.6.27.8000,13969065284,Assinatura da ABNT 2025,11-04-2025 00:00,Administração geral - Gestão de contratos,TO - Tocantins,13969065284,22-04-2025 14:08,13969131708,SEÇÃO DE ANÁLISE E CONTABILIDADE,Informação,14-08-2025 15:08
0003553-81.2025.6.27.8000,13969065284,Assinatura da ABNT 2025,11-04-2025 00:00,Administração geral - Gestão de contratos,TO - Tocantins,13969065284,22-04-2025 14:08,13969131726,SEÇÃO DE PLANEJAMENTO E GESTÃO ORÇAMENTÁRIA,Informação,14-08-2025 16:34
0003553-81.2025.6.27.8000,13969065284,Assinatura da ABNT 2025,11-04-2025 00:00,Administração geral - Gestão de contratos,TO - Tocantins,13969065284,22-04-2025 14:08,13969065292,"SEÇÃO DE BIBLIOTECA,MEMÓRIA E ARQUIVO",Documento de Oficialização da Demanda - DOD,15-04-2025 13:04
0003553-81.2025.6.27.8000,13969065284,Assinatura da ABNT 2025,11-04-2025 00:00,Administração geral - Gestão de contratos,TO - Tocantins,13969065284,22-04-2025 14:08,13969136091,SECRETARIA DE ADMINISTRAÇÃO E ORÇAMENTO,Decisão,21-08-2025 11:33
0003553-81.2025.6.27.8000,13969065284,Assinatura da ABNT 2025,11-04-2025 00:00,Administração geral - Gestão de contratos,TO - Tocantins,13969065284,22-04-2025 14:08,13969068984,"SEÇÃO DE BIBLIOTECA,MEMÓRIA E ARQUIVO",Termo de Referência - TR,22-04-2025 00:00
0003553-81.2025.6.27.8000,13969065284,Assinatura da ABNT 2025,11-04-2025 00:00,Administração geral - Gestão de contratos,TO - Tocantins,13969065284,22-04-2025 14:08,13969068972,"SEÇÃO DE BIBLIOTECA,MEMÓRIA E ARQUIVO",Estudos Técnicos Preliminares - ETP,22-04-2025 17:51
0003553-81.2025.6.27.8000,13969065284,Assinatura da ABNT 2025,11-04-2025 00:00,Administração geral - Gestão de contratos,TO - Tocantins,13969065284,22-04-2025 14:08,13969068983,"SEÇÃO DE BIBLIOTECA,MEMÓRIA E ARQUIVO",Gerenciamento de Riscos de Contratações,22-04-2025 18:06
0003553-81.2025.6.27.8000,13969065284,Assinatura da ABNT 2025,11-04-2025 00:00,Administração geral - Gestão de contratos,TO - Tocantins,13969065284,22-04-2025 14:08,13969085404,"SEÇÃO DE BIBLIOTECA,MEMÓRIA E ARQUIVO",Termo de Referência - TR,23-05-2025 00:00
0003553-81.2025.6.27.8000,13969065284,Assinatura da ABNT 2025,11-04-2025 00:00,Administração geral - Gestão de contratos,TO - Tocantins,13969065284,22-04-2025 14:08,13969085383,"SEÇÃO DE BIBLIOTECA,MEMÓRIA E ARQUIVO",Gerenciamento de Riscos de Contratações,23-05-2025 17:09
0003553-81.2025.6.27.8000,13969065284,Assinatura da ABNT 2025,11-04-2025 00:00,Administração geral - Gestão de contratos,TO - Tocantins,13969065284,22-04-2025 14:08,13969140396,ASSESSORIA JURÍDICA,Parecer,27-08-2025 20:03
0003553-81.2025.6.27.8000,13969065284,Assinatura da ABNT 2025,11-04-2025 00:00,Administração geral - Gestão de contratos,TO - Tocantins,13969065284,22-04-2025 14:08,13969140641,ASSESSORIA JURÍDICA,Decisão,27-08-2025 20:06
0003553-81.2025.6.27.8000,13969065284,Assinatura da ABNT 2025,11-04-2025 00:00,Administração geral - Gestão de contratos,TO - Tocantins,13969065284,22-04-2025 14:08,13969142313,SECRETARIA DE ADMINISTRAÇÃO E ORÇAMENTO,Decisão,29-08-2025 17:33
0003553-81.2025.6.27.8000,13969065284,Assinatura da ABNT 2025,11-04-2025 00:00,Administração geral - Gestão de contratos,TO - Tocantins,13969065284,22-04-2025 14:08,13969089449,"SEÇÃO DE BIBLIOTECA,MEMÓRIA E ARQUIVO",Termo de Referência - TR,30-05-2025 00:00
0003630-90.2025.6.27.8000,13969067058,Assinatura de Sistema de Banco de Preços,15-04-2025 00:00,Administração geral - Gestão de contratos,TO - Tocantins,13969067058,22-07-2025 18:47,13969108189,SEÇÃO DE ANÁLISE E COMPRAS,Informação,04-07-2025 12:06
0003630-90.2025.6.27.8000,13969067058,Assinatura de Sistema de Banco de Preços,15-04-2025 00:00,Administração geral - Gestão de contratos,TO - Tocantins,13969067058,22-07-2025 18:47,13969108397,SEÇÃO DE ANÁLISE E CONTABILIDADE,Informação,04-07-2025 14:31
0003630-90.2025.6.27.8000,13969067058,Assinatura de Sistema de Banco de Preços,15-04-2025 00:00,Administração geral - Gestão de contratos,TO - Tocantins,13969067058,22-07-2025 18:47,13969109139,SEÇÃO DE PLANEJAMENTO E GESTÃO ORÇAMENTÁRIA,Informação,07-07-2025 12:02
0003630-90.2025.6.27.8000,13969067058,Assinatura de Sistema de Banco de Preços,15-04-2025 00:00,Administração geral - Gestão de contratos,TO - Tocantins,13969067058,22-07-2025 18:47,13969113353,SECRETARIA DE ADMINISTRAÇÃO E ORÇAMENTO,Decisão,14-07-2025 10:19
0003630-90.2025.6.27.8000,13969067058,Assinatura de Sistema de Banco de Preços,15-04-2025 00:00,Administração geral - Gestão de contratos,TO - Tocantins,13969067058,22-07-2025 18:47,13969067059,"SEÇÃO DE BIBLIOTECA,MEMÓRIA E ARQUIVO",Documento de Oficialização da Demanda - DOD,15-04-2025 12:56
0003630-90.2025.6.27.8000,13969067058,Assinatura de Sistema de Banco de Preços,15-04-2025 00:00,Administração geral - Gestão de contratos,TO - Tocantins,13969067058,22-07-2025 18:47,13969117875,ASSESSORIA JURÍDICA,Parecer,21-07-2025 13:32
0003630-90.2025.6.27.8000,13969067058,Assinatura de Sistema de Banco de Preços,15-04-2025 00:00,Administração geral - Gestão de contratos,TO - Tocantins,13969067058,22-07-2025 18:47,13969117965,ASSESSORIA JURÍDICA,Decisão,21-07-2025 13:36
0003630-90.2025.6.27.8000,13969067058,Assinatura de Sistema de Banco de Preços,15-04-2025 00:00,Administração geral - Gestão de contratos,TO - Tocantins,13969067058,22-07-2025 18:47,13969069017,"SEÇÃO DE BIBLIOTECA,MEMÓRIA E ARQUIVO",Termo de Referência - TR,22-04-2025 00:00
0003630-90.2025.6.27.8000,13969067058,Assinatura de Sistema de Banco de Preços,15-04-2025 00:00,Administração geral - Gestão de contratos,TO - Tocantins,13969067058,22-07-2025 18:47,13969069007,"SEÇÃO DE BIBLIOTECA,MEMÓRIA E ARQUIVO",Estudos Técnicos Preliminares - ETP,22-04-2025 18:32
0003630-90.2025.6.27.8000,13969067058,Assinatura de Sistema de Banco de Preços,15-04-2025 00:00,Administração geral - Gestão de contratos,TO - Tocantins,13969067058,22-07-2025 18:47,13969069013,"SEÇÃO DE BIBLIOTECA,MEMÓRIA E ARQUIVO",Gerenciamento de Riscos de Contratações,22-04-2025 18:37
0003630-90.2025.6.27.8000,13969067058,Assinatura de Sistema de Banco de Preços,15-04-2025 00:00,Administração geral - Gestão de contratos,TO - Tocantins,13969067058,22-07-2025 18:47,13969137716,"SEÇÃO DE BIBLIOTECA,MEMÓRIA E ARQUIVO",Atesto,22-08-2025 17:06
0003630-90.2025.6.27.8000,13969067058,Assinatura de Sistema de Banco de Preços,15-04-2025 00:00,Administração geral - Gestão de contratos,TO - Tocantins,13969067058,22-07-2025 18:47,13969085200,"SEÇÃO DE BIBLIOTECA,MEMÓRIA E ARQUIVO",Termo de Referência - TR,23-05-2025 00:00
0003630-90.2025.6.27.8000,13969067058,Assinatura de Sistema de Banco de Preços,15-04-2025 00:00,Administração geral - Gestão de contratos,TO - Tocantins,13969067058,22-07-2025 18:47,13969119720,SEÇÃO DE ANÁLISE E COMPRAS,E-mail,23-07-2025 00:00
0003630-90.2025.6.27.8000,13969067058,Assinatura de Sistema de Banco de Preços,15-04-2025 00:00,Administração geral - Gestão de contratos,TO - Tocantins,13969067058,22-07-2025 18:47,13969119679,SEÇÃO DE ANÁLISE E COMPRAS,Ofício,23-07-2025 17:24
0003630-90.2025.6.27.8000,13969067058,Assinatura de Sistema de Banco de Preços,15-04-2025 00:00,Administração geral - Gestão de contratos,TO - Tocantins,13969067058,22-07-2025 18:47,13969119933,SEÇÃO DE ANÁLISE E COMPRAS,E-mail,24-07-2025 00:00
0003630-90.2025.6.27.8000,13969067058,Assinatura de Sistema de Banco de Preços,15-04-2025 00:00,Administração geral - Gestão de contratos,TO - Tocantins,13969067058,22-07-2025 18:47,13969119939,SEÇÃO DE ANÁLISE E COMPRAS,E-mail,24-07-2025 00:00
0003630-90.2025.6.27.8000,13969067058,Assinatura de Sistema de Banco de Preços,15-04-2025 00:00,Administração geral - Gestão de contratos,TO - Tocantins,13969067058,22-07-2025 18:47,13969138135,SEÇÃO DE ANÁLISE E CONTABILIDADE,Informação,25-08-2025 13:23
0003630-90.2025.6.27.8000,13969067058,Assinatura de Sistema de Banco de Preços,15-04-2025 00:00,Administração geral - Gestão de contratos,TO - Tocantins,13969067058,22-07-2025 18:47,13969089407,"SEÇÃO DE BIBLIOTECA,MEMÓRIA E ARQUIVO",Termo de Referência - TR,30-05-2025 00:00
0003631-75.2025.6.27.8000,13969067077,Guia Farmacêutico Brasíndice,15-04-2025 00:00,Administração geral - Gestão de contratos,TO - Tocantins,13969067077,25-06-2025 17:30,13969106136,SEÇÃO DE ANÁLISE E COMPRAS,E-mail,01-07-2025 00:00
0003631-75.2025.6.27.8000,13969067077,Guia Farmacêutico Brasíndice,15-04-2025 00:00,Administração geral - Gestão de contratos,TO - Tocantins,13969067077,25-06-2025 17:30,13969105733,SEÇÃO DE ANÁLISE E COMPRAS,E-mail,01-07-2025 00:00
0003631-75.2025.6.27.8000,13969067077,Guia Farmacêutico Brasíndice,15-04-2025 00:00,Administração geral - Gestão de contratos,TO - Tocantins,13969067077,25-06-2025 17:30,13969095096,SEÇÃO DE ANÁLISE E COMPRAS,Informação,10-06-2025 09:37
0003631-75.2025.6.27.8000,13969067077,Guia Farmacêutico Brasíndice,15-04-2025 00:00,Administração geral - Gestão de contratos,TO - Tocantins,13969067077,25-06-2025 17:30,13969097064,SEÇÃO DE ANÁLISE E CONTABILIDADE,Informação,11-06-2025 17:22
0003631-75.2025.6.27.8000,13969067077,Guia Farmacêutico Brasíndice,15-04-2025 00:00,Administração geral - Gestão de contratos,TO - Tocantins,13969067077,25-06-2025 17:30,13969097480,SEÇÃO DE PLANEJAMENTO E GESTÃO ORÇAMENTÁRIA,Informação,12-06-2025 14:33
0003631-75.2025.6.27.8000,13969067077,Guia Farmacêutico Brasíndice,15-04-2025 00:00,Administração geral - Gestão de contratos,TO - Tocantins,13969067077,25-06-2025 17:30,13969067078,"SEÇÃO DE BIBLIOTECA,MEMÓRIA E ARQUIVO",Documento de Oficialização da Demanda - DOD,15-04-2025 14:05
0003631-75.2025.6.27.8000,13969067077,Guia Farmacêutico Brasíndice,15-04-2025 00:00,Administração geral - Gestão de contratos,TO - Tocantins,13969067077,25-06-2025 17:30,13969114740,"SEÇÃO DE BIBLIOTECA,MEMÓRIA E ARQUIVO",Atesto,15-07-2025 14:47
0003631-75.2025.6.27.8000,13969067077,Guia Farmacêutico Brasíndice,15-04-2025 00:00,Administração geral - Gestão de contratos,TO - Tocantins,13969067077,25-06-2025 17:30,13969099567,SECRETARIA DE ADMINISTRAÇÃO E ORÇAMENTO,Decisão,17-06-2025 14:47
0003631-75.2025.6.27.8000,13969067077,Guia Farmacêutico Brasíndice,15-04-2025 00:00,Administração geral - Gestão de contratos,TO - Tocantins,13969067077,25-06-2025 17:30,13969069046,"SEÇÃO DE BIBLIOTECA,MEMÓRIA E ARQUIVO",Termo de Referência - TR,22-04-2025 00:00
0003631-75.2025.6.27.8000,13969067077,Guia Farmacêutico Brasíndice,15-04-2025 00:00,Administração geral - Gestão de contratos,TO - Tocantins,13969067077,25-06-2025 17:30,13969069038,"SEÇÃO DE BIBLIOTECA,MEMÓRIA E ARQUIVO",Estudos Técnicos Preliminares - ETP,22-04-2025 18:51
0003631-75.2025.6.27.8000,13969067077,Guia Farmacêutico Brasíndice,15-04-2025 00:00,Administração geral - Gestão de contratos,TO - Tocantins,13969067077,25-06-2025 17:30,13969085103,"SEÇÃO DE BIBLIOTECA,MEMÓRIA E ARQUIVO",Termo de Referência - TR,22-05-2025 00:00
0003631-75.2025.6.27.8000,13969067077,Guia Farmacêutico Brasíndice,15-04-2025 00:00,Administração geral - Gestão de contratos,TO - Tocantins,13969067077,25-06-2025 17:30,13969118159,SEÇÃO DE ANÁLISE E CONTABILIDADE,Informação,22-07-2025 10:08
0003631-75.2025.6.27.8000,13969067077,Guia Farmacêutico Brasíndice,15-04-2025 00:00,Administração geral - Gestão de contratos,TO - Tocantins,13969067077,25-06-2025 17:30,13969069042,"SEÇÃO DE BIBLIOTECA,MEMÓRIA E ARQUIVO",Gerenciamento de Riscos de Contratações,23-05-2025 17:08
0003631-75.2025.6.27.8000,13969067077,Guia Farmacêutico Brasíndice,15-04-2025 00:00,Administração geral - Gestão de contratos,TO - Tocantins,13969067077,25-06-2025 17:30,13969102139,ASSESSORIA JURÍDICA,Decisão,24-06-2025 16:09
0003631-75.2025.6.27.8000,13969067077,Guia Farmacêutico Brasíndice,15-04-2025 00:00,Administração geral - Gestão de contratos,TO - Tocantins,13969067077,25-06-2025 17:30,13969102010,ASSESSORIA JURÍDICA,Parecer,24-06-2025 17:18
0003631-75.2025.6.27.8000,13969067077,Guia Farmacêutico Brasíndice,15-04-2025 00:00,Administração geral - Gestão de contratos,TO - Tocantins,13969067077,25-06-2025 17:30,13969088155,"SEÇÃO DE BIBLIOTECA,MEMÓRIA E ARQUIVO",Termo de Referência - TR,28-05-2025 00:00
0003631-75.2025.6.27.8000,13969067077,Guia Farmacêutico Brasíndice,15-04-2025 00:00,Administração geral - Gestão de contratos,TO - Tocantins,13969067077,25-06-2025 17:30,13969090074,SEÇÃO DE LICITAÇÕES,Termo de Referência - TR,30-05-2025 00:00
0003631-75.2025.6.27.8000,13969067077,Guia Farmacêutico Brasíndice,15-04-2025 00:00,Administração geral - Gestão de contratos,TO - Tocantins,13969067077,25-06-2025 17:30,13969104940,SEÇÃO DE ANÁLISE E COMPRAS,E-mail,30-06-2025 00:00
0003631-75.2025.6.27.8000,13969067077,Guia Farmacêutico Brasíndice,15-04-2025 00:00,Administração geral - Gestão de contratos,TO - Tocantins,13969067077,25-06-2025 17:30,13969104784,SEÇÃO DE ANÁLISE E COMPRAS,Ofício,30-06-2025 14:44
0003643-89.2025.6.27.8000,13969067326,Assinatura de Jornal Digital,15-04-2025 00:00,Administração geral - Gestão de contratos,TO - Tocantins,13969067326,25-07-2025 18:21,13969148043,"SEÇÃO DE BIBLIOTECA,MEMÓRIA E ARQUIVO",Atesto,05-09-2025 18:27
0003643-89.2025.6.27.8000,13969067326,Assinatura de Jornal Digital,15-04-2025 00:00,Administração geral - Gestão de contratos,TO - Tocantins,13969067326,25-07-2025 18:21,13969169468,SECRETARIA DE ADMINISTRAÇÃO E ORÇAMENTO,E-mail,07-10-2025 00:00
0003643-89.2025.6.27.8000,13969067326,Assinatura de Jornal Digital,15-04-2025 00:00,Administração geral - Gestão de contratos,TO - Tocantins,13969067326,25-07-2025 18:21,13969168895,SECRETARIA DE ADMINISTRAÇÃO E ORÇAMENTO,Mandado de Notificação,07-10-2025 11:30
0003643-89.2025.6.27.8000,13969067326,Assinatura de Jornal Digital,15-04-2025 00:00,Administração geral - Gestão de contratos,TO - Tocantins,13969067326,25-07-2025 18:21,13969148498,SEÇÃO DE ANÁLISE E CONTABILIDADE,Informação,09-09-2025 14:19
0003643-89.2025.6.27.8000,13969067326,Assinatura de Jornal Digital,15-04-2025 00:00,Administração geral - Gestão de contratos,TO - Tocantins,13969067326,25-07-2025 18:21,13969067329,"SEÇÃO DE BIBLIOTECA,MEMÓRIA E ARQUIVO",Documento de Oficialização da Demanda - DOD,15-04-2025 14:58
0003643-89.2025.6.27.8000,13969067326,Assinatura de Jornal Digital,15-04-2025 00:00,Administração geral - Gestão de contratos,TO - Tocantins,13969067326,25-07-2025 18:21,13969153827,SEÇÃO DE ANÁLISE E CONTABILIDADE,Informação,16-09-2025 14:50
0003643-89.2025.6.27.8000,13969067326,Assinatura de Jornal Digital,15-04-2025 00:00,Administração geral - Gestão de contratos,TO - Tocantins,13969067326,25-07-2025 18:21,13969155469,"SEÇÃO DE BIBLIOTECA,MEMÓRIA E ARQUIVO",E-mail,17-09-2025 00:00
0003643-89.2025.6.27.8000,13969067326,Assinatura de Jornal Digital,15-04-2025 00:00,Administração geral - Gestão de contratos,TO - Tocantins,13969067326,25-07-2025 18:21,13969117837,SEÇÃO DE ANÁLISE E COMPRAS,Informação,21-07-2025 14:20
0003643-89.2025.6.27.8000,13969067326,Assinatura de Jornal Digital,15-04-2025 00:00,Administração geral - Gestão de contratos,TO - Tocantins,13969067326,25-07-2025 18:21,13969118185,SEÇÃO DE ANÁLISE E CONTABILIDADE,Informação,21-07-2025 16:09
0003643-89.2025.6.27.8000,13969067326,Assinatura de Jornal Digital,15-04-2025 00:00,Administração geral - Gestão de contratos,TO - Tocantins,13969067326,25-07-2025 18:21,13969118292,SEÇÃO DE PLANEJAMENTO E GESTÃO ORÇAMENTÁRIA,Informação,21-07-2025 17:23
0003643-89.2025.6.27.8000,13969067326,Assinatura de Jornal Digital,15-04-2025 00:00,Administração geral - Gestão de contratos,TO - Tocantins,13969067326,25-07-2025 18:21,13969069299,"SEÇÃO DE BIBLIOTECA,MEMÓRIA E ARQUIVO",Termo de Referência - TR,23-04-2025 00:00
0003643-89.2025.6.27.8000,13969067326,Assinatura de Jornal Digital,15-04-2025 00:00,Administração geral - Gestão de contratos,TO - Tocantins,13969067326,25-07-2025 18:21,13969069282,"SEÇÃO DE BIBLIOTECA,MEMÓRIA E ARQUIVO",Estudos Técnicos Preliminares - ETP,23-04-2025 11:42
0003643-89.2025.6.27.8000,13969067326,Assinatura de Jornal Digital,15-04-2025 00:00,Administração geral - Gestão de contratos,TO - Tocantins,13969067326,25-07-2025 18:21,13969069295,"SEÇÃO DE BIBLIOTECA,MEMÓRIA E ARQUIVO",Gerenciamento de Riscos de Contratações,23-04-2025 11:52
0003643-89.2025.6.27.8000,13969067326,Assinatura de Jornal Digital,15-04-2025 00:00,Administração geral - Gestão de contratos,TO - Tocantins,13969067326,25-07-2025 18:21,13969119447,SECRETARIA DE ADMINISTRAÇÃO E ORÇAMENTO,Decisão,23-07-2025 15:41
0003643-89.2025.6.27.8000,13969067326,Assinatura de Jornal Digital,15-04-2025 00:00,Administração geral - Gestão de contratos,TO - Tocantins,13969067326,25-07-2025 18:21,13969120309,ASSESSORIA JURÍDICA,Parecer,25-07-2025 14:22
0003643-89.2025.6.27.8000,13969067326,Assinatura de Jornal Digital,15-04-2025 00:00,Administração geral - Gestão de contratos,TO - Tocantins,13969067326,25-07-2025 18:21,13969120310,ASSESSORIA JURÍDICA,Decisão,25-07-2025 14:47
0003643-89.2025.6.27.8000,13969067326,Assinatura de Jornal Digital,15-04-2025 00:00,Administração geral - Gestão de contratos,TO - Tocantins,13969067326,25-07-2025 18:21,13969086047,"SEÇÃO DE BIBLIOTECA,MEMÓRIA E ARQUIVO",Termo de Referência - TR,26-05-2025 00:00
0003643-89.2025.6.27.8000,13969067326,Assinatura de Jornal Digital,15-04-2025 00:00,Administração geral - Gestão de contratos,TO - Tocantins,13969067326,25-07-2025 18:21,13969121257,SEÇÃO DE ANÁLISE E COMPRAS,E-mail,28-07-2025 00:00
0003643-89.2025.6.27.8000,13969067326,Assinatura de Jornal Digital,15-04-2025 00:00,Administração geral - Gestão de contratos,TO - Tocantins,13969067326,25-07-2025 18:21,13969121233,SEÇÃO DE ANÁLISE E COMPRAS,Ofício,28-07-2025 15:28
0003643-89.2025.6.27.8000,13969067326,Assinatura de Jornal Digital,15-04-2025 00:00,Administração geral - Gestão de contratos,TO - Tocantins,13969067326,25-07-2025 18:21,13969121715,SEÇÃO DE ANÁLISE E COMPRAS,E-mail,29-07-2025 00:00
0003643-89.2025.6.27.8000,13969067326,Assinatura de Jornal Digital,15-04-2025 00:00,Administração geral - Gestão de contratos,TO - Tocantins,13969067326,25-07-2025 18:21,13969089352,"SEÇÃO DE BIBLIOTECA,MEMÓRIA E ARQUIVO",Termo de Referência - TR,30-05-2025 00:00
0003643-89.2025.6.27.8000,13969067326,Assinatura de Jornal Digital,15-04-2025 00:00,Administração geral - Gestão de contratos,TO - Tocantins,13969067326,25-07-2025 18:21,13969122441,SEÇÃO DE ANÁLISE E COMPRAS,E-mail,30-07-2025 00:00
0003648-14.2025.6.27.8000,13969067482,Orientação por Escrito em Licitações e Contratações Públicas.,15-04-2025 00:00,Administração geral - Gestão de contratos,TO - Tocantins,13969067482,22-04-2025 14:12,13969210283,SEÇÃO DE ANÁLISE E COMPRAS,Informação,04-12-2025 11:01
0003648-14.2025.6.27.8000,13969067482,Orientação por Escrito em Licitações e Contratações Públicas.,15-04-2025 00:00,Administração geral - Gestão de contratos,TO - Tocantins,13969067482,22-04-2025 14:12,13969211024,SEÇÃO DE ANÁLISE E CONTABILIDADE,Informação,04-12-2025 16:56
0003648-14.2025.6.27.8000,13969067482,Orientação por Escrito em Licitações e Contratações Públicas.,15-04-2025 00:00,Administração geral - Gestão de contratos,TO - Tocantins,13969067482,22-04-2025 14:12,13969211387,SEÇÃO DE PLANEJAMENTO E GESTÃO ORÇAMENTÁRIA,Informação,05-12-2025 10:01
0003648-14.2025.6.27.8000,13969067482,Orientação por Escrito em Licitações e Contratações Públicas.,15-04-2025 00:00,Administração geral - Gestão de contratos,TO - Tocantins,13969067482,22-04-2025 14:12,13969211538,SEÇÃO DE PLANEJAMENTO E GESTÃO ORÇAMENTÁRIA,Informação,05-12-2025 11:38
0003648-14.2025.6.27.8000,13969067482,Orientação por Escrito em Licitações e Contratações Públicas.,15-04-2025 00:00,Administração geral - Gestão de contratos,TO - Tocantins,13969067482,22-04-2025 14:12,13969226785,"SEÇÃO DE BIBLIOTECA,MEMÓRIA E ARQUIVO",E-mail,08-01-2026 00:00
0003648-14.2025.6.27.8000,13969067482,Orientação por Escrito em Licitações e Contratações Públicas.,15-04-2025 00:00,Administração geral - Gestão de contratos,TO - Tocantins,13969067482,22-04-2025 14:12,13969067523,"SEÇÃO DE BIBLIOTECA,MEMÓRIA E ARQUIVO",Documento de Oficialização da Demanda - DOD,15-04-2025 16:08
0003648-14.2025.6.27.8000,13969067482,Orientação por Escrito em Licitações e Contratações Públicas.,15-04-2025 00:00,Administração geral - Gestão de contratos,TO - Tocantins,13969067482,22-04-2025 14:12,13969217754,ASSESSORIA JURÍDICA,Parecer,15-12-2025 14:25
0003648-14.2025.6.27.8000,13969067482,Orientação por Escrito em Licitações e Contratações Públicas.,15-04-2025 00:00,Administração geral - Gestão de contratos,TO - Tocantins,13969067482,22-04-2025 14:12,13969218390,ASSESSORIA JURÍDICA,Decisão,15-12-2025 14:25
0003648-14.2025.6.27.8000,13969067482,Orientação por Escrito em Licitações e Contratações Públicas.,15-04-2025 00:00,Administração geral - Gestão de contratos,TO - Tocantins,13969067482,22-04-2025 14:12,13969221112,SEÇÃO DE ANÁLISE E COMPRAS,E-mail,17-12-2025 00:00
0003648-14.2025.6.27.8000,13969067482,Orientação por Escrito em Licitações e Contratações Públicas.,15-04-2025 00:00,Administração geral - Gestão de contratos,TO - Tocantins,13969067482,22-04-2025 14:12,13969220897,SEÇÃO DE ANÁLISE E COMPRAS,Ofício,17-12-2025 13:39
0003648-14.2025.6.27.8000,13969067482,Orientação por Escrito em Licitações e Contratações Públicas.,15-04-2025 00:00,Administração geral - Gestão de contratos,TO - Tocantins,13969067482,22-04-2025 14:12,13969221407,"SEÇÃO DE BIBLIOTECA,MEMÓRIA E ARQUIVO",Atesto,17-12-2025 18:08
0003648-14.2025.6.27.8000,13969067482,Orientação por Escrito em Licitações e Contratações Públicas.,15-04-2025 00:00,Administração geral - Gestão de contratos,TO - Tocantins,13969067482,22-04-2025 14:12,13969222241,SEÇÃO DE ANÁLISE E CONTABILIDADE,Informação,18-12-2025 17:57
0003648-14.2025.6.27.8000,13969067482,Orientação por Escrito em Licitações e Contratações Públicas.,15-04-2025 00:00,Administração geral - Gestão de contratos,TO - Tocantins,13969067482,22-04-2025 14:12,13969069053,"SEÇÃO DE BIBLIOTECA,MEMÓRIA E ARQUIVO",Termo de Referência - TR,22-04-2025 00:00
0003648-14.2025.6.27.8000,13969067482,Orientação por Escrito em Licitações e Contratações Públicas.,15-04-2025 00:00,Administração geral - Gestão de contratos,TO - Tocantins,13969067482,22-04-2025 14:12,13969069049,"SEÇÃO DE BIBLIOTECA,MEMÓRIA E ARQUIVO",Estudos Técnicos Preliminares - ETP,22-04-2025 19:02
0003648-14.2025.6.27.8000,13969067482,Orientação por Escrito em Licitações e Contratações Públicas.,15-04-2025 00:00,Administração geral - Gestão de contratos,TO - Tocantins,13969067482,22-04-2025 14:12,13969069051,"SEÇÃO DE BIBLIOTECA,MEMÓRIA E ARQUIVO",Gerenciamento de Riscos de Contratações,23-05-2025 17:54
0003648-14.2025.6.27.8000,13969067482,Orientação por Escrito em Licitações e Contratações Públicas.,15-04-2025 00:00,Administração geral - Gestão de contratos,TO - Tocantins,13969067482,22-04-2025 14:12,13969141966,"SEÇÃO DE BIBLIOTECA,MEMÓRIA E ARQUIVO",Termo de Referência - TR,29-08-2025 00:00
0003806-69.2025.6.27.8000,13969070453,Contratação Lavanderia Agua Limpa. Togas e becas.  Seara,24-04-2025 00:00,Serviços - Solicitação de serviço,TO - Tocantins,13969070453,28-07-2025 16:00,13969105004,SEÇÃO DE ANÁLISE E COMPRAS,Informação,01-07-2025 11:51
0003806-69.2025.6.27.8000,13969070453,Contratação Lavanderia Agua Limpa. Togas e becas.  Seara,24-04-2025 00:00,Serviços - Solicitação de serviço,TO - Tocantins,13969070453,28-07-2025 16:00,13969107020,SEÇÃO DE ANÁLISE E CONTABILIDADE,Informação,02-07-2025 16:22
0003806-69.2025.6.27.8000,13969070453,Contratação Lavanderia Agua Limpa. Togas e becas.  Seara,24-04-2025 00:00,Serviços - Solicitação de serviço,TO - Tocantins,13969070453,28-07-2025 16:00,13969107469,SEÇÃO DE PLANEJAMENTO E GESTÃO ORÇAMENTÁRIA,Informação,03-07-2025 15:12
0003806-69.2025.6.27.8000,13969070453,Contratação Lavanderia Agua Limpa. Togas e becas.  Seara,24-04-2025 00:00,Serviços - Solicitação de serviço,TO - Tocantins,13969070453,28-07-2025 16:00,13969092503,SEÇÃO DE CONTRATOS,Minuta,04-06-2025 14:50
0003806-69.2025.6.27.8000,13969070453,Contratação Lavanderia Agua Limpa. Togas e becas.  Seara,24-04-2025 00:00,Serviços - Solicitação de serviço,TO - Tocantins,13969070453,28-07-2025 16:00,13969075645,"SEÇÃO DE ACÓRDÃOS, RESOLUÇÕES E APOIO AO PLENO",Termo de Referência - TR,06-05-2025 00:00
0003806-69.2025.6.27.8000,13969070453,Contratação Lavanderia Agua Limpa. Togas e becas.  Seara,24-04-2025 00:00,Serviços - Solicitação de serviço,TO - Tocantins,13969070453,28-07-2025 16:00,13969075588,"SEÇÃO DE ACÓRDÃOS, RESOLUÇÕES E APOIO AO PLENO",Gerenciamento de Riscos de Contratações,06-05-2025 17:16
0003806-69.2025.6.27.8000,13969070453,Contratação Lavanderia Agua Limpa. Togas e becas.  Seara,24-04-2025 00:00,Serviços - Solicitação de serviço,TO - Tocantins,13969070453,28-07-2025 16:00,13969075587,"SEÇÃO DE ACÓRDÃOS, RESOLUÇÕES E APOIO AO PLENO",Estudos Técnicos Preliminares - ETP,08-05-2025 12:35
0003806-69.2025.6.27.8000,13969070453,Contratação Lavanderia Agua Limpa. Togas e becas.  Seara,24-04-2025 00:00,Serviços - Solicitação de serviço,TO - Tocantins,13969070453,28-07-2025 16:00,13969111041,SEÇÃO DE CONTRATOS,Minuta,09-07-2025 13:51
0003806-69.2025.6.27.8000,13969070453,Contratação Lavanderia Agua Limpa. Togas e becas.  Seara,24-04-2025 00:00,Serviços - Solicitação de serviço,TO - Tocantins,13969070453,28-07-2025 16:00,13969113197,ASSESSORIA JURÍDICA,Decisão,11-07-2025 15:30
0003806-69.2025.6.27.8000,13969070453,Contratação Lavanderia Agua Limpa. Togas e becas.  Seara,24-04-2025 00:00,Serviços - Solicitação de serviço,TO - Tocantins,13969070453,28-07-2025 16:00,13969113017,ASSESSORIA JURÍDICA,Parecer,11-07-2025 15:58
0003806-69.2025.6.27.8000,13969070453,Contratação Lavanderia Agua Limpa. Togas e becas.  Seara,24-04-2025 00:00,Serviços - Solicitação de serviço,TO - Tocantins,13969070453,28-07-2025 16:00,13969117707,SEÇÃO DE CONTRATOS,E-mail,18-07-2025 00:00
0003806-69.2025.6.27.8000,13969070453,Contratação Lavanderia Agua Limpa. Togas e becas.  Seara,24-04-2025 00:00,Serviços - Solicitação de serviço,TO - Tocantins,13969070453,28-07-2025 16:00,13969158551,"SEÇÃO DE ACÓRDÃOS, RESOLUÇÕES E APOIO AO PLENO",Atesto,22-09-2025 15:20
0003806-69.2025.6.27.8000,13969070453,Contratação Lavanderia Agua Limpa. Togas e becas.  Seara,24-04-2025 00:00,Serviços - Solicitação de serviço,TO - Tocantins,13969070453,28-07-2025 16:00,13969120244,SEÇÃO DE CONTRATOS,E-mail,24-07-2025 00:00
0003806-69.2025.6.27.8000,13969070453,Contratação Lavanderia Agua Limpa. Togas e becas.  Seara,24-04-2025 00:00,Serviços - Solicitação de serviço,TO - Tocantins,13969070453,28-07-2025 16:00,13969070454,"SEÇÃO DE ACÓRDÃOS, RESOLUÇÕES E APOIO AO PLENO",Documento de Oficialização da Demanda - DOD,25-04-2025 15:09
0003806-69.2025.6.27.8000,13969070453,Contratação Lavanderia Agua Limpa. Togas e becas.  Seara,24-04-2025 00:00,Serviços - Solicitação de serviço,TO - Tocantins,13969070453,28-07-2025 16:00,13969117647,SEÇÃO DE CONTRATOS,Contrato,25-07-2025 15:26
0003806-69.2025.6.27.8000,13969070453,Contratação Lavanderia Agua Limpa. Togas e becas.  Seara,24-04-2025 00:00,Serviços - Solicitação de serviço,TO - Tocantins,13969070453,28-07-2025 16:00,13969086434,"SEÇÃO DE ACÓRDÃOS, RESOLUÇÕES E APOIO AO PLENO",Termo de Referência - TR,26-05-2025 00:00
0003806-69.2025.6.27.8000,13969070453,Contratação Lavanderia Agua Limpa. Togas e becas.  Seara,24-04-2025 00:00,Serviços - Solicitação de serviço,TO - Tocantins,13969070453,28-07-2025 16:00,13969122104,SECRETARIA DE ADMINISTRAÇÃO E ORÇAMENTO,Portaria,29-07-2025 17:11
0003806-69.2025.6.27.8000,13969070453,Contratação Lavanderia Agua Limpa. Togas e becas.  Seara,24-04-2025 00:00,Serviços - Solicitação de serviço,TO - Tocantins,13969070453,28-07-2025 16:00,13969138309,"SEÇÃO DE ACÓRDÃOS, RESOLUÇÕES E APOIO AO PLENO",Certidão,29-08-2025 16:30
0003806-69.2025.6.27.8000,13969070453,Contratação Lavanderia Agua Limpa. Togas e becas.  Seara,24-04-2025 00:00,Serviços - Solicitação de serviço,TO - Tocantins,13969070453,28-07-2025 16:00,13969122440,SEÇÃO DE EDITORAÇÃO E PUBLICAÇÕES,Certidão,30-07-2025 13:28
0004213-75.2025.6.27.8000,13969077704,AQUISIÇÃO MATERIAL PERMANENTE COORDENADORIA MÉDICA,09-05-2025 00:00,Administração geral - Licitação,TO - Tocantins,13969077704,12-05-2025 22:58,13969206414,SEÇÃO DE LICITAÇÕES,Certidão,01-12-2025 11:35
0004213-75.2025.6.27.8000,13969077704,AQUISIÇÃO MATERIAL PERMANENTE COORDENADORIA MÉDICA,09-05-2025 00:00,Administração geral - Licitação,TO - Tocantins,13969077704,12-05-2025 22:58,13969110155,SEÇÃO DE PLANEJAMENTO E APOIO ADMINISTRATIVO,Termo de Referência - TR,08-07-2025 00:00
0004213-75.2025.6.27.8000,13969077704,AQUISIÇÃO MATERIAL PERMANENTE COORDENADORIA MÉDICA,09-05-2025 00:00,Administração geral - Licitação,TO - Tocantins,13969077704,12-05-2025 22:58,13969077705,SEÇÃO DE PLANEJAMENTO E APOIO ADMINISTRATIVO,Documento de Oficialização da Demanda - DOD,09-05-2025 14:11
0004213-75.2025.6.27.8000,13969077704,AQUISIÇÃO MATERIAL PERMANENTE COORDENADORIA MÉDICA,09-05-2025 00:00,Administração geral - Licitação,TO - Tocantins,13969077704,12-05-2025 22:58,13969146314,SEÇÃO DE ANÁLISE E COMPRAS,Informação,09-09-2025 10:43
0004213-75.2025.6.27.8000,13969077704,AQUISIÇÃO MATERIAL PERMANENTE COORDENADORIA MÉDICA,09-05-2025 00:00,Administração geral - Licitação,TO - Tocantins,13969077704,12-05-2025 22:58,13969148656,SEÇÃO DE ANÁLISE E CONTABILIDADE,Informação,09-09-2025 14:58
0004213-75.2025.6.27.8000,13969077704,AQUISIÇÃO MATERIAL PERMANENTE COORDENADORIA MÉDICA,09-05-2025 00:00,Administração geral - Licitação,TO - Tocantins,13969077704,12-05-2025 22:58,13969149571,SEÇÃO DE PLANEJAMENTO E GESTÃO ORÇAMENTÁRIA,Informação,10-09-2025 14:27
0004213-75.2025.6.27.8000,13969077704,AQUISIÇÃO MATERIAL PERMANENTE COORDENADORIA MÉDICA,09-05-2025 00:00,Administração geral - Licitação,TO - Tocantins,13969077704,12-05-2025 22:58,13969151577,SEÇÃO DE PLANEJAMENTO E GESTÃO ORÇAMENTÁRIA,Informação,12-09-2025 11:16
0004213-75.2025.6.27.8000,13969077704,AQUISIÇÃO MATERIAL PERMANENTE COORDENADORIA MÉDICA,09-05-2025 00:00,Administração geral - Licitação,TO - Tocantins,13969077704,12-05-2025 22:58,13969131107,SEÇÃO DE PLANEJAMENTO E APOIO ADMINISTRATIVO,Termo de Referência - TR,13-08-2025 00:00
0004213-75.2025.6.27.8000,13969077704,AQUISIÇÃO MATERIAL PERMANENTE COORDENADORIA MÉDICA,09-05-2025 00:00,Administração geral - Licitação,TO - Tocantins,13969077704,12-05-2025 22:58,13969080385,SEÇÃO DE PLANEJAMENTO E APOIO ADMINISTRATIVO,Termo de Referência - TR,14-05-2025 00:00
0004213-75.2025.6.27.8000,13969077704,AQUISIÇÃO MATERIAL PERMANENTE COORDENADORIA MÉDICA,09-05-2025 00:00,Administração geral - Licitação,TO - Tocantins,13969077704,12-05-2025 22:58,13969080383,SEÇÃO DE PLANEJAMENTO E APOIO ADMINISTRATIVO,Estudos Técnicos Preliminares - ETP,14-05-2025 00:00
0004213-75.2025.6.27.8000,13969077704,AQUISIÇÃO MATERIAL PERMANENTE COORDENADORIA MÉDICA,09-05-2025 00:00,Administração geral - Licitação,TO - Tocantins,13969077704,12-05-2025 22:58,13969199617,ASSESSORIA JURÍDICA,Decisão,18-11-2025 17:49
0004213-75.2025.6.27.8000,13969077704,AQUISIÇÃO MATERIAL PERMANENTE COORDENADORIA MÉDICA,09-05-2025 00:00,Administração geral - Licitação,TO - Tocantins,13969077704,12-05-2025 22:58,13969197774,ASSESSORIA JURÍDICA,Parecer,18-11-2025 17:55
0004213-75.2025.6.27.8000,13969077704,AQUISIÇÃO MATERIAL PERMANENTE COORDENADORIA MÉDICA,09-05-2025 00:00,Administração geral - Licitação,TO - Tocantins,13969077704,12-05-2025 22:58,13969157358,ASSESSORIA JURÍDICA,Parecer,19-09-2025 14:16
0004213-75.2025.6.27.8000,13969077704,AQUISIÇÃO MATERIAL PERMANENTE COORDENADORIA MÉDICA,09-05-2025 00:00,Administração geral - Licitação,TO - Tocantins,13969077704,12-05-2025 22:58,13969157359,ASSESSORIA JURÍDICA,Decisão,19-09-2025 14:22
0004213-75.2025.6.27.8000,13969077704,AQUISIÇÃO MATERIAL PERMANENTE COORDENADORIA MÉDICA,09-05-2025 00:00,Administração geral - Licitação,TO - Tocantins,13969077704,12-05-2025 22:58,13969121079,SEÇÃO DE PLANEJAMENTO E APOIO ADMINISTRATIVO,Termo de Referência - TR,28-07-2025 00:00
0004213-75.2025.6.27.8000,13969077704,AQUISIÇÃO MATERIAL PERMANENTE COORDENADORIA MÉDICA,09-05-2025 00:00,Administração geral - Licitação,TO - Tocantins,13969077704,12-05-2025 22:58,13969121717,SEÇÃO DE PLANEJAMENTO E APOIO ADMINISTRATIVO,Termo de Referência - TR,29-07-2025 00:00
0004418-07.2025.6.27.8000,13969081987,Aquisição de Armamentos Não Letais,16-05-2025 00:00,Administração geral - Licitação,TO - Tocantins,13969081987,26-05-2025 16:35,13969225718,SEÇÃO DE ANÁLISE E CONTABILIDADE,Informação,05-01-2026 15:55
0004418-07.2025.6.27.8000,13969081987,Aquisição de Armamentos Não Letais,16-05-2025 00:00,Administração geral - Licitação,TO - Tocantins,13969081987,26-05-2025 16:35,13969093631,POLÍCIA JUDICIAL TRE-TO,Estudos Técnicos Preliminares - ETP,05-06-2025 00:00
0004418-07.2025.6.27.8000,13969081987,Aquisição de Armamentos Não Letais,16-05-2025 00:00,Administração geral - Licitação,TO - Tocantins,13969081987,26-05-2025 16:35,13969125423,SEÇÃO DE ANÁLISE E COMPRAS,Informação,05-08-2025 11:24
0004418-07.2025.6.27.8000,13969081987,Aquisição de Armamentos Não Letais,16-05-2025 00:00,Administração geral - Licitação,TO - Tocantins,13969081987,26-05-2025 16:35,13969094587,POLÍCIA JUDICIAL TRE-TO,Termo de Referência - TR,06-06-2025 00:00
0004418-07.2025.6.27.8000,13969081987,Aquisição de Armamentos Não Letais,16-05-2025 00:00,Administração geral - Licitação,TO - Tocantins,13969081987,26-05-2025 16:35,13969128057,SEÇÃO DE ANÁLISE E CONTABILIDADE,Informação,07-08-2025 16:17
0004418-07.2025.6.27.8000,13969081987,Aquisição de Armamentos Não Letais,16-05-2025 00:00,Administração geral - Licitação,TO - Tocantins,13969081987,26-05-2025 16:35,13969128754,SEÇÃO DE PLANEJAMENTO E GESTÃO ORÇAMENTÁRIA,Informação,08-08-2025 14:50
0004418-07.2025.6.27.8000,13969081987,Aquisição de Armamentos Não Letais,16-05-2025 00:00,Administração geral - Licitação,TO - Tocantins,13969081987,26-05-2025 16:35,13969114795,POLÍCIA JUDICIAL TRE-TO,Termo de Referência - TR,15-07-2025 00:00
0004418-07.2025.6.27.8000,13969081987,Aquisição de Armamentos Não Letais,16-05-2025 00:00,Administração geral - Licitação,TO - Tocantins,13969081987,26-05-2025 16:35,13969154010,SEÇÃO DE PLANEJAMENTO E GESTÃO ORÇAMENTÁRIA,Informação,16-09-2025 13:44
0004418-07.2025.6.27.8000,13969081987,Aquisição de Armamentos Não Letais,16-05-2025 00:00,Administração geral - Licitação,TO - Tocantins,13969081987,26-05-2025 16:35,13969157088,SECRETARIA DE ADMINISTRAÇÃO E ORÇAMENTO,Decisão,19-09-2025 10:12
0004418-07.2025.6.27.8000,13969081987,Aquisição de Armamentos Não Letais,16-05-2025 00:00,Administração geral - Licitação,TO - Tocantins,13969081987,26-05-2025 16:35,13969158029,ASSESSORIA JURÍDICA,Decisão,21-09-2025 21:44
0004418-07.2025.6.27.8000,13969081987,Aquisição de Armamentos Não Letais,16-05-2025 00:00,Administração geral - Licitação,TO - Tocantins,13969081987,26-05-2025 16:35,13969081988,POLÍCIA JUDICIAL TRE-TO,Documento de Oficialização da Demanda - DOD,22-05-2025 10:45
0004418-07.2025.6.27.8000,13969081987,Aquisição de Armamentos Não Letais,16-05-2025 00:00,Administração geral - Licitação,TO - Tocantins,13969081987,26-05-2025 16:35,13969158028,ASSESSORIA JURÍDICA,Parecer,22-09-2025 14:46
0004418-07.2025.6.27.8000,13969081987,Aquisição de Armamentos Não Letais,16-05-2025 00:00,Administração geral - Licitação,TO - Tocantins,13969081987,26-05-2025 16:35,13969161157,SEÇÃO DE ANÁLISE E COMPRAS,E-mail,25-09-2025 00:00
0004418-07.2025.6.27.8000,13969081987,Aquisição de Armamentos Não Letais,16-05-2025 00:00,Administração geral - Licitação,TO - Tocantins,13969081987,26-05-2025 16:35,13969161069,SEÇÃO DE ANÁLISE E COMPRAS,Ofício,25-09-2025 15:18
0004418-07.2025.6.27.8000,13969081987,Aquisição de Armamentos Não Letais,16-05-2025 00:00,Administração geral - Licitação,TO - Tocantins,13969081987,26-05-2025 16:35,13969161798,SEÇÃO DE ANÁLISE E COMPRAS,E-mail,26-09-2025 00:00
0004418-07.2025.6.27.8000,13969081987,Aquisição de Armamentos Não Letais,16-05-2025 00:00,Administração geral - Licitação,TO - Tocantins,13969081987,26-05-2025 16:35,13969238382,SEÇÃO DE PATRIMÔNIO E ALMOXARIFADO,Informação,28-01-2026 14:15
0004418-07.2025.6.27.8000,13969081987,Aquisição de Armamentos Não Letais,16-05-2025 00:00,Administração geral - Licitação,TO - Tocantins,13969081987,26-05-2025 16:35,13969224944,SEÇÃO DE PATRIMÔNIO E ALMOXARIFADO,Informação,30-12-2025 10:29
0004418-07.2025.6.27.8000,13969081987,Aquisição de Armamentos Não Letais,16-05-2025 00:00,Administração geral - Licitação,TO - Tocantins,13969081987,26-05-2025 16:35,13969225049,POLÍCIA JUDICIAL TRE-TO,Atesto,30-12-2025 14:26
0004418-07.2025.6.27.8000,13969081987,Aquisição de Armamentos Não Letais,16-05-2025 00:00,Administração geral - Licitação,TO - Tocantins,13969081987,26-05-2025 16:35,13969225069,SEÇÃO DE PATRIMÔNIO E ALMOXARIFADO,Atesto,30-12-2025 14:41
0004594-83.2025.6.27.8000,13969084619,Aquisição de material bibliográfico 2025,22-05-2025 00:00,Administração geral - Gestão de contratos,TO - Tocantins,13969084619,07-10-2025 09:41,13969093786,"SEÇÃO DE BIBLIOTECA,MEMÓRIA E ARQUIVO",Requisição,05-06-2025 18:02
0004594-83.2025.6.27.8000,13969084619,Aquisição de material bibliográfico 2025,22-05-2025 00:00,Administração geral - Gestão de contratos,TO - Tocantins,13969084619,07-10-2025 09:41,13969212253,"SEÇÃO DE BIBLIOTECA,MEMÓRIA E ARQUIVO",E-mail,05-12-2025 00:00
0004594-83.2025.6.27.8000,13969084619,Aquisição de material bibliográfico 2025,22-05-2025 00:00,Administração geral - Gestão de contratos,TO - Tocantins,13969084619,07-10-2025 09:41,13969212313,"SEÇÃO DE BIBLIOTECA,MEMÓRIA E ARQUIVO",E-mail,05-12-2025 00:00
0004594-83.2025.6.27.8000,13969084619,Aquisição de material bibliográfico 2025,22-05-2025 00:00,Administração geral - Gestão de contratos,TO - Tocantins,13969084619,07-10-2025 09:41,13969096272,SEÇÃO DE ANÁLISE E CONTABILIDADE,Informação,10-06-2025 17:44
0004594-83.2025.6.27.8000,13969084619,Aquisição de material bibliográfico 2025,22-05-2025 00:00,Administração geral - Gestão de contratos,TO - Tocantins,13969084619,07-10-2025 09:41,13969096554,SEÇÃO DE PLANEJAMENTO E GESTÃO ORÇAMENTÁRIA,Informação,11-06-2025 12:06
0004594-83.2025.6.27.8000,13969084619,Aquisição de material bibliográfico 2025,22-05-2025 00:00,Administração geral - Gestão de contratos,TO - Tocantins,13969084619,07-10-2025 09:41,13969230654,SEÇÃO DE PATRIMÔNIO E ALMOXARIFADO,Informação,15-01-2026 08:38
0004594-83.2025.6.27.8000,13969084619,Aquisição de material bibliográfico 2025,22-05-2025 00:00,Administração geral - Gestão de contratos,TO - Tocantins,13969084619,07-10-2025 09:41,13969218197,"SEÇÃO DE BIBLIOTECA,MEMÓRIA E ARQUIVO",Atesto,15-12-2025 13:06
0004594-83.2025.6.27.8000,13969084619,Aquisição de material bibliográfico 2025,22-05-2025 00:00,Administração geral - Gestão de contratos,TO - Tocantins,13969084619,07-10-2025 09:41,13969218338,SEÇÃO DE PATRIMÔNIO E ALMOXARIFADO,Atesto,15-12-2025 14:02
0004594-83.2025.6.27.8000,13969084619,Aquisição de material bibliográfico 2025,22-05-2025 00:00,Administração geral - Gestão de contratos,TO - Tocantins,13969084619,07-10-2025 09:41,13969220390,SEÇÃO DE ANÁLISE E CONTABILIDADE,Informação,16-12-2025 18:08
0004594-83.2025.6.27.8000,13969084619,Aquisição de material bibliográfico 2025,22-05-2025 00:00,Administração geral - Gestão de contratos,TO - Tocantins,13969084619,07-10-2025 09:41,13969099955,"SEÇÃO DE BIBLIOTECA,MEMÓRIA E ARQUIVO",E-mail,17-06-2025 00:00
0004594-83.2025.6.27.8000,13969084619,Aquisição de material bibliográfico 2025,22-05-2025 00:00,Administração geral - Gestão de contratos,TO - Tocantins,13969084619,07-10-2025 09:41,13969178850,SEÇÃO DE PLANEJAMENTO E GESTÃO ORÇAMENTÁRIA,Informação,21-10-2025 21:20
0004594-83.2025.6.27.8000,13969084619,Aquisição de material bibliográfico 2025,22-05-2025 00:00,Administração geral - Gestão de contratos,TO - Tocantins,13969084619,07-10-2025 09:41,13969137751,"SEÇÃO DE BIBLIOTECA,MEMÓRIA E ARQUIVO",Atesto,22-08-2025 17:25
0004594-83.2025.6.27.8000,13969084619,Aquisição de material bibliográfico 2025,22-05-2025 00:00,Administração geral - Gestão de contratos,TO - Tocantins,13969084619,07-10-2025 09:41,13969181008,"SEÇÃO DE BIBLIOTECA,MEMÓRIA E ARQUIVO",E-mail,24-10-2025 00:00
0004594-83.2025.6.27.8000,13969084619,Aquisição de material bibliográfico 2025,22-05-2025 00:00,Administração geral - Gestão de contratos,TO - Tocantins,13969084619,07-10-2025 09:41,13969138186,SEÇÃO DE ANÁLISE E CONTABILIDADE,Informação,25-08-2025 13:54
0004594-83.2025.6.27.8000,13969084619,Aquisição de material bibliográfico 2025,22-05-2025 00:00,Administração geral - Gestão de contratos,TO - Tocantins,13969084619,07-10-2025 09:41,13969202187,"SEÇÃO DE BIBLIOTECA,MEMÓRIA E ARQUIVO",Requisição,25-11-2025 11:45
0004594-83.2025.6.27.8000,13969084619,Aquisição de material bibliográfico 2025,22-05-2025 00:00,Administração geral - Gestão de contratos,TO - Tocantins,13969084619,07-10-2025 09:41,13969139581,SEÇÃO DE PATRIMÔNIO E ALMOXARIFADO,Informação,26-08-2025 17:30
0004594-83.2025.6.27.8000,13969084619,Aquisição de material bibliográfico 2025,22-05-2025 00:00,Administração geral - Gestão de contratos,TO - Tocantins,13969084619,07-10-2025 09:41,13969224233,SEÇÃO DE PATRIMÔNIO E ALMOXARIFADO,Informação,26-12-2025 10:30
0004594-83.2025.6.27.8000,13969084619,Aquisição de material bibliográfico 2025,22-05-2025 00:00,Administração geral - Gestão de contratos,TO - Tocantins,13969084619,07-10-2025 09:41,13969121176,"SEÇÃO DE BIBLIOTECA,MEMÓRIA E ARQUIVO",Atesto,28-07-2025 15:00
0004594-83.2025.6.27.8000,13969084619,Aquisição de material bibliográfico 2025,22-05-2025 00:00,Administração geral - Gestão de contratos,TO - Tocantins,13969084619,07-10-2025 09:41,13969121699,SEÇÃO DE ANÁLISE E CONTABILIDADE,Informação,29-07-2025 16:31
0004594-83.2025.6.27.8000,13969084619,Aquisição de material bibliográfico 2025,22-05-2025 00:00,Administração geral - Gestão de contratos,TO - Tocantins,13969084619,07-10-2025 09:41,13969164098,"SEÇÃO DE BIBLIOTECA,MEMÓRIA E ARQUIVO",Requisição,30-09-2025 16:35
0004594-83.2025.6.27.8000,13969084619,Aquisição de material bibliográfico 2025,22-05-2025 00:00,Administração geral - Gestão de contratos,TO - Tocantins,13969084619,07-10-2025 09:41,13969123029,SEÇÃO DE PATRIMÔNIO E ALMOXARIFADO,Informação,31-07-2025 11:27
0004600-90.2025.6.27.8000,13969084759,Assinatura Plataforma Livros. Proview/RT,22-05-2025 00:00,Administração geral - Gestão de contratos,TO - Tocantins,13969084759,06-08-2025 17:41,13969211558,"SEÇÃO DE BIBLIOTECA,MEMÓRIA E ARQUIVO",Termo de Referência - TR,05-12-2025 00:00
0004600-90.2025.6.27.8000,13969084759,Assinatura Plataforma Livros. Proview/RT,22-05-2025 00:00,Administração geral - Gestão de contratos,TO - Tocantins,13969084759,05-08-2025 19:18,13969211558,"SEÇÃO DE BIBLIOTECA,MEMÓRIA E ARQUIVO",Termo de Referência - TR,05-12-2025 00:00
0004600-90.2025.6.27.8000,13969084759,Assinatura Plataforma Livros. Proview/RT,22-05-2025 00:00,Administração geral - Gestão de contratos,TO - Tocantins,13969084759,06-08-2025 17:41,13969226754,"SEÇÃO DE BIBLIOTECA,MEMÓRIA E ARQUIVO",E-mail,08-01-2026 00:00
0004600-90.2025.6.27.8000,13969084759,Assinatura Plataforma Livros. Proview/RT,22-05-2025 00:00,Administração geral - Gestão de contratos,TO - Tocantins,13969084759,05-08-2025 19:18,13969226754,"SEÇÃO DE BIBLIOTECA,MEMÓRIA E ARQUIVO",E-mail,08-01-2026 00:00
0004600-90.2025.6.27.8000,13969084759,Assinatura Plataforma Livros. Proview/RT,22-05-2025 00:00,Administração geral - Gestão de contratos,TO - Tocantins,13969084759,06-08-2025 17:41,13969213987,SEÇÃO DE ANÁLISE E COMPRAS,Informação,10-12-2025 11:31
0004600-90.2025.6.27.8000,13969084759,Assinatura Plataforma Livros. Proview/RT,22-05-2025 00:00,Administração geral - Gestão de contratos,TO - Tocantins,13969084759,05-08-2025 19:18,13969213987,SEÇÃO DE ANÁLISE E COMPRAS,Informação,10-12-2025 11:31
0004600-90.2025.6.27.8000,13969084759,Assinatura Plataforma Livros. Proview/RT,22-05-2025 00:00,Administração geral - Gestão de contratos,TO - Tocantins,13969084759,06-08-2025 17:41,13969214602,SEÇÃO DE ANÁLISE E CONTABILIDADE,Informação,10-12-2025 16:33
0004600-90.2025.6.27.8000,13969084759,Assinatura Plataforma Livros. Proview/RT,22-05-2025 00:00,Administração geral - Gestão de contratos,TO - Tocantins,13969084759,05-08-2025 19:18,13969214602,SEÇÃO DE ANÁLISE E CONTABILIDADE,Informação,10-12-2025 16:33
0004600-90.2025.6.27.8000,13969084759,Assinatura Plataforma Livros. Proview/RT,22-05-2025 00:00,Administração geral - Gestão de contratos,TO - Tocantins,13969084759,06-08-2025 17:41,13969214804,SEÇÃO DE PLANEJAMENTO E GESTÃO ORÇAMENTÁRIA,Informação,10-12-2025 17:52
0004600-90.2025.6.27.8000,13969084759,Assinatura Plataforma Livros. Proview/RT,22-05-2025 00:00,Administração geral - Gestão de contratos,TO - Tocantins,13969084759,05-08-2025 19:18,13969214804,SEÇÃO DE PLANEJAMENTO E GESTÃO ORÇAMENTÁRIA,Informação,10-12-2025 17:52
0004600-90.2025.6.27.8000,13969084759,Assinatura Plataforma Livros. Proview/RT,22-05-2025 00:00,Administração geral - Gestão de contratos,TO - Tocantins,13969084759,06-08-2025 17:41,13969218545,ASSESSORIA JURÍDICA,Parecer,15-12-2025 16:28
0004600-90.2025.6.27.8000,13969084759,Assinatura Plataforma Livros. Proview/RT,22-05-2025 00:00,Administração geral - Gestão de contratos,TO - Tocantins,13969084759,05-08-2025 19:18,13969218545,ASSESSORIA JURÍDICA,Parecer,15-12-2025 16:28
0004600-90.2025.6.27.8000,13969084759,Assinatura Plataforma Livros. Proview/RT,22-05-2025 00:00,Administração geral - Gestão de contratos,TO - Tocantins,13969084759,06-08-2025 17:41,13969218546,ASSESSORIA JURÍDICA,Decisão,15-12-2025 16:31
0004600-90.2025.6.27.8000,13969084759,Assinatura Plataforma Livros. Proview/RT,22-05-2025 00:00,Administração geral - Gestão de contratos,TO - Tocantins,13969084759,05-08-2025 19:18,13969218546,ASSESSORIA JURÍDICA,Decisão,15-12-2025 16:31
0004600-90.2025.6.27.8000,13969084759,Assinatura Plataforma Livros. Proview/RT,22-05-2025 00:00,Administração geral - Gestão de contratos,TO - Tocantins,13969084759,06-08-2025 17:41,13969219872,SEÇÃO DE ANÁLISE E COMPRAS,E-mail,16-12-2025 00:00
0004600-90.2025.6.27.8000,13969084759,Assinatura Plataforma Livros. Proview/RT,22-05-2025 00:00,Administração geral - Gestão de contratos,TO - Tocantins,13969084759,05-08-2025 19:18,13969219872,SEÇÃO DE ANÁLISE E COMPRAS,E-mail,16-12-2025 00:00
0004600-90.2025.6.27.8000,13969084759,Assinatura Plataforma Livros. Proview/RT,22-05-2025 00:00,Administração geral - Gestão de contratos,TO - Tocantins,13969084759,06-08-2025 17:41,13969219785,SEÇÃO DE ANÁLISE E COMPRAS,Ofício,16-12-2025 14:10
0004600-90.2025.6.27.8000,13969084759,Assinatura Plataforma Livros. Proview/RT,22-05-2025 00:00,Administração geral - Gestão de contratos,TO - Tocantins,13969084759,05-08-2025 19:18,13969219785,SEÇÃO DE ANÁLISE E COMPRAS,Ofício,16-12-2025 14:10
0004600-90.2025.6.27.8000,13969084759,Assinatura Plataforma Livros. Proview/RT,22-05-2025 00:00,Administração geral - Gestão de contratos,TO - Tocantins,13969084759,06-08-2025 17:41,13969197989,"SEÇÃO DE BIBLIOTECA,MEMÓRIA E ARQUIVO",Termo de Referência - TR,17-11-2025 00:00
0004600-90.2025.6.27.8000,13969084759,Assinatura Plataforma Livros. Proview/RT,22-05-2025 00:00,Administração geral - Gestão de contratos,TO - Tocantins,13969084759,05-08-2025 19:18,13969197989,"SEÇÃO DE BIBLIOTECA,MEMÓRIA E ARQUIVO",Termo de Referência - TR,17-11-2025 00:00
0004600-90.2025.6.27.8000,13969084759,Assinatura Plataforma Livros. Proview/RT,22-05-2025 00:00,Administração geral - Gestão de contratos,TO - Tocantins,13969084759,06-08-2025 17:41,13969197762,"SEÇÃO DE BIBLIOTECA,MEMÓRIA E ARQUIVO",Estudos Técnicos Preliminares - ETP,17-11-2025 00:00
0004600-90.2025.6.27.8000,13969084759,Assinatura Plataforma Livros. Proview/RT,22-05-2025 00:00,Administração geral - Gestão de contratos,TO - Tocantins,13969084759,05-08-2025 19:18,13969197762,"SEÇÃO DE BIBLIOTECA,MEMÓRIA E ARQUIVO",Estudos Técnicos Preliminares - ETP,17-11-2025 00:00
0004600-90.2025.6.27.8000,13969084759,Assinatura Plataforma Livros. Proview/RT,22-05-2025 00:00,Administração geral - Gestão de contratos,TO - Tocantins,13969084759,06-08-2025 17:41,13969197340,"SEÇÃO DE BIBLIOTECA,MEMÓRIA E ARQUIVO",Gerenciamento de Riscos de Contratações,17-11-2025 13:23
0004600-90.2025.6.27.8000,13969084759,Assinatura Plataforma Livros. Proview/RT,22-05-2025 00:00,Administração geral - Gestão de contratos,TO - Tocantins,13969084759,05-08-2025 19:18,13969197340,"SEÇÃO DE BIBLIOTECA,MEMÓRIA E ARQUIVO",Gerenciamento de Riscos de Contratações,17-11-2025 13:23
0004600-90.2025.6.27.8000,13969084759,Assinatura Plataforma Livros. Proview/RT,22-05-2025 00:00,Administração geral - Gestão de contratos,TO - Tocantins,13969084759,06-08-2025 17:41,13969199130,SEÇÃO DE ANÁLISE E CONTABILIDADE,Informação,18-11-2025 14:55
0004600-90.2025.6.27.8000,13969084759,Assinatura Plataforma Livros. Proview/RT,22-05-2025 00:00,Administração geral - Gestão de contratos,TO - Tocantins,13969084759,05-08-2025 19:18,13969199130,SEÇÃO DE ANÁLISE E CONTABILIDADE,Informação,18-11-2025 14:55
0004600-90.2025.6.27.8000,13969084759,Assinatura Plataforma Livros. Proview/RT,22-05-2025 00:00,Administração geral - Gestão de contratos,TO - Tocantins,13969084759,06-08-2025 17:41,13969199212,SEÇÃO DE PLANEJAMENTO E GESTÃO ORÇAMENTÁRIA,Informação,18-11-2025 15:36
0004600-90.2025.6.27.8000,13969084759,Assinatura Plataforma Livros. Proview/RT,22-05-2025 00:00,Administração geral - Gestão de contratos,TO - Tocantins,13969084759,05-08-2025 19:18,13969199212,SEÇÃO DE PLANEJAMENTO E GESTÃO ORÇAMENTÁRIA,Informação,18-11-2025 15:36
0004600-90.2025.6.27.8000,13969084759,Assinatura Plataforma Livros. Proview/RT,22-05-2025 00:00,Administração geral - Gestão de contratos,TO - Tocantins,13969084759,06-08-2025 17:41,13969222222,"SEÇÃO DE BIBLIOTECA,MEMÓRIA E ARQUIVO",Atesto,18-12-2025 17:36
0004600-90.2025.6.27.8000,13969084759,Assinatura Plataforma Livros. Proview/RT,22-05-2025 00:00,Administração geral - Gestão de contratos,TO - Tocantins,13969084759,05-08-2025 19:18,13969222222,"SEÇÃO DE BIBLIOTECA,MEMÓRIA E ARQUIVO",Atesto,18-12-2025 17:36
0004600-90.2025.6.27.8000,13969084759,Assinatura Plataforma Livros. Proview/RT,22-05-2025 00:00,Administração geral - Gestão de contratos,TO - Tocantins,13969084759,06-08-2025 17:41,13969084762,"SEÇÃO DE BIBLIOTECA,MEMÓRIA E ARQUIVO",Documento de Oficialização da Demanda - DOD,22-05-2025 15:13
0004600-90.2025.6.27.8000,13969084759,Assinatura Plataforma Livros. Proview/RT,22-05-2025 00:00,Administração geral - Gestão de contratos,TO - Tocantins,13969084759,05-08-2025 19:18,13969084762,"SEÇÃO DE BIBLIOTECA,MEMÓRIA E ARQUIVO",Documento de Oficialização da Demanda - DOD,22-05-2025 15:13
0004600-90.2025.6.27.8000,13969084759,Assinatura Plataforma Livros. Proview/RT,22-05-2025 00:00,Administração geral - Gestão de contratos,TO - Tocantins,13969084759,06-08-2025 17:41,13969223427,SEÇÃO DE ANÁLISE E CONTABILIDADE,Informação,22-12-2025 15:13
0004600-90.2025.6.27.8000,13969084759,Assinatura Plataforma Livros. Proview/RT,22-05-2025 00:00,Administração geral - Gestão de contratos,TO - Tocantins,13969084759,05-08-2025 19:18,13969223427,SEÇÃO DE ANÁLISE E CONTABILIDADE,Informação,22-12-2025 15:13
0004605-15.2025.6.27.8000,13969084805,Assinatura Plataforma Livros. Minha Biblioteca,22-05-2025 00:00,Administração geral - Gestão de contratos,TO - Tocantins,13969084805,06-08-2025 17:42,13969187969,SEÇÃO DE ANÁLISE E CONTABILIDADE,Informação,04-11-2025 18:37
0004605-15.2025.6.27.8000,13969084805,Assinatura Plataforma Livros. Minha Biblioteca,22-05-2025 00:00,Administração geral - Gestão de contratos,TO - Tocantins,13969084805,05-08-2025 19:15,13969187969,SEÇÃO DE ANÁLISE E CONTABILIDADE,Informação,04-11-2025 18:37
0004605-15.2025.6.27.8000,13969084805,Assinatura Plataforma Livros. Minha Biblioteca,22-05-2025 00:00,Administração geral - Gestão de contratos,TO - Tocantins,13969084805,06-08-2025 17:42,13969188184,SEÇÃO DE PLANEJAMENTO E GESTÃO ORÇAMENTÁRIA,Informação,05-11-2025 11:02
0004605-15.2025.6.27.8000,13969084805,Assinatura Plataforma Livros. Minha Biblioteca,22-05-2025 00:00,Administração geral - Gestão de contratos,TO - Tocantins,13969084805,05-08-2025 19:15,13969188184,SEÇÃO DE PLANEJAMENTO E GESTÃO ORÇAMENTÁRIA,Informação,05-11-2025 11:02
0004605-15.2025.6.27.8000,13969084805,Assinatura Plataforma Livros. Minha Biblioteca,22-05-2025 00:00,Administração geral - Gestão de contratos,TO - Tocantins,13969084805,06-08-2025 17:42,13969127513,"SEÇÃO DE BIBLIOTECA,MEMÓRIA E ARQUIVO",Termo de Referência - TR,06-08-2025 00:00
0004605-15.2025.6.27.8000,13969084805,Assinatura Plataforma Livros. Minha Biblioteca,22-05-2025 00:00,Administração geral - Gestão de contratos,TO - Tocantins,13969084805,05-08-2025 19:15,13969127513,"SEÇÃO DE BIBLIOTECA,MEMÓRIA E ARQUIVO",Termo de Referência - TR,06-08-2025 00:00
0004605-15.2025.6.27.8000,13969084805,Assinatura Plataforma Livros. Minha Biblioteca,22-05-2025 00:00,Administração geral - Gestão de contratos,TO - Tocantins,13969084805,06-08-2025 17:42,13969127512,"SEÇÃO DE BIBLIOTECA,MEMÓRIA E ARQUIVO",Estudos Técnicos Preliminares - ETP,06-08-2025 00:00
0004605-15.2025.6.27.8000,13969084805,Assinatura Plataforma Livros. Minha Biblioteca,22-05-2025 00:00,Administração geral - Gestão de contratos,TO - Tocantins,13969084805,05-08-2025 19:15,13969127512,"SEÇÃO DE BIBLIOTECA,MEMÓRIA E ARQUIVO",Estudos Técnicos Preliminares - ETP,06-08-2025 00:00
0004605-15.2025.6.27.8000,13969084805,Assinatura Plataforma Livros. Minha Biblioteca,22-05-2025 00:00,Administração geral - Gestão de contratos,TO - Tocantins,13969084805,06-08-2025 17:42,13969226732,"SEÇÃO DE BIBLIOTECA,MEMÓRIA E ARQUIVO",E-mail,08-01-2026 00:00
0004605-15.2025.6.27.8000,13969084805,Assinatura Plataforma Livros. Minha Biblioteca,22-05-2025 00:00,Administração geral - Gestão de contratos,TO - Tocantins,13969084805,05-08-2025 19:15,13969226732,"SEÇÃO DE BIBLIOTECA,MEMÓRIA E ARQUIVO",E-mail,08-01-2026 00:00
0004605-15.2025.6.27.8000,13969084805,Assinatura Plataforma Livros. Minha Biblioteca,22-05-2025 00:00,Administração geral - Gestão de contratos,TO - Tocantins,13969084805,06-08-2025 17:42,13969195130,ASSESSORIA JURÍDICA,Decisão,12-11-2025 18:18
0004605-15.2025.6.27.8000,13969084805,Assinatura Plataforma Livros. Minha Biblioteca,22-05-2025 00:00,Administração geral - Gestão de contratos,TO - Tocantins,13969084805,05-08-2025 19:15,13969195130,ASSESSORIA JURÍDICA,Decisão,12-11-2025 18:18
0004605-15.2025.6.27.8000,13969084805,Assinatura Plataforma Livros. Minha Biblioteca,22-05-2025 00:00,Administração geral - Gestão de contratos,TO - Tocantins,13969084805,06-08-2025 17:42,13969194195,ASSESSORIA JURÍDICA,Parecer,13-11-2025 11:07
0004605-15.2025.6.27.8000,13969084805,Assinatura Plataforma Livros. Minha Biblioteca,22-05-2025 00:00,Administração geral - Gestão de contratos,TO - Tocantins,13969084805,05-08-2025 19:15,13969194195,ASSESSORIA JURÍDICA,Parecer,13-11-2025 11:07
0004605-15.2025.6.27.8000,13969084805,Assinatura Plataforma Livros. Minha Biblioteca,22-05-2025 00:00,Administração geral - Gestão de contratos,TO - Tocantins,13969084805,06-08-2025 17:42,13969153970,"SEÇÃO DE BIBLIOTECA,MEMÓRIA E ARQUIVO",Gerenciamento de Riscos de Contratações,16-09-2025 12:20
0004605-15.2025.6.27.8000,13969084805,Assinatura Plataforma Livros. Minha Biblioteca,22-05-2025 00:00,Administração geral - Gestão de contratos,TO - Tocantins,13969084805,05-08-2025 19:15,13969153970,"SEÇÃO DE BIBLIOTECA,MEMÓRIA E ARQUIVO",Gerenciamento de Riscos de Contratações,16-09-2025 12:20
0004605-15.2025.6.27.8000,13969084805,Assinatura Plataforma Livros. Minha Biblioteca,22-05-2025 00:00,Administração geral - Gestão de contratos,TO - Tocantins,13969084805,06-08-2025 17:42,13969221072,"SEÇÃO DE BIBLIOTECA,MEMÓRIA E ARQUIVO",Atesto,17-12-2025 14:40
0004605-15.2025.6.27.8000,13969084805,Assinatura Plataforma Livros. Minha Biblioteca,22-05-2025 00:00,Administração geral - Gestão de contratos,TO - Tocantins,13969084805,05-08-2025 19:15,13969221072,"SEÇÃO DE BIBLIOTECA,MEMÓRIA E ARQUIVO",Atesto,17-12-2025 14:40
0004605-15.2025.6.27.8000,13969084805,Assinatura Plataforma Livros. Minha Biblioteca,22-05-2025 00:00,Administração geral - Gestão de contratos,TO - Tocantins,13969084805,06-08-2025 17:42,13969199430,SEÇÃO DE ANÁLISE E COMPRAS,E-mail,18-11-2025 00:00
0004605-15.2025.6.27.8000,13969084805,Assinatura Plataforma Livros. Minha Biblioteca,22-05-2025 00:00,Administração geral - Gestão de contratos,TO - Tocantins,13969084805,05-08-2025 19:15,13969199430,SEÇÃO DE ANÁLISE E COMPRAS,E-mail,18-11-2025 00:00
0004605-15.2025.6.27.8000,13969084805,Assinatura Plataforma Livros. Minha Biblioteca,22-05-2025 00:00,Administração geral - Gestão de contratos,TO - Tocantins,13969084805,06-08-2025 17:42,13969199320,SEÇÃO DE ANÁLISE E COMPRAS,Ofício,18-11-2025 15:57
0004605-15.2025.6.27.8000,13969084805,Assinatura Plataforma Livros. Minha Biblioteca,22-05-2025 00:00,Administração geral - Gestão de contratos,TO - Tocantins,13969084805,05-08-2025 19:15,13969199320,SEÇÃO DE ANÁLISE E COMPRAS,Ofício,18-11-2025 15:57
0004605-15.2025.6.27.8000,13969084805,Assinatura Plataforma Livros. Minha Biblioteca,22-05-2025 00:00,Administração geral - Gestão de contratos,TO - Tocantins,13969084805,06-08-2025 17:42,13969222081,SEÇÃO DE ANÁLISE E CONTABILIDADE,Informação,18-12-2025 16:28
0004605-15.2025.6.27.8000,13969084805,Assinatura Plataforma Livros. Minha Biblioteca,22-05-2025 00:00,Administração geral - Gestão de contratos,TO - Tocantins,13969084805,05-08-2025 19:15,13969222081,SEÇÃO DE ANÁLISE E CONTABILIDADE,Informação,18-12-2025 16:28
0004605-15.2025.6.27.8000,13969084805,Assinatura Plataforma Livros. Minha Biblioteca,22-05-2025 00:00,Administração geral - Gestão de contratos,TO - Tocantins,13969084805,06-08-2025 17:42,13969084821,"SEÇÃO DE BIBLIOTECA,MEMÓRIA E ARQUIVO",Documento de Oficialização da Demanda - DOD,22-05-2025 15:37
0004605-15.2025.6.27.8000,13969084805,Assinatura Plataforma Livros. Minha Biblioteca,22-05-2025 00:00,Administração geral - Gestão de contratos,TO - Tocantins,13969084805,05-08-2025 19:15,13969084821,"SEÇÃO DE BIBLIOTECA,MEMÓRIA E ARQUIVO",Documento de Oficialização da Demanda - DOD,22-05-2025 15:37
0004605-15.2025.6.27.8000,13969084805,Assinatura Plataforma Livros. Minha Biblioteca,22-05-2025 00:00,Administração geral - Gestão de contratos,TO - Tocantins,13969084805,06-08-2025 17:42,13969183272,SEÇÃO DE ANÁLISE E COMPRAS,Informação,29-10-2025 11:46
0004605-15.2025.6.27.8000,13969084805,Assinatura Plataforma Livros. Minha Biblioteca,22-05-2025 00:00,Administração geral - Gestão de contratos,TO - Tocantins,13969084805,05-08-2025 19:15,13969183272,SEÇÃO DE ANÁLISE E COMPRAS,Informação,29-10-2025 11:46
0004606-97.2025.6.27.8000,13969084806,Contratação de manutenção preventiva avulsa UPS marca Leistung com fornecimento de peça,22-05-2025 00:00,Serviços - Solicitação de serviço,TO - Tocantins,13969084806,02-06-2025 16:02,13969091225,SECAO DE MICROINFORMATICA E APOIO AO USUARIO,Estudos Técnicos Preliminares - ETP,02-06-2025 00:00
0004606-97.2025.6.27.8000,13969084806,Contratação de manutenção preventiva avulsa UPS marca Leistung com fornecimento de peça,22-05-2025 00:00,Serviços - Solicitação de serviço,TO - Tocantins,13969084806,02-06-2025 16:02,13969090522,DIRETORIA GERAL,Portaria,02-06-2025 13:01
0004606-97.2025.6.27.8000,13969084806,Contratação de manutenção preventiva avulsa UPS marca Leistung com fornecimento de peça,22-05-2025 00:00,Serviços - Solicitação de serviço,TO - Tocantins,13969084806,02-06-2025 16:02,13969091629,SEÇÃO DE EDITORAÇÃO E PUBLICAÇÕES,Certidão,03-06-2025 13:16
0004606-97.2025.6.27.8000,13969084806,Contratação de manutenção preventiva avulsa UPS marca Leistung com fornecimento de peça,22-05-2025 00:00,Serviços - Solicitação de serviço,TO - Tocantins,13969084806,02-06-2025 16:02,13969167196,SECAO DE MICROINFORMATICA E APOIO AO USUARIO,Termo de Referência - TR,03-10-2025 00:00
0004606-97.2025.6.27.8000,13969084806,Contratação de manutenção preventiva avulsa UPS marca Leistung com fornecimento de peça,22-05-2025 00:00,Serviços - Solicitação de serviço,TO - Tocantins,13969084806,02-06-2025 16:02,13969297393,SEÇÃO DE CONTRATOS,Contrato,04-05-2026 12:41
0004606-97.2025.6.27.8000,13969084806,Contratação de manutenção preventiva avulsa UPS marca Leistung com fornecimento de peça,22-05-2025 00:00,Serviços - Solicitação de serviço,TO - Tocantins,13969084806,02-06-2025 16:02,13969169444,SECAO DE MICROINFORMATICA E APOIO AO USUARIO,Gerenciamento de Riscos de Contratações,09-10-2025 13:37
0004606-97.2025.6.27.8000,13969084806,Contratação de manutenção preventiva avulsa UPS marca Leistung com fornecimento de peça,22-05-2025 00:00,Serviços - Solicitação de serviço,TO - Tocantins,13969084806,02-06-2025 16:02,13969286879,SEÇÃO DE ANÁLISE E COMPRAS,Informação,10-04-2026 10:18
0004606-97.2025.6.27.8000,13969084806,Contratação de manutenção preventiva avulsa UPS marca Leistung com fornecimento de peça,22-05-2025 00:00,Serviços - Solicitação de serviço,TO - Tocantins,13969084806,02-06-2025 16:02,13969250019,SECAO DE MICROINFORMATICA E APOIO AO USUARIO,Termo de Referência - TR,11-02-2026 00:00
0004606-97.2025.6.27.8000,13969084806,Contratação de manutenção preventiva avulsa UPS marca Leistung com fornecimento de peça,22-05-2025 00:00,Serviços - Solicitação de serviço,TO - Tocantins,13969084806,02-06-2025 16:02,13969288273,SEÇÃO DE ANÁLISE E CONTABILIDADE,Informação,13-04-2026 16:00
0004606-97.2025.6.27.8000,13969084806,Contratação de manutenção preventiva avulsa UPS marca Leistung com fornecimento de peça,22-05-2025 00:00,Serviços - Solicitação de serviço,TO - Tocantins,13969084806,02-06-2025 16:02,13969290317,SEÇÃO DE PLANEJAMENTO E GESTÃO ORÇAMENTÁRIA,Informação,15-04-2026 12:04
0004606-97.2025.6.27.8000,13969084806,Contratação de manutenção preventiva avulsa UPS marca Leistung com fornecimento de peça,22-05-2025 00:00,Serviços - Solicitação de serviço,TO - Tocantins,13969084806,02-06-2025 16:02,13969311658,SECRETARIA DE ADMINISTRAÇÃO E ORÇAMENTO,Portaria,15-05-2026 11:27
0004606-97.2025.6.27.8000,13969084806,Contratação de manutenção preventiva avulsa UPS marca Leistung com fornecimento de peça,22-05-2025 00:00,Serviços - Solicitação de serviço,TO - Tocantins,13969084806,02-06-2025 16:02,13969310085,SEÇÃO DE CONTRATOS,Informação,15-05-2026 14:30
0004606-97.2025.6.27.8000,13969084806,Contratação de manutenção preventiva avulsa UPS marca Leistung com fornecimento de peça,22-05-2025 00:00,Serviços - Solicitação de serviço,TO - Tocantins,13969084806,02-06-2025 16:02,13969312135,SEÇÃO DE CONTRATOS,Informação,15-05-2026 14:32
0004606-97.2025.6.27.8000,13969084806,Contratação de manutenção preventiva avulsa UPS marca Leistung com fornecimento de peça,22-05-2025 00:00,Serviços - Solicitação de serviço,TO - Tocantins,13969084806,02-06-2025 16:02,13969313111,SEÇÃO DE EDITORAÇÃO E PUBLICAÇÕES,Certidão,18-05-2026 13:54
0004606-97.2025.6.27.8000,13969084806,Contratação de manutenção preventiva avulsa UPS marca Leistung com fornecimento de peça,22-05-2025 00:00,Serviços - Solicitação de serviço,TO - Tocantins,13969084806,02-06-2025 16:02,13969235023,SECAO DE MICROINFORMATICA E APOIO AO USUARIO,Memorando,22-01-2026 17:29
0004606-97.2025.6.27.8000,13969084806,Contratação de manutenção preventiva avulsa UPS marca Leistung com fornecimento de peça,22-05-2025 00:00,Serviços - Solicitação de serviço,TO - Tocantins,13969084806,02-06-2025 16:02,13969294932,SEÇÃO DE CONTRATOS,Minuta,23-04-2026 17:53
0004606-97.2025.6.27.8000,13969084806,Contratação de manutenção preventiva avulsa UPS marca Leistung com fornecimento de peça,22-05-2025 00:00,Serviços - Solicitação de serviço,TO - Tocantins,13969084806,02-06-2025 16:02,13969296175,ASSESSORIA JURÍDICA,Parecer,24-04-2026 17:13
0004606-97.2025.6.27.8000,13969084806,Contratação de manutenção preventiva avulsa UPS marca Leistung com fornecimento de peça,22-05-2025 00:00,Serviços - Solicitação de serviço,TO - Tocantins,13969084806,02-06-2025 16:02,13969296191,ASSESSORIA JURÍDICA,Decisão,24-04-2026 17:16
0004606-97.2025.6.27.8000,13969084806,Contratação de manutenção preventiva avulsa UPS marca Leistung com fornecimento de peça,22-05-2025 00:00,Serviços - Solicitação de serviço,TO - Tocantins,13969084806,02-06-2025 16:02,13969258417,SECAO DE MICROINFORMATICA E APOIO AO USUARIO,Termo de Referência - TR,26-02-2026 00:00
0004606-97.2025.6.27.8000,13969084806,Contratação de manutenção preventiva avulsa UPS marca Leistung com fornecimento de peça,22-05-2025 00:00,Serviços - Solicitação de serviço,TO - Tocantins,13969084806,02-06-2025 16:02,13969297439,SEÇÃO DE CONTRATOS,E-mail,27-04-2026 00:00
0004606-97.2025.6.27.8000,13969084806,Contratação de manutenção preventiva avulsa UPS marca Leistung com fornecimento de peça,22-05-2025 00:00,Serviços - Solicitação de serviço,TO - Tocantins,13969084806,02-06-2025 16:02,13969084809,SECAO DE MICROINFORMATICA E APOIO AO USUARIO,Documento de Oficialização da Demanda - DOD,27-05-2025 13:55
0004606-97.2025.6.27.8000,13969084806,Contratação de manutenção preventiva avulsa UPS marca Leistung com fornecimento de peça,22-05-2025 00:00,Serviços - Solicitação de serviço,TO - Tocantins,13969084806,02-06-2025 16:02,13969086836,SECAO DE MICROINFORMATICA E APOIO AO USUARIO,Memorando,27-05-2025 15:57
0004606-97.2025.6.27.8000,13969084806,Contratação de manutenção preventiva avulsa UPS marca Leistung com fornecimento de peça,22-05-2025 00:00,Serviços - Solicitação de serviço,TO - Tocantins,13969084806,02-06-2025 16:02,13969298467,SEÇÃO DE CONTRATOS,E-mail,28-04-2026 00:00
0004606-97.2025.6.27.8000,13969084806,Contratação de manutenção preventiva avulsa UPS marca Leistung com fornecimento de peça,22-05-2025 00:00,Serviços - Solicitação de serviço,TO - Tocantins,13969084806,02-06-2025 16:02,13969299348,SEÇÃO DE CONTRATOS,E-mail,29-04-2026 00:00
0004606-97.2025.6.27.8000,13969084806,Contratação de manutenção preventiva avulsa UPS marca Leistung com fornecimento de peça,22-05-2025 00:00,Serviços - Solicitação de serviço,TO - Tocantins,13969084806,02-06-2025 16:02,13969089350,SECRETARIA DE ADMINISTRAÇÃO E ORÇAMENTO,Minuta,30-05-2025 11:10
0004611-22.2025.6.27.8000,13969084931,Assinatura Plataforma livros. Fórum,22-05-2025 00:00,Administração geral - Gestão de contratos,TO - Tocantins,13969084931,06-08-2025 17:42,13969127508,"SEÇÃO DE BIBLIOTECA,MEMÓRIA E ARQUIVO",Termo de Referência - TR,06-08-2025 00:00
0004611-22.2025.6.27.8000,13969084931,Assinatura Plataforma livros. Fórum,22-05-2025 00:00,Administração geral - Gestão de contratos,TO - Tocantins,13969084931,05-08-2025 19:13,13969127508,"SEÇÃO DE BIBLIOTECA,MEMÓRIA E ARQUIVO",Termo de Referência - TR,06-08-2025 00:00
0004611-22.2025.6.27.8000,13969084931,Assinatura Plataforma livros. Fórum,22-05-2025 00:00,Administração geral - Gestão de contratos,TO - Tocantins,13969084931,06-08-2025 17:42,13969127505,"SEÇÃO DE BIBLIOTECA,MEMÓRIA E ARQUIVO",Estudos Técnicos Preliminares - ETP,06-08-2025 00:00
0004611-22.2025.6.27.8000,13969084931,Assinatura Plataforma livros. Fórum,22-05-2025 00:00,Administração geral - Gestão de contratos,TO - Tocantins,13969084931,05-08-2025 19:13,13969127505,"SEÇÃO DE BIBLIOTECA,MEMÓRIA E ARQUIVO",Estudos Técnicos Preliminares - ETP,06-08-2025 00:00
0004611-22.2025.6.27.8000,13969084931,Assinatura Plataforma livros. Fórum,22-05-2025 00:00,Administração geral - Gestão de contratos,TO - Tocantins,13969084931,06-08-2025 17:42,13969127502,"SEÇÃO DE BIBLIOTECA,MEMÓRIA E ARQUIVO",Gerenciamento de Riscos de Contratações,07-08-2025 16:50
0004611-22.2025.6.27.8000,13969084931,Assinatura Plataforma livros. Fórum,22-05-2025 00:00,Administração geral - Gestão de contratos,TO - Tocantins,13969084931,05-08-2025 19:13,13969127502,"SEÇÃO DE BIBLIOTECA,MEMÓRIA E ARQUIVO",Gerenciamento de Riscos de Contratações,07-08-2025 16:50
0004611-22.2025.6.27.8000,13969084931,Assinatura Plataforma livros. Fórum,22-05-2025 00:00,Administração geral - Gestão de contratos,TO - Tocantins,13969084931,06-08-2025 17:42,13969084975,"SEÇÃO DE BIBLIOTECA,MEMÓRIA E ARQUIVO",Documento de Oficialização da Demanda - DOD,22-05-2025 16:57
0004611-22.2025.6.27.8000,13969084931,Assinatura Plataforma livros. Fórum,22-05-2025 00:00,Administração geral - Gestão de contratos,TO - Tocantins,13969084931,05-08-2025 19:13,13969084975,"SEÇÃO DE BIBLIOTECA,MEMÓRIA E ARQUIVO",Documento de Oficialização da Demanda - DOD,22-05-2025 16:57
0005135-19.2025.6.27.8000,13969095017,Contratação de Perícia Psiquiátrica,09-06-2025 00:00,Pessoal - Assistência Médica e Social,TO - Tocantins,13969095017,10-06-2025 16:20,13969106335,SEÇÃO DE ANÁLISE E COMPRAS,Informação,01-07-2025 19:18
0005135-19.2025.6.27.8000,13969095017,Contratação de Perícia Psiquiátrica,09-06-2025 00:00,Pessoal - Assistência Médica e Social,TO - Tocantins,13969095017,10-06-2025 16:20,13969106883,SEÇÃO DE ANÁLISE E CONTABILIDADE,Informação,02-07-2025 14:56
0005135-19.2025.6.27.8000,13969095017,Contratação de Perícia Psiquiátrica,09-06-2025 00:00,Pessoal - Assistência Médica e Social,TO - Tocantins,13969095017,10-06-2025 16:20,13969107119,SEÇÃO DE PLANEJAMENTO E GESTÃO ORÇAMENTÁRIA,Informação,02-07-2025 18:08
0005135-19.2025.6.27.8000,13969095017,Contratação de Perícia Psiquiátrica,09-06-2025 00:00,Pessoal - Assistência Médica e Social,TO - Tocantins,13969095017,10-06-2025 16:20,13969109539,SECRETARIA DE ADMINISTRAÇÃO E ORÇAMENTO,Decisão,08-07-2025 13:46
0005135-19.2025.6.27.8000,13969095017,Contratação de Perícia Psiquiátrica,09-06-2025 00:00,Pessoal - Assistência Médica e Social,TO - Tocantins,13969095017,10-06-2025 16:20,13969095024,COORDENADORIA DE ASSISTÊNCIA MÉDICA E SOCIAL,Documento de Oficialização da Demanda - DOD,09-06-2025 16:29
0005135-19.2025.6.27.8000,13969095017,Contratação de Perícia Psiquiátrica,09-06-2025 00:00,Pessoal - Assistência Médica e Social,TO - Tocantins,13969095017,10-06-2025 16:20,13969149043,COORDENADORIA DE ASSISTÊNCIA MÉDICA E SOCIAL,Atesto,09-09-2025 17:04
0005135-19.2025.6.27.8000,13969095017,Contratação de Perícia Psiquiátrica,09-06-2025 00:00,Pessoal - Assistência Médica e Social,TO - Tocantins,13969095017,10-06-2025 16:20,13969096222,SEÇÃO DE PLANEJAMENTO E APOIO ADMINISTRATIVO,Termo de Referência - TR,10-06-2025 00:00
0005135-19.2025.6.27.8000,13969095017,Contratação de Perícia Psiquiátrica,09-06-2025 00:00,Pessoal - Assistência Médica e Social,TO - Tocantins,13969095017,10-06-2025 16:20,13969096219,SEÇÃO DE PLANEJAMENTO E APOIO ADMINISTRATIVO,Estudos Técnicos Preliminares - ETP,10-06-2025 00:00
0005135-19.2025.6.27.8000,13969095017,Contratação de Perícia Psiquiátrica,09-06-2025 00:00,Pessoal - Assistência Médica e Social,TO - Tocantins,13969095017,10-06-2025 16:20,13969111005,ASSESSORIA JURÍDICA,Parecer,10-07-2025 16:18
0005135-19.2025.6.27.8000,13969095017,Contratação de Perícia Psiquiátrica,09-06-2025 00:00,Pessoal - Assistência Médica e Social,TO - Tocantins,13969095017,10-06-2025 16:20,13969112423,ASSESSORIA JURÍDICA,Decisão,10-07-2025 16:28
0005135-19.2025.6.27.8000,13969095017,Contratação de Perícia Psiquiátrica,09-06-2025 00:00,Pessoal - Assistência Médica e Social,TO - Tocantins,13969095017,10-06-2025 16:20,13969149921,SEÇÃO DE ANÁLISE E CONTABILIDADE,Informação,10-09-2025 15:23
0005135-19.2025.6.27.8000,13969095017,Contratação de Perícia Psiquiátrica,09-06-2025 00:00,Pessoal - Assistência Médica e Social,TO - Tocantins,13969095017,10-06-2025 16:20,13969114086,SEÇÃO DE ANÁLISE E COMPRAS,E-mail,14-07-2025 00:00
0005135-19.2025.6.27.8000,13969095017,Contratação de Perícia Psiquiátrica,09-06-2025 00:00,Pessoal - Assistência Médica e Social,TO - Tocantins,13969095017,10-06-2025 16:20,13969114057,SEÇÃO DE ANÁLISE E COMPRAS,E-mail,14-07-2025 00:00
0005135-19.2025.6.27.8000,13969095017,Contratação de Perícia Psiquiátrica,09-06-2025 00:00,Pessoal - Assistência Médica e Social,TO - Tocantins,13969095017,10-06-2025 16:20,13969114005,SEÇÃO DE ANÁLISE E COMPRAS,Ofício,14-07-2025 15:00
0005135-19.2025.6.27.8000,13969095017,Contratação de Perícia Psiquiátrica,09-06-2025 00:00,Pessoal - Assistência Médica e Social,TO - Tocantins,13969095017,10-06-2025 16:20,13969097492,SEÇÃO DE CONTRATOS,Minuta,16-06-2025 13:08
0005135-19.2025.6.27.8000,13969095017,Contratação de Perícia Psiquiátrica,09-06-2025 00:00,Pessoal - Assistência Médica e Social,TO - Tocantins,13969095017,10-06-2025 16:20,13969099723,COORDENADORIA DE ASSISTÊNCIA MÉDICA E SOCIAL,Termo de Referência - TR,17-06-2025 00:00
0005190-67.2025.6.27.8000,13969096029,Peças para empilhadeiras da central de urnas,10-06-2025 00:00,Administração geral - Licitação,TO - Tocantins,13969096029,10-07-2025 16:48,13969108997,SEÇÃO DE ANÁLISE E COMPRAS,Informação,07-07-2025 12:05
0005190-67.2025.6.27.8000,13969096029,Peças para empilhadeiras da central de urnas,10-06-2025 00:00,Administração geral - Licitação,TO - Tocantins,13969096029,10-07-2025 16:48,13969109657,SEÇÃO DE ANÁLISE E CONTABILIDADE,Informação,07-07-2025 17:12
0005190-67.2025.6.27.8000,13969096029,Peças para empilhadeiras da central de urnas,10-06-2025 00:00,Administração geral - Licitação,TO - Tocantins,13969096029,10-07-2025 16:48,13969110096,SEÇÃO DE PLANEJAMENTO E GESTÃO ORÇAMENTÁRIA,Informação,08-07-2025 13:32
0005190-67.2025.6.27.8000,13969096029,Peças para empilhadeiras da central de urnas,10-06-2025 00:00,Administração geral - Licitação,TO - Tocantins,13969096029,10-07-2025 16:48,13969096035,SEÇÃO DE VOTO INFORMATIZADO E URNAS ELETRÔNICAS,Documento de Oficialização da Demanda - DOD,10-06-2025 15:33
0005190-67.2025.6.27.8000,13969096029,Peças para empilhadeiras da central de urnas,10-06-2025 00:00,Administração geral - Licitação,TO - Tocantins,13969096029,10-07-2025 16:48,13969113293,ASSESSORIA JURÍDICA,Parecer,11-07-2025 16:46
0005190-67.2025.6.27.8000,13969096029,Peças para empilhadeiras da central de urnas,10-06-2025 00:00,Administração geral - Licitação,TO - Tocantins,13969096029,10-07-2025 16:48,13969113357,ASSESSORIA JURÍDICA,Decisão,11-07-2025 16:49
0005190-67.2025.6.27.8000,13969096029,Peças para empilhadeiras da central de urnas,10-06-2025 00:00,Administração geral - Licitação,TO - Tocantins,13969096029,10-07-2025 16:48,13969099208,SEÇÃO DE VOTO INFORMATIZADO E URNAS ELETRÔNICAS,Termo de Referência - TR,16-06-2025 00:00
0005190-67.2025.6.27.8000,13969096029,Peças para empilhadeiras da central de urnas,10-06-2025 00:00,Administração geral - Licitação,TO - Tocantins,13969096029,10-07-2025 16:48,13969099115,SEÇÃO DE VOTO INFORMATIZADO E URNAS ELETRÔNICAS,Estudos Técnicos Preliminares - ETP,16-06-2025 00:00
0005190-67.2025.6.27.8000,13969096029,Peças para empilhadeiras da central de urnas,10-06-2025 00:00,Administração geral - Licitação,TO - Tocantins,13969096029,10-07-2025 16:48,13969116036,SEÇÃO DE ANÁLISE E COMPRAS,E-mail,16-07-2025 00:00
0005190-67.2025.6.27.8000,13969096029,Peças para empilhadeiras da central de urnas,10-06-2025 00:00,Administração geral - Licitação,TO - Tocantins,13969096029,10-07-2025 16:48,13969115937,SEÇÃO DE ANÁLISE E COMPRAS,Ofício,16-07-2025 15:06
0005190-67.2025.6.27.8000,13969096029,Peças para empilhadeiras da central de urnas,10-06-2025 00:00,Administração geral - Licitação,TO - Tocantins,13969096029,10-07-2025 16:48,13969116651,SEÇÃO DE ANÁLISE E COMPRAS,E-mail,17-07-2025 00:00
0005190-67.2025.6.27.8000,13969096029,Peças para empilhadeiras da central de urnas,10-06-2025 00:00,Administração geral - Licitação,TO - Tocantins,13969096029,10-07-2025 16:48,13969101367,SEÇÃO DE VOTO INFORMATIZADO E URNAS ELETRÔNICAS,Gerenciamento de Riscos de Contratações,23-06-2025 16:28
0005190-67.2025.6.27.8000,13969096029,Peças para empilhadeiras da central de urnas,10-06-2025 00:00,Administração geral - Licitação,TO - Tocantins,13969096029,10-07-2025 16:48,13969102671,SEÇÃO DE VOTO INFORMATIZADO E URNAS ELETRÔNICAS,Termo de Referência - TR,25-06-2025 00:00
0005190-67.2025.6.27.8000,13969096029,Peças para empilhadeiras da central de urnas,10-06-2025 00:00,Administração geral - Licitação,TO - Tocantins,13969096029,10-07-2025 16:48,13969138448,SEÇÃO DE VOTO INFORMATIZADO E URNAS ELETRÔNICAS,Atesto,25-08-2025 16:13
0005190-67.2025.6.27.8000,13969096029,Peças para empilhadeiras da central de urnas,10-06-2025 00:00,Administração geral - Licitação,TO - Tocantins,13969096029,10-07-2025 16:48,13969138696,SEÇÃO DE ANÁLISE E CONTABILIDADE,Informação,25-08-2025 18:20
0005190-67.2025.6.27.8000,13969096029,Peças para empilhadeiras da central de urnas,10-06-2025 00:00,Administração geral - Licitação,TO - Tocantins,13969096029,10-07-2025 16:48,13969139578,SEÇÃO DE PATRIMÔNIO E ALMOXARIFADO,Informação,26-08-2025 17:29
0005968-37.2025.6.27.8000,13969110570,Aquisição de Lona para proteção de urnas eletrônicas armazenadas em pallets,08-07-2025 00:00,Administração geral - Licitação,TO - Tocantins,13969110570,10-07-2025 18:47,13969142110,SEÇÃO DE ANÁLISE E COMPRAS,Informação,01-09-2025 14:27
0005968-37.2025.6.27.8000,13969110570,Aquisição de Lona para proteção de urnas eletrônicas armazenadas em pallets,08-07-2025 00:00,Administração geral - Licitação,TO - Tocantins,13969110570,10-07-2025 18:47,13969143306,SEÇÃO DE ANÁLISE E CONTABILIDADE,Informação,01-09-2025 15:48
0005968-37.2025.6.27.8000,13969110570,Aquisição de Lona para proteção de urnas eletrônicas armazenadas em pallets,08-07-2025 00:00,Administração geral - Licitação,TO - Tocantins,13969110570,10-07-2025 18:47,13969144108,SEÇÃO DE PLANEJAMENTO E GESTÃO ORÇAMENTÁRIA,Informação,02-09-2025 11:41
0005968-37.2025.6.27.8000,13969110570,Aquisição de Lona para proteção de urnas eletrônicas armazenadas em pallets,08-07-2025 00:00,Administração geral - Licitação,TO - Tocantins,13969110570,10-07-2025 18:47,13969211767,SEÇÃO DE PATRIMÔNIO E ALMOXARIFADO,Informação,05-12-2025 14:13
0005968-37.2025.6.27.8000,13969110570,Aquisição de Lona para proteção de urnas eletrônicas armazenadas em pallets,08-07-2025 00:00,Administração geral - Licitação,TO - Tocantins,13969110570,10-07-2025 18:47,13969127223,SEÇÃO DE VOTO INFORMATIZADO E URNAS ELETRÔNICAS,Estudos Técnicos Preliminares - ETP,06-08-2025 00:00
0005968-37.2025.6.27.8000,13969110570,Aquisição de Lona para proteção de urnas eletrônicas armazenadas em pallets,08-07-2025 00:00,Administração geral - Licitação,TO - Tocantins,13969110570,10-07-2025 18:47,13969110575,SEÇÃO DE VOTO INFORMATIZADO E URNAS ELETRÔNICAS,Documento de Oficialização da Demanda - DOD,08-07-2025 17:15
0005968-37.2025.6.27.8000,13969110570,Aquisição de Lona para proteção de urnas eletrônicas armazenadas em pallets,08-07-2025 00:00,Administração geral - Licitação,TO - Tocantins,13969110570,10-07-2025 18:47,13969112572,DIRETORIA GERAL,Portaria,10-07-2025 17:51
0005968-37.2025.6.27.8000,13969110570,Aquisição de Lona para proteção de urnas eletrônicas armazenadas em pallets,08-07-2025 00:00,Administração geral - Licitação,TO - Tocantins,13969110570,10-07-2025 18:47,13969216941,SEÇÃO DE PATRIMÔNIO E ALMOXARIFADO,Atesto,12-12-2025 14:42
0005968-37.2025.6.27.8000,13969110570,Aquisição de Lona para proteção de urnas eletrônicas armazenadas em pallets,08-07-2025 00:00,Administração geral - Licitação,TO - Tocantins,13969110570,10-07-2025 18:47,13969113832,SEÇÃO DE EDITORAÇÃO E PUBLICAÇÕES,Certidão,14-07-2025 13:25
0005968-37.2025.6.27.8000,13969110570,Aquisição de Lona para proteção de urnas eletrônicas armazenadas em pallets,08-07-2025 00:00,Administração geral - Licitação,TO - Tocantins,13969110570,10-07-2025 18:47,13969218969,SEÇÃO DE ANÁLISE E CONTABILIDADE,Informação,15-12-2025 17:39
0005968-37.2025.6.27.8000,13969110570,Aquisição de Lona para proteção de urnas eletrônicas armazenadas em pallets,08-07-2025 00:00,Administração geral - Licitação,TO - Tocantins,13969110570,10-07-2025 18:47,13969175888,SEÇÃO DE VOTO INFORMATIZADO E URNAS ELETRÔNICAS,Informação,16-10-2025 17:16
0005968-37.2025.6.27.8000,13969110570,Aquisição de Lona para proteção de urnas eletrônicas armazenadas em pallets,08-07-2025 00:00,Administração geral - Licitação,TO - Tocantins,13969110570,10-07-2025 18:47,13969220672,SEÇÃO DE PATRIMÔNIO E ALMOXARIFADO,Informação,17-12-2025 10:16
0005968-37.2025.6.27.8000,13969110570,Aquisição de Lona para proteção de urnas eletrônicas armazenadas em pallets,08-07-2025 00:00,Administração geral - Licitação,TO - Tocantins,13969110570,10-07-2025 18:47,13969133319,SEÇÃO DE VOTO INFORMATIZADO E URNAS ELETRÔNICAS,Termo de Referência - TR,18-08-2025 00:00
0005968-37.2025.6.27.8000,13969110570,Aquisição de Lona para proteção de urnas eletrônicas armazenadas em pallets,08-07-2025 00:00,Administração geral - Licitação,TO - Tocantins,13969110570,10-07-2025 18:47,13969131972,SEÇÃO DE VOTO INFORMATIZADO E URNAS ELETRÔNICAS,Gerenciamento de Riscos de Contratações,18-08-2025 16:10
0005968-37.2025.6.27.8000,13969110570,Aquisição de Lona para proteção de urnas eletrônicas armazenadas em pallets,08-07-2025 00:00,Administração geral - Licitação,TO - Tocantins,13969110570,10-07-2025 18:47,13969158030,ASSESSORIA JURÍDICA,Parecer,21-09-2025 22:12
0005968-37.2025.6.27.8000,13969110570,Aquisição de Lona para proteção de urnas eletrônicas armazenadas em pallets,08-07-2025 00:00,Administração geral - Licitação,TO - Tocantins,13969110570,10-07-2025 18:47,13969158031,ASSESSORIA JURÍDICA,Decisão,21-09-2025 22:14
0005968-37.2025.6.27.8000,13969110570,Aquisição de Lona para proteção de urnas eletrônicas armazenadas em pallets,08-07-2025 00:00,Administração geral - Licitação,TO - Tocantins,13969110570,10-07-2025 18:47,13969182408,ASSESSORIA JURÍDICA,Parecer,28-10-2025 00:08
0005968-37.2025.6.27.8000,13969110570,Aquisição de Lona para proteção de urnas eletrônicas armazenadas em pallets,08-07-2025 00:00,Administração geral - Licitação,TO - Tocantins,13969110570,10-07-2025 18:47,13969182409,ASSESSORIA JURÍDICA,Decisão,28-10-2025 00:09
0005968-37.2025.6.27.8000,13969110570,Aquisição de Lona para proteção de urnas eletrônicas armazenadas em pallets,08-07-2025 00:00,Administração geral - Licitação,TO - Tocantins,13969110570,10-07-2025 18:47,13969184446,SEÇÃO DE ANÁLISE E COMPRAS,E-mail,30-10-2025 00:00
0005968-37.2025.6.27.8000,13969110570,Aquisição de Lona para proteção de urnas eletrônicas armazenadas em pallets,08-07-2025 00:00,Administração geral - Licitação,TO - Tocantins,13969110570,10-07-2025 18:47,13969184406,SEÇÃO DE ANÁLISE E COMPRAS,Ofício,30-10-2025 14:22
0006077-51.2025.6.27.8000,13969113146,Contratação arranjos de flores 2025,11-07-2025 00:00,Administração geral - Licitação,TO - Tocantins,13969113146,18-08-2025 16:03,13969167187,SEÇÃO DE ANÁLISE E COMPRAS,Informação,06-10-2025 14:20
0006077-51.2025.6.27.8000,13969113146,Contratação arranjos de flores 2025,11-07-2025 00:00,Administração geral - Licitação,TO - Tocantins,13969113146,18-08-2025 16:03,13969168210,SEÇÃO DE ANÁLISE E CONTABILIDADE,Informação,06-10-2025 15:39
0006077-51.2025.6.27.8000,13969113146,Contratação arranjos de flores 2025,11-07-2025 00:00,Administração geral - Licitação,TO - Tocantins,13969113146,18-08-2025 16:03,13969168389,SEÇÃO DE PLANEJAMENTO E GESTÃO ORÇAMENTÁRIA,Informação,06-10-2025 16:51
0006077-51.2025.6.27.8000,13969113146,Contratação arranjos de flores 2025,11-07-2025 00:00,Administração geral - Licitação,TO - Tocantins,13969113146,18-08-2025 16:03,13969113147,"ASSESSORIA DE COMUNICAÇÃO SOCIAL, CORPORATIVA E CERIMONIAL",Documento de Oficialização da Demanda - DOD,11-07-2025 15:08
0006077-51.2025.6.27.8000,13969113146,Contratação arranjos de flores 2025,11-07-2025 00:00,Administração geral - Licitação,TO - Tocantins,13969113146,18-08-2025 16:03,13969113254,"ASSESSORIA DE COMUNICAÇÃO SOCIAL, CORPORATIVA E CERIMONIAL",Memorando,11-07-2025 15:50
0006077-51.2025.6.27.8000,13969113146,Contratação arranjos de flores 2025,11-07-2025 00:00,Administração geral - Licitação,TO - Tocantins,13969113146,18-08-2025 16:03,13969133347,"ASSESSORIA DE COMUNICAÇÃO SOCIAL, CORPORATIVA E CERIMONIAL",Estudos Técnicos Preliminares - ETP,18-08-2025 00:00
0006077-51.2025.6.27.8000,13969113146,Contratação arranjos de flores 2025,11-07-2025 00:00,Administração geral - Licitação,TO - Tocantins,13969113146,18-08-2025 16:03,13969133839,"ASSESSORIA DE COMUNICAÇÃO SOCIAL, CORPORATIVA E CERIMONIAL",Termo de Referência - TR,19-08-2025 00:00
0006077-51.2025.6.27.8000,13969113146,Contratação arranjos de flores 2025,11-07-2025 00:00,Administração geral - Licitação,TO - Tocantins,13969113146,18-08-2025 16:03,13969133815,"ASSESSORIA DE COMUNICAÇÃO SOCIAL, CORPORATIVA E CERIMONIAL",Gerenciamento de Riscos de Contratações,19-08-2025 10:47
0006077-51.2025.6.27.8000,13969113146,Contratação arranjos de flores 2025,11-07-2025 00:00,Administração geral - Licitação,TO - Tocantins,13969113146,18-08-2025 16:03,13969203793,ASSESSORIA JURÍDICA,Parecer,27-11-2025 13:51
0006077-51.2025.6.27.8000,13969113146,Contratação arranjos de flores 2025,11-07-2025 00:00,Administração geral - Licitação,TO - Tocantins,13969113146,18-08-2025 16:03,13969204650,ASSESSORIA JURÍDICA,Decisão,27-11-2025 13:56
0006077-51.2025.6.27.8000,13969113146,Contratação arranjos de flores 2025,11-07-2025 00:00,Administração geral - Licitação,TO - Tocantins,13969113146,18-08-2025 16:03,13969205673,SEÇÃO DE LICITAÇÕES,Ata de Registro de Preços,28-11-2025 14:22
0006077-51.2025.6.27.8000,13969113146,Contratação arranjos de flores 2025,11-07-2025 00:00,Administração geral - Licitação,TO - Tocantins,13969113146,18-08-2025 16:03,13969183991,ASSESSORIA JURÍDICA,Parecer,29-10-2025 23:29
0006077-51.2025.6.27.8000,13969113146,Contratação arranjos de flores 2025,11-07-2025 00:00,Administração geral - Licitação,TO - Tocantins,13969113146,18-08-2025 16:03,13969183992,ASSESSORIA JURÍDICA,Decisão,29-10-2025 23:31
0006536-53.2025.6.27.8000,13969121235,Aquisição de EPIs para central de Urnas,28-07-2025 00:00,Administração geral - Licitação,TO - Tocantins,13969121235,08-08-2025 18:17,13969125570,SEÇÃO DE VOTO INFORMATIZADO E URNAS ELETRÔNICAS,Estudos Técnicos Preliminares - ETP,04-08-2025 00:00
0006536-53.2025.6.27.8000,13969121235,Aquisição de EPIs para central de Urnas,28-07-2025 00:00,Administração geral - Licitação,TO - Tocantins,13969121235,08-08-2025 18:17,13969127447,SEÇÃO DE VOTO INFORMATIZADO E URNAS ELETRÔNICAS,Termo de Referência - TR,06-08-2025 00:00
0006536-53.2025.6.27.8000,13969121235,Aquisição de EPIs para central de Urnas,28-07-2025 00:00,Administração geral - Licitação,TO - Tocantins,13969121235,08-08-2025 18:17,13969127370,SEÇÃO DE VOTO INFORMATIZADO E URNAS ELETRÔNICAS,Gerenciamento de Riscos de Contratações,06-08-2025 17:41
0006536-53.2025.6.27.8000,13969121235,Aquisição de EPIs para central de Urnas,28-07-2025 00:00,Administração geral - Licitação,TO - Tocantins,13969121235,08-08-2025 18:17,13969147981,SEÇÃO DE ANÁLISE E COMPRAS,Informação,09-09-2025 11:11
0006536-53.2025.6.27.8000,13969121235,Aquisição de EPIs para central de Urnas,28-07-2025 00:00,Administração geral - Licitação,TO - Tocantins,13969121235,08-08-2025 18:17,13969149036,SEÇÃO DE ANÁLISE E CONTABILIDADE,Informação,09-09-2025 17:05
0006536-53.2025.6.27.8000,13969121235,Aquisição de EPIs para central de Urnas,28-07-2025 00:00,Administração geral - Licitação,TO - Tocantins,13969121235,08-08-2025 18:17,13969149973,SEÇÃO DE PLANEJAMENTO E GESTÃO ORÇAMENTÁRIA,Informação,10-09-2025 15:59
0006536-53.2025.6.27.8000,13969121235,Aquisição de EPIs para central de Urnas,28-07-2025 00:00,Administração geral - Licitação,TO - Tocantins,13969121235,08-08-2025 18:17,13969130979,SEÇÃO DE VOTO INFORMATIZADO E URNAS ELETRÔNICAS,Termo de Referência - TR,13-08-2025 00:00
0006536-53.2025.6.27.8000,13969121235,Aquisição de EPIs para central de Urnas,28-07-2025 00:00,Administração geral - Licitação,TO - Tocantins,13969121235,08-08-2025 18:17,13969130905,SEÇÃO DE VOTO INFORMATIZADO E URNAS ELETRÔNICAS,Informação,13-08-2025 17:25
0006536-53.2025.6.27.8000,13969121235,Aquisição de EPIs para central de Urnas,28-07-2025 00:00,Administração geral - Licitação,TO - Tocantins,13969121235,08-08-2025 18:17,13969157105,ASSESSORIA JURÍDICA,Parecer,19-09-2025 13:49
0006536-53.2025.6.27.8000,13969121235,Aquisição de EPIs para central de Urnas,28-07-2025 00:00,Administração geral - Licitação,TO - Tocantins,13969121235,08-08-2025 18:17,13969157106,ASSESSORIA JURÍDICA,Decisão,19-09-2025 13:52
0006536-53.2025.6.27.8000,13969121235,Aquisição de EPIs para central de Urnas,28-07-2025 00:00,Administração geral - Licitação,TO - Tocantins,13969121235,08-08-2025 18:17,13969135626,SEÇÃO DE VOTO INFORMATIZADO E URNAS ELETRÔNICAS,Termo de Referência - TR,20-08-2025 00:00
0006536-53.2025.6.27.8000,13969121235,Aquisição de EPIs para central de Urnas,28-07-2025 00:00,Administração geral - Licitação,TO - Tocantins,13969121235,08-08-2025 18:17,13969159846,SEÇÃO DE LICITAÇÕES,Certidão,24-09-2025 13:20
0006536-53.2025.6.27.8000,13969121235,Aquisição de EPIs para central de Urnas,28-07-2025 00:00,Administração geral - Licitação,TO - Tocantins,13969121235,08-08-2025 18:17,13969121236,SEÇÃO DE VOTO INFORMATIZADO E URNAS ELETRÔNICAS,Documento de Oficialização da Demanda - DOD,28-07-2025 17:02
0006567-73.2025.6.27.8000,13969122085,Aquisição de mesas ou bancadas para manutenção preventiva de urnas eletrônicas,29-07-2025 00:00,Administração geral - Licitação,TO - Tocantins,13969122085,08-08-2025 18:03,13969122086,SEÇÃO DE VOTO INFORMATIZADO E URNAS ELETRÔNICAS,Documento de Oficialização da Demanda - DOD,01-08-2025 18:43
0006679-42.2025.6.27.8000,13969123897,Contratação serviços de buffet 2025,01-08-2025 00:00,Administração geral - Licitação,TO - Tocantins,13969123897,13-03-2026 09:52,13969123898,"ASSESSORIA DE COMUNICAÇÃO SOCIAL, CORPORATIVA E CERIMONIAL",Documento de Oficialização da Demanda - DOD,01-08-2025 12:26
0006679-42.2025.6.27.8000,13969123897,Contratação serviços de buffet 2025,01-08-2025 00:00,Administração geral - Licitação,TO - Tocantins,13969123897,13-03-2026 09:52,13969123898,"ASSESSORIA DE COMUNICAÇÃO SOCIAL, CORPORATIVA E CERIMONIAL",Documento de Oficialização da Demanda - DOD,01-08-2025 12:26
0006679-42.2025.6.27.8000,13969123897,Contratação serviços de buffet 2025,01-08-2025 00:00,Administração geral - Licitação,TO - Tocantins,13969123897,13-03-2026 09:52,13969241359,"ASSESSORIA DE COMUNICAÇÃO SOCIAL, CORPORATIVA E CERIMONIAL",Termo de Referência - TR,02-02-2026 00:00
0006679-42.2025.6.27.8000,13969123897,Contratação serviços de buffet 2025,01-08-2025 00:00,Administração geral - Licitação,TO - Tocantins,13969123897,13-03-2026 09:52,13969241359,"ASSESSORIA DE COMUNICAÇÃO SOCIAL, CORPORATIVA E CERIMONIAL",Termo de Referência - TR,02-02-2026 00:00
0006679-42.2025.6.27.8000,13969123897,Contratação serviços de buffet 2025,01-08-2025 00:00,Administração geral - Licitação,TO - Tocantins,13969123897,13-03-2026 09:52,13969166114,"ASSESSORIA DE COMUNICAÇÃO SOCIAL, CORPORATIVA E CERIMONIAL",Termo de Referência - TR,02-10-2025 00:00
0006679-42.2025.6.27.8000,13969123897,Contratação serviços de buffet 2025,01-08-2025 00:00,Administração geral - Licitação,TO - Tocantins,13969123897,13-03-2026 09:52,13969166114,"ASSESSORIA DE COMUNICAÇÃO SOCIAL, CORPORATIVA E CERIMONIAL",Termo de Referência - TR,02-10-2025 00:00
0006679-42.2025.6.27.8000,13969123897,Contratação serviços de buffet 2025,01-08-2025 00:00,Administração geral - Licitação,TO - Tocantins,13969123897,13-03-2026 09:52,13969165661,"ASSESSORIA DE COMUNICAÇÃO SOCIAL, CORPORATIVA E CERIMONIAL",Estudos Técnicos Preliminares - ETP,02-10-2025 00:00
0006679-42.2025.6.27.8000,13969123897,Contratação serviços de buffet 2025,01-08-2025 00:00,Administração geral - Licitação,TO - Tocantins,13969123897,13-03-2026 09:52,13969165661,"ASSESSORIA DE COMUNICAÇÃO SOCIAL, CORPORATIVA E CERIMONIAL",Estudos Técnicos Preliminares - ETP,02-10-2025 00:00
0006679-42.2025.6.27.8000,13969123897,Contratação serviços de buffet 2025,01-08-2025 00:00,Administração geral - Licitação,TO - Tocantins,13969123897,13-03-2026 09:52,13969165790,"ASSESSORIA DE COMUNICAÇÃO SOCIAL, CORPORATIVA E CERIMONIAL",Gerenciamento de Riscos de Contratações,02-10-2025 15:27
0006679-42.2025.6.27.8000,13969123897,Contratação serviços de buffet 2025,01-08-2025 00:00,Administração geral - Licitação,TO - Tocantins,13969123897,13-03-2026 09:52,13969165790,"ASSESSORIA DE COMUNICAÇÃO SOCIAL, CORPORATIVA E CERIMONIAL",Gerenciamento de Riscos de Contratações,02-10-2025 15:27
0006679-42.2025.6.27.8000,13969123897,Contratação serviços de buffet 2025,01-08-2025 00:00,Administração geral - Licitação,TO - Tocantins,13969123897,13-03-2026 09:52,13969190551,"ASSESSORIA DE COMUNICAÇÃO SOCIAL, CORPORATIVA E CERIMONIAL",Termo de Referência - TR,07-11-2025 00:00
0006679-42.2025.6.27.8000,13969123897,Contratação serviços de buffet 2025,01-08-2025 00:00,Administração geral - Licitação,TO - Tocantins,13969123897,13-03-2026 09:52,13969190551,"ASSESSORIA DE COMUNICAÇÃO SOCIAL, CORPORATIVA E CERIMONIAL",Termo de Referência - TR,07-11-2025 00:00
0006679-42.2025.6.27.8000,13969123897,Contratação serviços de buffet 2025,01-08-2025 00:00,Administração geral - Licitação,TO - Tocantins,13969123897,13-03-2026 09:52,13969266189,ASSESSORIA JURÍDICA,Parecer,09-03-2026 17:05
0006679-42.2025.6.27.8000,13969123897,Contratação serviços de buffet 2025,01-08-2025 00:00,Administração geral - Licitação,TO - Tocantins,13969123897,13-03-2026 09:52,13969266189,ASSESSORIA JURÍDICA,Parecer,09-03-2026 17:05
0006679-42.2025.6.27.8000,13969123897,Contratação serviços de buffet 2025,01-08-2025 00:00,Administração geral - Licitação,TO - Tocantins,13969123897,13-03-2026 09:52,13969266375,ASSESSORIA JURÍDICA,Decisão,09-03-2026 17:12
0006679-42.2025.6.27.8000,13969123897,Contratação serviços de buffet 2025,01-08-2025 00:00,Administração geral - Licitação,TO - Tocantins,13969123897,13-03-2026 09:52,13969266375,ASSESSORIA JURÍDICA,Decisão,09-03-2026 17:12
0006679-42.2025.6.27.8000,13969123897,Contratação serviços de buffet 2025,01-08-2025 00:00,Administração geral - Licitação,TO - Tocantins,13969123897,13-03-2026 09:52,13969267668,SEÇÃO DE LICITAÇÕES,Ata de Registro de Preços,10-03-2026 17:05
0006679-42.2025.6.27.8000,13969123897,Contratação serviços de buffet 2025,01-08-2025 00:00,Administração geral - Licitação,TO - Tocantins,13969123897,13-03-2026 09:52,13969267668,SEÇÃO DE LICITAÇÕES,Ata de Registro de Preços,10-03-2026 17:05
0006679-42.2025.6.27.8000,13969123897,Contratação serviços de buffet 2025,01-08-2025 00:00,Administração geral - Licitação,TO - Tocantins,13969123897,13-03-2026 09:52,13969267682,SEÇÃO DE LICITAÇÕES,Ata de Registro de Preços,10-03-2026 17:12
0006679-42.2025.6.27.8000,13969123897,Contratação serviços de buffet 2025,01-08-2025 00:00,Administração geral - Licitação,TO - Tocantins,13969123897,13-03-2026 09:52,13969267682,SEÇÃO DE LICITAÇÕES,Ata de Registro de Preços,10-03-2026 17:12
0006679-42.2025.6.27.8000,13969123897,Contratação serviços de buffet 2025,01-08-2025 00:00,Administração geral - Licitação,TO - Tocantins,13969123897,13-03-2026 09:52,13969252543,COMISSAO PERMANENTE DE LICITACOES - CPL,Informação,13-02-2026 12:49
0006679-42.2025.6.27.8000,13969123897,Contratação serviços de buffet 2025,01-08-2025 00:00,Administração geral - Licitação,TO - Tocantins,13969123897,13-03-2026 09:52,13969252543,COMISSAO PERMANENTE DE LICITACOES - CPL,Informação,13-02-2026 12:49
0006679-42.2025.6.27.8000,13969123897,Contratação serviços de buffet 2025,01-08-2025 00:00,Administração geral - Licitação,TO - Tocantins,13969123897,13-03-2026 09:52,13969173278,"ASSESSORIA DE COMUNICAÇÃO SOCIAL, CORPORATIVA E CERIMONIAL",Termo de Referência - TR,14-10-2025 00:00
0006679-42.2025.6.27.8000,13969123897,Contratação serviços de buffet 2025,01-08-2025 00:00,Administração geral - Licitação,TO - Tocantins,13969123897,13-03-2026 09:52,13969173278,"ASSESSORIA DE COMUNICAÇÃO SOCIAL, CORPORATIVA E CERIMONIAL",Termo de Referência - TR,14-10-2025 00:00
0006679-42.2025.6.27.8000,13969123897,Contratação serviços de buffet 2025,01-08-2025 00:00,Administração geral - Licitação,TO - Tocantins,13969123897,13-03-2026 09:52,13969271281,SECRETARIA DE ADMINISTRAÇÃO E ORÇAMENTO,E-mail,16-03-2026 00:00
0006679-42.2025.6.27.8000,13969123897,Contratação serviços de buffet 2025,01-08-2025 00:00,Administração geral - Licitação,TO - Tocantins,13969123897,13-03-2026 09:52,13969271281,SECRETARIA DE ADMINISTRAÇÃO E ORÇAMENTO,E-mail,16-03-2026 00:00
0006679-42.2025.6.27.8000,13969123897,Contratação serviços de buffet 2025,01-08-2025 00:00,Administração geral - Licitação,TO - Tocantins,13969123897,13-03-2026 09:52,13969210505,ASSESSORIA JURÍDICA,Parecer,22-12-2025 15:54
0006679-42.2025.6.27.8000,13969123897,Contratação serviços de buffet 2025,01-08-2025 00:00,Administração geral - Licitação,TO - Tocantins,13969123897,13-03-2026 09:52,13969210505,ASSESSORIA JURÍDICA,Parecer,22-12-2025 15:54
0006679-42.2025.6.27.8000,13969123897,Contratação serviços de buffet 2025,01-08-2025 00:00,Administração geral - Licitação,TO - Tocantins,13969123897,13-03-2026 09:52,13969210506,ASSESSORIA JURÍDICA,Decisão,22-12-2025 16:09
0006679-42.2025.6.27.8000,13969123897,Contratação serviços de buffet 2025,01-08-2025 00:00,Administração geral - Licitação,TO - Tocantins,13969123897,13-03-2026 09:52,13969210506,ASSESSORIA JURÍDICA,Decisão,22-12-2025 16:09
0006679-42.2025.6.27.8000,13969123897,Contratação serviços de buffet 2025,01-08-2025 00:00,Administração geral - Licitação,TO - Tocantins,13969123897,13-03-2026 09:52,13969235718,SECRETARIA DE ADMINISTRAÇÃO E ORÇAMENTO,E-mail,23-01-2026 00:00
0006679-42.2025.6.27.8000,13969123897,Contratação serviços de buffet 2025,01-08-2025 00:00,Administração geral - Licitação,TO - Tocantins,13969123897,13-03-2026 09:52,13969235718,SECRETARIA DE ADMINISTRAÇÃO E ORÇAMENTO,E-mail,23-01-2026 00:00
0006679-42.2025.6.27.8000,13969123897,Contratação serviços de buffet 2025,01-08-2025 00:00,Administração geral - Licitação,TO - Tocantins,13969123897,13-03-2026 09:52,13969235402,SECRETARIA DE ADMINISTRAÇÃO E ORÇAMENTO,Ofício,23-01-2026 15:49
0006679-42.2025.6.27.8000,13969123897,Contratação serviços de buffet 2025,01-08-2025 00:00,Administração geral - Licitação,TO - Tocantins,13969123897,13-03-2026 09:52,13969235402,SECRETARIA DE ADMINISTRAÇÃO E ORÇAMENTO,Ofício,23-01-2026 15:49
0006679-42.2025.6.27.8000,13969123897,Contratação serviços de buffet 2025,01-08-2025 00:00,Administração geral - Licitação,TO - Tocantins,13969123897,13-03-2026 09:52,13969180489,SEÇÃO DE ANÁLISE E COMPRAS,Informação,24-10-2025 13:34
0006679-42.2025.6.27.8000,13969123897,Contratação serviços de buffet 2025,01-08-2025 00:00,Administração geral - Licitação,TO - Tocantins,13969123897,13-03-2026 09:52,13969180489,SEÇÃO DE ANÁLISE E COMPRAS,Informação,24-10-2025 13:34
0006679-42.2025.6.27.8000,13969123897,Contratação serviços de buffet 2025,01-08-2025 00:00,Administração geral - Licitação,TO - Tocantins,13969123897,13-03-2026 09:52,13969181015,SEÇÃO DE ANÁLISE E CONTABILIDADE,Informação,24-10-2025 14:21
0006679-42.2025.6.27.8000,13969123897,Contratação serviços de buffet 2025,01-08-2025 00:00,Administração geral - Licitação,TO - Tocantins,13969123897,13-03-2026 09:52,13969181015,SEÇÃO DE ANÁLISE E CONTABILIDADE,Informação,24-10-2025 14:21
0006679-42.2025.6.27.8000,13969123897,Contratação serviços de buffet 2025,01-08-2025 00:00,Administração geral - Licitação,TO - Tocantins,13969123897,13-03-2026 09:52,13969181362,SEÇÃO DE PLANEJAMENTO E GESTÃO ORÇAMENTÁRIA,Informação,24-10-2025 19:39
0006679-42.2025.6.27.8000,13969123897,Contratação serviços de buffet 2025,01-08-2025 00:00,Administração geral - Licitação,TO - Tocantins,13969123897,13-03-2026 09:52,13969181362,SEÇÃO DE PLANEJAMENTO E GESTÃO ORÇAMENTÁRIA,Informação,24-10-2025 19:39
0006679-42.2025.6.27.8000,13969123897,Contratação serviços de buffet 2025,01-08-2025 00:00,Administração geral - Licitação,TO - Tocantins,13969123897,13-03-2026 09:52,13969237290,SECRETARIA DE ADMINISTRAÇÃO E ORÇAMENTO,E-mail,27-01-2026 00:00
0006679-42.2025.6.27.8000,13969123897,Contratação serviços de buffet 2025,01-08-2025 00:00,Administração geral - Licitação,TO - Tocantins,13969123897,13-03-2026 09:52,13969237290,SECRETARIA DE ADMINISTRAÇÃO E ORÇAMENTO,E-mail,27-01-2026 00:00
0006679-42.2025.6.27.8000,13969123897,Contratação serviços de buffet 2025,01-08-2025 00:00,Administração geral - Licitação,TO - Tocantins,13969123897,13-03-2026 09:52,13969140696,"ASSESSORIA DE COMUNICAÇÃO SOCIAL, CORPORATIVA E CERIMONIAL",Documento de Oficialização da Demanda - DOD,28-08-2025 09:20
0006679-42.2025.6.27.8000,13969123897,Contratação serviços de buffet 2025,01-08-2025 00:00,Administração geral - Licitação,TO - Tocantins,13969123897,13-03-2026 09:52,13969140696,"ASSESSORIA DE COMUNICAÇÃO SOCIAL, CORPORATIVA E CERIMONIAL",Documento de Oficialização da Demanda - DOD,28-08-2025 09:20
0006679-42.2025.6.27.8000,13969123897,Contratação serviços de buffet 2025,01-08-2025 00:00,Administração geral - Licitação,TO - Tocantins,13969123897,13-03-2026 09:52,13969205436,SEÇÃO DE ANÁLISE E COMPRAS,Informação,28-11-2025 11:36
0006679-42.2025.6.27.8000,13969123897,Contratação serviços de buffet 2025,01-08-2025 00:00,Administração geral - Licitação,TO - Tocantins,13969123897,13-03-2026 09:52,13969205436,SEÇÃO DE ANÁLISE E COMPRAS,Informação,28-11-2025 11:36
0006679-42.2025.6.27.8000,13969123897,Contratação serviços de buffet 2025,01-08-2025 00:00,Administração geral - Licitação,TO - Tocantins,13969123897,13-03-2026 09:52,13969141739,"ASSESSORIA DE COMUNICAÇÃO SOCIAL, CORPORATIVA E CERIMONIAL",Informação,29-08-2025 11:01
0006679-42.2025.6.27.8000,13969123897,Contratação serviços de buffet 2025,01-08-2025 00:00,Administração geral - Licitação,TO - Tocantins,13969123897,13-03-2026 09:52,13969141739,"ASSESSORIA DE COMUNICAÇÃO SOCIAL, CORPORATIVA E CERIMONIAL",Informação,29-08-2025 11:01
0006787-71.2025.6.27.8000,13969125777,Contratação de serviços de carro de som 2025,05-08-2025 00:00,Administração geral - Licitação,TO - Tocantins,13969125777,18-08-2025 16:47,13969125784,"ASSESSORIA DE COMUNICAÇÃO SOCIAL, CORPORATIVA E CERIMONIAL",Documento de Oficialização da Demanda - DOD,05-08-2025 11:29
0006787-71.2025.6.27.8000,13969125777,Contratação de serviços de carro de som 2025,05-08-2025 00:00,Administração geral - Licitação,TO - Tocantins,13969125777,18-08-2025 16:47,13969168241,"ASSESSORIA DE COMUNICAÇÃO SOCIAL, CORPORATIVA E CERIMONIAL",Termo de Referência - TR,06-10-2025 00:00
0006787-71.2025.6.27.8000,13969125777,Contratação de serviços de carro de som 2025,05-08-2025 00:00,Administração geral - Licitação,TO - Tocantins,13969125777,18-08-2025 16:47,13969221835,ASSESSORIA JURÍDICA,Parecer,18-12-2025 14:27
0006787-71.2025.6.27.8000,13969125777,Contratação de serviços de carro de som 2025,05-08-2025 00:00,Administração geral - Licitação,TO - Tocantins,13969125777,18-08-2025 16:47,13969221884,ASSESSORIA JURÍDICA,Decisão,18-12-2025 14:30
0006787-71.2025.6.27.8000,13969125777,Contratação de serviços de carro de som 2025,05-08-2025 00:00,Administração geral - Licitação,TO - Tocantins,13969125777,18-08-2025 16:47,13969222704,SEÇÃO DE LICITAÇÕES,Ata de Registro de Preços,19-12-2025 14:04
0006787-71.2025.6.27.8000,13969125777,Contratação de serviços de carro de som 2025,05-08-2025 00:00,Administração geral - Licitação,TO - Tocantins,13969125777,18-08-2025 16:47,13969222707,SEÇÃO DE LICITAÇÕES,Ata de Registro de Preços,19-12-2025 14:05
0006787-71.2025.6.27.8000,13969125777,Contratação de serviços de carro de som 2025,05-08-2025 00:00,Administração geral - Licitação,TO - Tocantins,13969125777,18-08-2025 16:47,13969222708,SEÇÃO DE LICITAÇÕES,Ata de Registro de Preços,19-12-2025 14:06
0006787-71.2025.6.27.8000,13969125777,Contratação de serviços de carro de som 2025,05-08-2025 00:00,Administração geral - Licitação,TO - Tocantins,13969125777,18-08-2025 16:47,13969135848,"ASSESSORIA DE COMUNICAÇÃO SOCIAL, CORPORATIVA E CERIMONIAL",Estudos Técnicos Preliminares - ETP,20-08-2025 00:00
0006787-71.2025.6.27.8000,13969125777,Contratação de serviços de carro de som 2025,05-08-2025 00:00,Administração geral - Licitação,TO - Tocantins,13969125777,18-08-2025 16:47,13969180248,ASSESSORIA JURÍDICA,Parecer,23-10-2025 15:49
0006787-71.2025.6.27.8000,13969125777,Contratação de serviços de carro de som 2025,05-08-2025 00:00,Administração geral - Licitação,TO - Tocantins,13969125777,18-08-2025 16:47,13969180249,ASSESSORIA JURÍDICA,Decisão,23-10-2025 16:11
0006787-71.2025.6.27.8000,13969125777,Contratação de serviços de carro de som 2025,05-08-2025 00:00,Administração geral - Licitação,TO - Tocantins,13969125777,18-08-2025 16:47,13969138886,"ASSESSORIA DE COMUNICAÇÃO SOCIAL, CORPORATIVA E CERIMONIAL",Termo de Referência - TR,26-08-2025 00:00
0006787-71.2025.6.27.8000,13969125777,Contratação de serviços de carro de som 2025,05-08-2025 00:00,Administração geral - Licitação,TO - Tocantins,13969125777,18-08-2025 16:47,13969138855,"ASSESSORIA DE COMUNICAÇÃO SOCIAL, CORPORATIVA E CERIMONIAL",Gerenciamento de Riscos de Contratações,26-08-2025 12:03
0006787-71.2025.6.27.8000,13969125777,Contratação de serviços de carro de som 2025,05-08-2025 00:00,Administração geral - Licitação,TO - Tocantins,13969125777,18-08-2025 16:47,13969159247,SEÇÃO DE ANÁLISE E COMPRAS,Informação,29-09-2025 11:49
0006787-71.2025.6.27.8000,13969125777,Contratação de serviços de carro de som 2025,05-08-2025 00:00,Administração geral - Licitação,TO - Tocantins,13969125777,18-08-2025 16:47,13969162782,SEÇÃO DE ANÁLISE E CONTABILIDADE,Informação,29-09-2025 14:12
0006787-71.2025.6.27.8000,13969125777,Contratação de serviços de carro de som 2025,05-08-2025 00:00,Administração geral - Licitação,TO - Tocantins,13969125777,18-08-2025 16:47,13969162904,SEÇÃO DE PLANEJAMENTO E GESTÃO ORÇAMENTÁRIA,Informação,29-09-2025 15:20
0006789-41.2025.6.27.8000,13969125845,Aquisição de equipamento de impressão tridimensional (impressora 3D),05-08-2025 00:00,Tecnologia da Informação - Infraestrutura,TO - Tocantins,13969125845,05-08-2025 19:02,13969185669,SECAO DE MICROINFORMATICA E APOIO AO USUARIO,Termo de Referência - TR,03-11-2025 00:00
0006789-41.2025.6.27.8000,13969125845,Aquisição de equipamento de impressão tridimensional (impressora 3D),05-08-2025 00:00,Tecnologia da Informação - Infraestrutura,TO - Tocantins,13969125845,05-08-2025 19:02,13969186334,SECAO DE MICROINFORMATICA E APOIO AO USUARIO,Termo de Referência - TR,03-11-2025 00:00
0006789-41.2025.6.27.8000,13969125845,Aquisição de equipamento de impressão tridimensional (impressora 3D),05-08-2025 00:00,Tecnologia da Informação - Infraestrutura,TO - Tocantins,13969125845,05-08-2025 19:02,13969125846,SECRETARIA DE TECNOLOGIA DA INFORMAÇÃO,Documento de Oficialização da Demanda - DOD,05-08-2025 15:02
0006789-41.2025.6.27.8000,13969125845,Aquisição de equipamento de impressão tridimensional (impressora 3D),05-08-2025 00:00,Tecnologia da Informação - Infraestrutura,TO - Tocantins,13969125845,05-08-2025 19:02,13969126388,SECRETARIA DE ADMINISTRAÇÃO E ORÇAMENTO,Minuta,05-08-2025 16:49
0006789-41.2025.6.27.8000,13969125845,Aquisição de equipamento de impressão tridimensional (impressora 3D),05-08-2025 00:00,Tecnologia da Informação - Infraestrutura,TO - Tocantins,13969125845,05-08-2025 19:02,13969126680,DIRETORIA GERAL,Portaria,05-08-2025 18:57
0006789-41.2025.6.27.8000,13969125845,Aquisição de equipamento de impressão tridimensional (impressora 3D),05-08-2025 00:00,Tecnologia da Informação - Infraestrutura,TO - Tocantins,13969125845,05-08-2025 19:02,13969127362,SECAO DE MICROINFORMATICA E APOIO AO USUARIO,Estudos Técnicos Preliminares - ETP,06-08-2025 00:00
0006789-41.2025.6.27.8000,13969125845,Aquisição de equipamento de impressão tridimensional (impressora 3D),05-08-2025 00:00,Tecnologia da Informação - Infraestrutura,TO - Tocantins,13969125845,05-08-2025 19:02,13969127830,SEÇÃO DE EDITORAÇÃO E PUBLICAÇÕES,Certidão,07-08-2025 13:41
0006789-41.2025.6.27.8000,13969125845,Aquisição de equipamento de impressão tridimensional (impressora 3D),05-08-2025 00:00,Tecnologia da Informação - Infraestrutura,TO - Tocantins,13969125845,05-08-2025 19:02,13969129208,SECAO DE MICROINFORMATICA E APOIO AO USUARIO,Termo de Referência - TR,08-08-2025 00:00
0006789-41.2025.6.27.8000,13969125845,Aquisição de equipamento de impressão tridimensional (impressora 3D),05-08-2025 00:00,Tecnologia da Informação - Infraestrutura,TO - Tocantins,13969125845,05-08-2025 19:02,13969148376,SECAO DE MICROINFORMATICA E APOIO AO USUARIO,Memorando,09-09-2025 12:16
0006789-41.2025.6.27.8000,13969125845,Aquisição de equipamento de impressão tridimensional (impressora 3D),05-08-2025 00:00,Tecnologia da Informação - Infraestrutura,TO - Tocantins,13969125845,05-08-2025 19:02,13969217927,ASSESSORIA JURÍDICA,Parecer,15-12-2025 14:23
0006789-41.2025.6.27.8000,13969125845,Aquisição de equipamento de impressão tridimensional (impressora 3D),05-08-2025 00:00,Tecnologia da Informação - Infraestrutura,TO - Tocantins,13969125845,05-08-2025 19:02,13969218384,ASSESSORIA JURÍDICA,Parecer,15-12-2025 14:23
0006789-41.2025.6.27.8000,13969125845,Aquisição de equipamento de impressão tridimensional (impressora 3D),05-08-2025 00:00,Tecnologia da Informação - Infraestrutura,TO - Tocantins,13969125845,05-08-2025 19:02,13969220147,SEÇÃO DE LICITAÇÕES,Ata de Registro de Preços,16-12-2025 16:21
0006789-41.2025.6.27.8000,13969125845,Aquisição de equipamento de impressão tridimensional (impressora 3D),05-08-2025 00:00,Tecnologia da Informação - Infraestrutura,TO - Tocantins,13969125845,05-08-2025 19:02,13969200105,ASSESSORIA DE AGENTE DE CONTRATAÇÃO,Termo de Referência - TR,19-11-2025 00:00
0006789-41.2025.6.27.8000,13969125845,Aquisição de equipamento de impressão tridimensional (impressora 3D),05-08-2025 00:00,Tecnologia da Informação - Infraestrutura,TO - Tocantins,13969125845,05-08-2025 19:02,13969137265,SECAO DE MICROINFORMATICA E APOIO AO USUARIO,Gerenciamento de Riscos de Contratações,22-08-2025 13:38
0006789-41.2025.6.27.8000,13969125845,Aquisição de equipamento de impressão tridimensional (impressora 3D),05-08-2025 00:00,Tecnologia da Informação - Infraestrutura,TO - Tocantins,13969125845,05-08-2025 19:02,13969183485,ASSESSORIA JURÍDICA,Decisão,29-10-2025 17:28
0006789-41.2025.6.27.8000,13969125845,Aquisição de equipamento de impressão tridimensional (impressora 3D),05-08-2025 00:00,Tecnologia da Informação - Infraestrutura,TO - Tocantins,13969125845,05-08-2025 19:02,13969183484,ASSESSORIA JURÍDICA,Parecer,29-10-2025 18:41
0006789-41.2025.6.27.8000,13969125845,Aquisição de equipamento de impressão tridimensional (impressora 3D),05-08-2025 00:00,Tecnologia da Informação - Infraestrutura,TO - Tocantins,13969125845,05-08-2025 19:02,13969162998,SEÇÃO DE ANÁLISE E COMPRAS,Informação,30-09-2025 15:09
0006789-41.2025.6.27.8000,13969125845,Aquisição de equipamento de impressão tridimensional (impressora 3D),05-08-2025 00:00,Tecnologia da Informação - Infraestrutura,TO - Tocantins,13969125845,05-08-2025 19:02,13969164019,SEÇÃO DE ANÁLISE E CONTABILIDADE,Informação,30-09-2025 15:54
0006789-41.2025.6.27.8000,13969125845,Aquisição de equipamento de impressão tridimensional (impressora 3D),05-08-2025 00:00,Tecnologia da Informação - Infraestrutura,TO - Tocantins,13969125845,05-08-2025 19:02,13969164108,SEÇÃO DE PLANEJAMENTO E GESTÃO ORÇAMENTÁRIA,Informação,30-09-2025 16:48
0006827-53.2025.6.27.8000,13969126661,Materiais Gráficos 2026 - Projetos e Eleições,05-08-2025 00:00,Serviços - Solicitação de serviço,TO - Tocantins,13969126661,14-08-2025 16:04,13969211615,ASSESSORIA JURÍDICA,Parecer,05-12-2025 13:04
0006827-53.2025.6.27.8000,13969126661,Materiais Gráficos 2026 - Projetos e Eleições,05-08-2025 00:00,Serviços - Solicitação de serviço,TO - Tocantins,13969126661,06-08-2025 16:14,13969211615,ASSESSORIA JURÍDICA,Parecer,05-12-2025 13:04
0006827-53.2025.6.27.8000,13969126661,Materiais Gráficos 2026 - Projetos e Eleições,05-08-2025 00:00,Serviços - Solicitação de serviço,TO - Tocantins,13969126661,14-08-2025 16:04,13969211617,ASSESSORIA JURÍDICA,Decisão,05-12-2025 13:06
0006827-53.2025.6.27.8000,13969126661,Materiais Gráficos 2026 - Projetos e Eleições,05-08-2025 00:00,Serviços - Solicitação de serviço,TO - Tocantins,13969126661,06-08-2025 16:14,13969211617,ASSESSORIA JURÍDICA,Decisão,05-12-2025 13:06
0006827-53.2025.6.27.8000,13969126661,Materiais Gráficos 2026 - Projetos e Eleições,05-08-2025 00:00,Serviços - Solicitação de serviço,TO - Tocantins,13969126661,14-08-2025 16:04,13969126663,SEÇÃO DE EDITORAÇÃO E PUBLICAÇÕES,Documento de Oficialização da Demanda - DOD,06-08-2025 14:49
0006827-53.2025.6.27.8000,13969126661,Materiais Gráficos 2026 - Projetos e Eleições,05-08-2025 00:00,Serviços - Solicitação de serviço,TO - Tocantins,13969126661,06-08-2025 16:14,13969126663,SEÇÃO DE EDITORAÇÃO E PUBLICAÇÕES,Documento de Oficialização da Demanda - DOD,06-08-2025 14:49
0006827-53.2025.6.27.8000,13969126661,Materiais Gráficos 2026 - Projetos e Eleições,05-08-2025 00:00,Serviços - Solicitação de serviço,TO - Tocantins,13969126661,14-08-2025 16:04,13969213229,SEÇÃO DE LICITAÇÕES,Ata de Registro de Preços,09-12-2025 15:03
0006827-53.2025.6.27.8000,13969126661,Materiais Gráficos 2026 - Projetos e Eleições,05-08-2025 00:00,Serviços - Solicitação de serviço,TO - Tocantins,13969126661,06-08-2025 16:14,13969213229,SEÇÃO DE LICITAÇÕES,Ata de Registro de Preços,09-12-2025 15:03
0006827-53.2025.6.27.8000,13969126661,Materiais Gráficos 2026 - Projetos e Eleições,05-08-2025 00:00,Serviços - Solicitação de serviço,TO - Tocantins,13969126661,14-08-2025 16:04,13969213223,SEÇÃO DE LICITAÇÕES,Ata de Registro de Preços,09-12-2025 16:35
0006827-53.2025.6.27.8000,13969126661,Materiais Gráficos 2026 - Projetos e Eleições,05-08-2025 00:00,Serviços - Solicitação de serviço,TO - Tocantins,13969126661,06-08-2025 16:14,13969213223,SEÇÃO DE LICITAÇÕES,Ata de Registro de Preços,09-12-2025 16:35
0006827-53.2025.6.27.8000,13969126661,Materiais Gráficos 2026 - Projetos e Eleições,05-08-2025 00:00,Serviços - Solicitação de serviço,TO - Tocantins,13969126661,14-08-2025 16:04,13969213213,SEÇÃO DE LICITAÇÕES,Ata de Registro de Preços,09-12-2025 16:43
0006827-53.2025.6.27.8000,13969126661,Materiais Gráficos 2026 - Projetos e Eleições,05-08-2025 00:00,Serviços - Solicitação de serviço,TO - Tocantins,13969126661,06-08-2025 16:14,13969213213,SEÇÃO DE LICITAÇÕES,Ata de Registro de Preços,09-12-2025 16:43
0006827-53.2025.6.27.8000,13969126661,Materiais Gráficos 2026 - Projetos e Eleições,05-08-2025 00:00,Serviços - Solicitação de serviço,TO - Tocantins,13969126661,14-08-2025 16:04,13969213202,SEÇÃO DE LICITAÇÕES,Ata de Registro de Preços,11-12-2025 17:52
0006827-53.2025.6.27.8000,13969126661,Materiais Gráficos 2026 - Projetos e Eleições,05-08-2025 00:00,Serviços - Solicitação de serviço,TO - Tocantins,13969126661,06-08-2025 16:14,13969213202,SEÇÃO DE LICITAÇÕES,Ata de Registro de Preços,11-12-2025 17:52
0006827-53.2025.6.27.8000,13969126661,Materiais Gráficos 2026 - Projetos e Eleições,05-08-2025 00:00,Serviços - Solicitação de serviço,TO - Tocantins,13969126661,14-08-2025 16:04,13969195920,SEÇÃO DE EDITORAÇÃO E PUBLICAÇÕES,Informação,13-11-2025 15:58
0006827-53.2025.6.27.8000,13969126661,Materiais Gráficos 2026 - Projetos e Eleições,05-08-2025 00:00,Serviços - Solicitação de serviço,TO - Tocantins,13969126661,06-08-2025 16:14,13969195920,SEÇÃO DE EDITORAÇÃO E PUBLICAÇÕES,Informação,13-11-2025 15:58
0006827-53.2025.6.27.8000,13969126661,Materiais Gráficos 2026 - Projetos e Eleições,05-08-2025 00:00,Serviços - Solicitação de serviço,TO - Tocantins,13969126661,14-08-2025 16:04,13969131902,SEÇÃO DE EDITORAÇÃO E PUBLICAÇÕES,Termo de Referência - TR,14-08-2025 00:00
0006827-53.2025.6.27.8000,13969126661,Materiais Gráficos 2026 - Projetos e Eleições,05-08-2025 00:00,Serviços - Solicitação de serviço,TO - Tocantins,13969126661,06-08-2025 16:14,13969131902,SEÇÃO DE EDITORAÇÃO E PUBLICAÇÕES,Termo de Referência - TR,14-08-2025 00:00
0006827-53.2025.6.27.8000,13969126661,Materiais Gráficos 2026 - Projetos e Eleições,05-08-2025 00:00,Serviços - Solicitação de serviço,TO - Tocantins,13969126661,14-08-2025 16:04,13969131901,SEÇÃO DE EDITORAÇÃO E PUBLICAÇÕES,Estudos Técnicos Preliminares - ETP,14-08-2025 00:00
0006827-53.2025.6.27.8000,13969126661,Materiais Gráficos 2026 - Projetos e Eleições,05-08-2025 00:00,Serviços - Solicitação de serviço,TO - Tocantins,13969126661,06-08-2025 16:14,13969131901,SEÇÃO DE EDITORAÇÃO E PUBLICAÇÕES,Estudos Técnicos Preliminares - ETP,14-08-2025 00:00
0006827-53.2025.6.27.8000,13969126661,Materiais Gráficos 2026 - Projetos e Eleições,05-08-2025 00:00,Serviços - Solicitação de serviço,TO - Tocantins,13969126661,14-08-2025 16:04,13969131898,SEÇÃO DE EDITORAÇÃO E PUBLICAÇÕES,Gerenciamento de Riscos de Contratações,22-08-2025 14:52
0006827-53.2025.6.27.8000,13969126661,Materiais Gráficos 2026 - Projetos e Eleições,05-08-2025 00:00,Serviços - Solicitação de serviço,TO - Tocantins,13969126661,06-08-2025 16:14,13969131898,SEÇÃO DE EDITORAÇÃO E PUBLICAÇÕES,Gerenciamento de Riscos de Contratações,22-08-2025 14:52
0006827-53.2025.6.27.8000,13969126661,Materiais Gráficos 2026 - Projetos e Eleições,05-08-2025 00:00,Serviços - Solicitação de serviço,TO - Tocantins,13969126661,14-08-2025 16:04,13969179788,ASSESSORIA JURÍDICA,Decisão,23-10-2025 11:09
0006827-53.2025.6.27.8000,13969126661,Materiais Gráficos 2026 - Projetos e Eleições,05-08-2025 00:00,Serviços - Solicitação de serviço,TO - Tocantins,13969126661,06-08-2025 16:14,13969179788,ASSESSORIA JURÍDICA,Decisão,23-10-2025 11:09
0006827-53.2025.6.27.8000,13969126661,Materiais Gráficos 2026 - Projetos e Eleições,05-08-2025 00:00,Serviços - Solicitação de serviço,TO - Tocantins,13969126661,14-08-2025 16:04,13969179786,ASSESSORIA JURÍDICA,Parecer,23-10-2025 11:15
0006827-53.2025.6.27.8000,13969126661,Materiais Gráficos 2026 - Projetos e Eleições,05-08-2025 00:00,Serviços - Solicitação de serviço,TO - Tocantins,13969126661,06-08-2025 16:14,13969179786,ASSESSORIA JURÍDICA,Parecer,23-10-2025 11:15
0006827-53.2025.6.27.8000,13969126661,Materiais Gráficos 2026 - Projetos e Eleições,05-08-2025 00:00,Serviços - Solicitação de serviço,TO - Tocantins,13969126661,14-08-2025 16:04,13969163085,SEÇÃO DE ANÁLISE E COMPRAS,Informação,29-09-2025 16:54
0006827-53.2025.6.27.8000,13969126661,Materiais Gráficos 2026 - Projetos e Eleições,05-08-2025 00:00,Serviços - Solicitação de serviço,TO - Tocantins,13969126661,06-08-2025 16:14,13969163085,SEÇÃO DE ANÁLISE E COMPRAS,Informação,29-09-2025 16:54
0006827-53.2025.6.27.8000,13969126661,Materiais Gráficos 2026 - Projetos e Eleições,05-08-2025 00:00,Serviços - Solicitação de serviço,TO - Tocantins,13969126661,14-08-2025 16:04,13969163675,SEÇÃO DE ANÁLISE E CONTABILIDADE,Informação,30-09-2025 13:30
0006827-53.2025.6.27.8000,13969126661,Materiais Gráficos 2026 - Projetos e Eleições,05-08-2025 00:00,Serviços - Solicitação de serviço,TO - Tocantins,13969126661,06-08-2025 16:14,13969163675,SEÇÃO DE ANÁLISE E CONTABILIDADE,Informação,30-09-2025 13:30
0006827-53.2025.6.27.8000,13969126661,Materiais Gráficos 2026 - Projetos e Eleições,05-08-2025 00:00,Serviços - Solicitação de serviço,TO - Tocantins,13969126661,14-08-2025 16:04,13969163736,SEÇÃO DE PLANEJAMENTO E GESTÃO ORÇAMENTÁRIA,Informação,30-09-2025 14:13
0006827-53.2025.6.27.8000,13969126661,Materiais Gráficos 2026 - Projetos e Eleições,05-08-2025 00:00,Serviços - Solicitação de serviço,TO - Tocantins,13969126661,06-08-2025 16:14,13969163736,SEÇÃO DE PLANEJAMENTO E GESTÃO ORÇAMENTÁRIA,Informação,30-09-2025 14:13
0006830-08.2025.6.27.8000,13969126699,Assinatura Plataforma JUSBRASIL,05-08-2025 00:00,Administração geral - Gestão de contratos,TO - Tocantins,13969126699,14-08-2025 18:36,13969207007,SEÇÃO DE ANÁLISE E CONTABILIDADE,Informação,01-12-2025 14:56
0006830-08.2025.6.27.8000,13969126699,Assinatura Plataforma JUSBRASIL,05-08-2025 00:00,Administração geral - Gestão de contratos,TO - Tocantins,13969126699,14-08-2025 18:36,13969207067,SEÇÃO DE PLANEJAMENTO E GESTÃO ORÇAMENTÁRIA,Informação,01-12-2025 15:45
0006830-08.2025.6.27.8000,13969126699,Assinatura Plataforma JUSBRASIL,05-08-2025 00:00,Administração geral - Gestão de contratos,TO - Tocantins,13969126699,14-08-2025 18:36,13969126700,"SEÇÃO DE BIBLIOTECA,MEMÓRIA E ARQUIVO",Documento de Oficialização da Demanda - DOD,05-08-2025 19:35
0006830-08.2025.6.27.8000,13969126699,Assinatura Plataforma JUSBRASIL,05-08-2025 00:00,Administração geral - Gestão de contratos,TO - Tocantins,13969126699,14-08-2025 18:36,13969211724,ASSESSORIA JURÍDICA,Parecer,05-12-2025 14:46
0006830-08.2025.6.27.8000,13969126699,Assinatura Plataforma JUSBRASIL,05-08-2025 00:00,Administração geral - Gestão de contratos,TO - Tocantins,13969126699,14-08-2025 18:36,13969211887,ASSESSORIA JURÍDICA,Decisão,05-12-2025 14:51
0006830-08.2025.6.27.8000,13969126699,Assinatura Plataforma JUSBRASIL,05-08-2025 00:00,Administração geral - Gestão de contratos,TO - Tocantins,13969126699,14-08-2025 18:36,13969226711,"SEÇÃO DE BIBLIOTECA,MEMÓRIA E ARQUIVO",E-mail,08-01-2026 00:00
0006830-08.2025.6.27.8000,13969126699,Assinatura Plataforma JUSBRASIL,05-08-2025 00:00,Administração geral - Gestão de contratos,TO - Tocantins,13969126699,14-08-2025 18:36,13969171875,"SEÇÃO DE BIBLIOTECA,MEMÓRIA E ARQUIVO",Termo de Referência - TR,10-10-2025 00:00
0006830-08.2025.6.27.8000,13969126699,Assinatura Plataforma JUSBRASIL,05-08-2025 00:00,Administração geral - Gestão de contratos,TO - Tocantins,13969126699,14-08-2025 18:36,13969171874,"SEÇÃO DE BIBLIOTECA,MEMÓRIA E ARQUIVO",Estudos Técnicos Preliminares - ETP,10-10-2025 00:00
0006830-08.2025.6.27.8000,13969126699,Assinatura Plataforma JUSBRASIL,05-08-2025 00:00,Administração geral - Gestão de contratos,TO - Tocantins,13969126699,14-08-2025 18:36,13969214151,SEÇÃO DE ANÁLISE E COMPRAS,E-mail,10-12-2025 00:00
0006830-08.2025.6.27.8000,13969126699,Assinatura Plataforma JUSBRASIL,05-08-2025 00:00,Administração geral - Gestão de contratos,TO - Tocantins,13969126699,14-08-2025 18:36,13969214113,SEÇÃO DE ANÁLISE E COMPRAS,Ofício,10-12-2025 13:16
0006830-08.2025.6.27.8000,13969126699,Assinatura Plataforma JUSBRASIL,05-08-2025 00:00,Administração geral - Gestão de contratos,TO - Tocantins,13969126699,14-08-2025 18:36,13969215584,SEÇÃO DE ANÁLISE E COMPRAS,E-mail,11-12-2025 00:00
0006830-08.2025.6.27.8000,13969126699,Assinatura Plataforma JUSBRASIL,05-08-2025 00:00,Administração geral - Gestão de contratos,TO - Tocantins,13969126699,14-08-2025 18:36,13969196056,"SEÇÃO DE BIBLIOTECA,MEMÓRIA E ARQUIVO",Termo de Referência - TR,13-11-2025 00:00
0006830-08.2025.6.27.8000,13969126699,Assinatura Plataforma JUSBRASIL,05-08-2025 00:00,Administração geral - Gestão de contratos,TO - Tocantins,13969126699,14-08-2025 18:36,13969171868,"SEÇÃO DE BIBLIOTECA,MEMÓRIA E ARQUIVO",Gerenciamento de Riscos de Contratações,14-10-2025 15:48
0006830-08.2025.6.27.8000,13969126699,Assinatura Plataforma JUSBRASIL,05-08-2025 00:00,Administração geral - Gestão de contratos,TO - Tocantins,13969126699,14-08-2025 18:36,13969219727,"SEÇÃO DE BIBLIOTECA,MEMÓRIA E ARQUIVO",Atesto,16-12-2025 17:00
0006830-08.2025.6.27.8000,13969126699,Assinatura Plataforma JUSBRASIL,05-08-2025 00:00,Administração geral - Gestão de contratos,TO - Tocantins,13969126699,14-08-2025 18:36,13969221515,SEÇÃO DE ANÁLISE E CONTABILIDADE,Informação,18-12-2025 09:38
0006830-08.2025.6.27.8000,13969126699,Assinatura Plataforma JUSBRASIL,05-08-2025 00:00,Administração geral - Gestão de contratos,TO - Tocantins,13969126699,14-08-2025 18:36,13969205671,SEÇÃO DE ANÁLISE E COMPRAS,Informação,28-11-2025 16:38
0006885-56.2025.6.27.8000,13969127615,Aquisição de Veículos Elétricos - Programa de Gestão 2025-2027,07-08-2025 00:00,Material e patrimônio - Fornecedor,TO - Tocantins,13969127615,07-08-2025 18:10,13969207150,SECRETARIA DE ADMINISTRAÇÃO E ORÇAMENTO,E-mail,01-12-2025 00:00
0006885-56.2025.6.27.8000,13969127615,Aquisição de Veículos Elétricos - Programa de Gestão 2025-2027,07-08-2025 00:00,Material e patrimônio - Fornecedor,TO - Tocantins,13969127615,07-08-2025 18:10,13969206544,SECRETARIA DE ADMINISTRAÇÃO E ORÇAMENTO,Ofício,01-12-2025 14:51
0006885-56.2025.6.27.8000,13969127615,Aquisição de Veículos Elétricos - Programa de Gestão 2025-2027,07-08-2025 00:00,Material e patrimônio - Fornecedor,TO - Tocantins,13969127615,07-08-2025 18:10,13969166629,COORDENADORIA DE SERVIÇOS GERAIS,Termo de Referência - TR,03-10-2025 00:00
0006885-56.2025.6.27.8000,13969127615,Aquisição de Veículos Elétricos - Programa de Gestão 2025-2027,07-08-2025 00:00,Material e patrimônio - Fornecedor,TO - Tocantins,13969127615,07-08-2025 18:10,13969127617,COORDENADORIA DE SERVIÇOS GERAIS,Documento de Oficialização da Demanda - DOD,07-08-2025 10:07
0006885-56.2025.6.27.8000,13969127615,Aquisição de Veículos Elétricos - Programa de Gestão 2025-2027,07-08-2025 00:00,Material e patrimônio - Fornecedor,TO - Tocantins,13969127615,07-08-2025 18:10,13969127616,COORDENADORIA DE SERVIÇOS GERAIS,Memorando,07-08-2025 13:39
0006885-56.2025.6.27.8000,13969127615,Aquisição de Veículos Elétricos - Programa de Gestão 2025-2027,07-08-2025 00:00,Material e patrimônio - Fornecedor,TO - Tocantins,13969127615,07-08-2025 18:10,13969127986,SECRETARIA DE ADMINISTRAÇÃO E ORÇAMENTO,Minuta,07-08-2025 15:19
0006885-56.2025.6.27.8000,13969127615,Aquisição de Veículos Elétricos - Programa de Gestão 2025-2027,07-08-2025 00:00,Material e patrimônio - Fornecedor,TO - Tocantins,13969127615,07-08-2025 18:10,13969128273,DIRETORIA GERAL,Portaria,07-08-2025 17:36
0006885-56.2025.6.27.8000,13969127615,Aquisição de Veículos Elétricos - Programa de Gestão 2025-2027,07-08-2025 00:00,Material e patrimônio - Fornecedor,TO - Tocantins,13969127615,07-08-2025 18:10,13969128415,COORDENADORIA DE SERVIÇOS GERAIS,Termo de Referência - TR,08-08-2025 00:00
0006885-56.2025.6.27.8000,13969127615,Aquisição de Veículos Elétricos - Programa de Gestão 2025-2027,07-08-2025 00:00,Material e patrimônio - Fornecedor,TO - Tocantins,13969127615,07-08-2025 18:10,13969128414,COORDENADORIA DE SERVIÇOS GERAIS,Estudos Técnicos Preliminares - ETP,08-08-2025 00:00
0006885-56.2025.6.27.8000,13969127615,Aquisição de Veículos Elétricos - Programa de Gestão 2025-2027,07-08-2025 00:00,Material e patrimônio - Fornecedor,TO - Tocantins,13969127615,07-08-2025 18:10,13969149297,COORDENADORIA DE SERVIÇOS GERAIS,Termo de Referência - TR,10-09-2025 00:00
0006885-56.2025.6.27.8000,13969127615,Aquisição de Veículos Elétricos - Programa de Gestão 2025-2027,07-08-2025 00:00,Material e patrimônio - Fornecedor,TO - Tocantins,13969127615,07-08-2025 18:10,13969128416,COORDENADORIA DE SERVIÇOS GERAIS,Gerenciamento de Riscos de Contratações,11-08-2025 14:04
0006885-56.2025.6.27.8000,13969127615,Aquisição de Veículos Elétricos - Programa de Gestão 2025-2027,07-08-2025 00:00,Material e patrimônio - Fornecedor,TO - Tocantins,13969127615,07-08-2025 18:10,13969129565,SEÇÃO DE EDITORAÇÃO E PUBLICAÇÕES,Certidão,12-08-2025 13:20
0006885-56.2025.6.27.8000,13969127615,Aquisição de Veículos Elétricos - Programa de Gestão 2025-2027,07-08-2025 00:00,Material e patrimônio - Fornecedor,TO - Tocantins,13969127615,07-08-2025 18:10,13969151489,COORDENADORIA DE SERVIÇOS GERAIS,Termo de Referência - TR,12-09-2025 00:00
0006885-56.2025.6.27.8000,13969127615,Aquisição de Veículos Elétricos - Programa de Gestão 2025-2027,07-08-2025 00:00,Material e patrimônio - Fornecedor,TO - Tocantins,13969127615,07-08-2025 18:10,13969174930,COMISSAO PERMANENTE DE LICITACOES - CPL,Informação,15-10-2025 16:40
0006885-56.2025.6.27.8000,13969127615,Aquisição de Veículos Elétricos - Programa de Gestão 2025-2027,07-08-2025 00:00,Material e patrimônio - Fornecedor,TO - Tocantins,13969127615,07-08-2025 18:10,13969175371,COORDENADORIA DE SERVIÇOS GERAIS,Termo de Referência - TR,16-10-2025 00:00
0006885-56.2025.6.27.8000,13969127615,Aquisição de Veículos Elétricos - Programa de Gestão 2025-2027,07-08-2025 00:00,Material e patrimônio - Fornecedor,TO - Tocantins,13969127615,07-08-2025 18:10,13969175736,COMISSAO PERMANENTE DE LICITACOES - CPL,Informação,16-10-2025 15:53
0006885-56.2025.6.27.8000,13969127615,Aquisição de Veículos Elétricos - Programa de Gestão 2025-2027,07-08-2025 00:00,Material e patrimônio - Fornecedor,TO - Tocantins,13969127615,07-08-2025 18:10,13969175828,ASSESSORIA JURÍDICA,Decisão,16-10-2025 18:35
0006885-56.2025.6.27.8000,13969127615,Aquisição de Veículos Elétricos - Programa de Gestão 2025-2027,07-08-2025 00:00,Material e patrimônio - Fornecedor,TO - Tocantins,13969127615,07-08-2025 18:10,13969175825,ASSESSORIA JURÍDICA,Parecer,16-10-2025 18:36
0006885-56.2025.6.27.8000,13969127615,Aquisição de Veículos Elétricos - Programa de Gestão 2025-2027,07-08-2025 00:00,Material e patrimônio - Fornecedor,TO - Tocantins,13969127615,07-08-2025 18:10,13969153890,ASSESSORIA JURÍDICA,Parecer,17-09-2025 17:52
0006885-56.2025.6.27.8000,13969127615,Aquisição de Veículos Elétricos - Programa de Gestão 2025-2027,07-08-2025 00:00,Material e patrimônio - Fornecedor,TO - Tocantins,13969127615,07-08-2025 18:10,13969153891,ASSESSORIA JURÍDICA,Decisão,17-09-2025 17:56
0006885-56.2025.6.27.8000,13969127615,Aquisição de Veículos Elétricos - Programa de Gestão 2025-2027,07-08-2025 00:00,Material e patrimônio - Fornecedor,TO - Tocantins,13969127615,07-08-2025 18:10,13969196253,ASSESSORIA JURÍDICA,Parecer,17-11-2025 13:26
0006885-56.2025.6.27.8000,13969127615,Aquisição de Veículos Elétricos - Programa de Gestão 2025-2027,07-08-2025 00:00,Material e patrimônio - Fornecedor,TO - Tocantins,13969127615,07-08-2025 18:10,13969196254,ASSESSORIA JURÍDICA,Decisão,17-11-2025 13:33
0006885-56.2025.6.27.8000,13969127615,Aquisição de Veículos Elétricos - Programa de Gestão 2025-2027,07-08-2025 00:00,Material e patrimônio - Fornecedor,TO - Tocantins,13969127615,07-08-2025 18:10,13969198592,SEÇÃO DE LICITAÇÕES,Ata de Registro de Preços,18-11-2025 09:44
0006885-56.2025.6.27.8000,13969127615,Aquisição de Veículos Elétricos - Programa de Gestão 2025-2027,07-08-2025 00:00,Material e patrimônio - Fornecedor,TO - Tocantins,13969127615,07-08-2025 18:10,13969157033,COORDENADORIA DE SERVIÇOS GERAIS,Termo de Referência - TR,19-09-2025 00:00
0006885-56.2025.6.27.8000,13969127615,Aquisição de Veículos Elétricos - Programa de Gestão 2025-2027,07-08-2025 00:00,Material e patrimônio - Fornecedor,TO - Tocantins,13969127615,07-08-2025 18:10,13969157318,COORDENADORIA DE SERVIÇOS GERAIS,Termo de Referência - TR,19-09-2025 00:00
0006885-56.2025.6.27.8000,13969127615,Aquisição de Veículos Elétricos - Programa de Gestão 2025-2027,07-08-2025 00:00,Material e patrimônio - Fornecedor,TO - Tocantins,13969127615,07-08-2025 18:10,13969180817,COMISSAO PERMANENTE DE LICITACOES - CPL,Informação,24-10-2025 11:26
0006885-56.2025.6.27.8000,13969127615,Aquisição de Veículos Elétricos - Programa de Gestão 2025-2027,07-08-2025 00:00,Material e patrimônio - Fornecedor,TO - Tocantins,13969127615,07-08-2025 18:10,13969182168,COORDENADORIA DE SERVIÇOS GERAIS,Termo de Referência - TR,27-10-2025 00:00
0006885-56.2025.6.27.8000,13969127615,Aquisição de Veículos Elétricos - Programa de Gestão 2025-2027,07-08-2025 00:00,Material e patrimônio - Fornecedor,TO - Tocantins,13969127615,07-08-2025 18:10,13969182486,COORDENADORIA DE SERVIÇOS GERAIS,Termo de Referência - TR,28-10-2025 00:00
0006885-56.2025.6.27.8000,13969127615,Aquisição de Veículos Elétricos - Programa de Gestão 2025-2027,07-08-2025 00:00,Material e patrimônio - Fornecedor,TO - Tocantins,13969127615,07-08-2025 18:10,13969182425,COMISSAO PERMANENTE DE LICITACOES - CPL,Informação,28-10-2025 10:26
0006885-56.2025.6.27.8000,13969127615,Aquisição de Veículos Elétricos - Programa de Gestão 2025-2027,07-08-2025 00:00,Material e patrimônio - Fornecedor,TO - Tocantins,13969127615,07-08-2025 18:10,13969182492,COORDENADORIA DE SERVIÇOS GERAIS,Informação,28-10-2025 11:01
0006885-56.2025.6.27.8000,13969127615,Aquisição de Veículos Elétricos - Programa de Gestão 2025-2027,07-08-2025 00:00,Material e patrimônio - Fornecedor,TO - Tocantins,13969127615,07-08-2025 18:10,13969182609,ASSESSORIA JURÍDICA,Parecer,28-10-2025 18:00
0006885-56.2025.6.27.8000,13969127615,Aquisição de Veículos Elétricos - Programa de Gestão 2025-2027,07-08-2025 00:00,Material e patrimônio - Fornecedor,TO - Tocantins,13969127615,07-08-2025 18:10,13969140957,SEÇÃO DE ANÁLISE E COMPRAS,Informação,29-08-2025 10:53
0006885-56.2025.6.27.8000,13969127615,Aquisição de Veículos Elétricos - Programa de Gestão 2025-2027,07-08-2025 00:00,Material e patrimônio - Fornecedor,TO - Tocantins,13969127615,07-08-2025 18:10,13969141817,SEÇÃO DE ANÁLISE E CONTABILIDADE,Informação,29-08-2025 12:04
0006885-56.2025.6.27.8000,13969127615,Aquisição de Veículos Elétricos - Programa de Gestão 2025-2027,07-08-2025 00:00,Material e patrimônio - Fornecedor,TO - Tocantins,13969127615,07-08-2025 18:10,13969141971,SEÇÃO DE PLANEJAMENTO E GESTÃO ORÇAMENTÁRIA,Informação,29-08-2025 14:35
0006885-56.2025.6.27.8000,13969127615,Aquisição de Veículos Elétricos - Programa de Gestão 2025-2027,07-08-2025 00:00,Material e patrimônio - Fornecedor,TO - Tocantins,13969127615,07-08-2025 18:10,13969183165,ASSESSORIA JURÍDICA,Decisão,29-10-2025 10:06
0006928-44.2025.6.27.8080,13969128541,Aquisição de material permanente - + Mulher + Democracia,08-08-2025 00:00,Administração geral - Licitação,TO - Tocantins,13969128541,13-08-2025 17:28,13969167482,ESCOLA JUDICIÁRIA ELEITORAL DO TOCANTINS,Termo de Referência - TR,03-10-2025 00:00
0006928-44.2025.6.27.8080,13969128541,Aquisição de material permanente - + Mulher + Democracia,08-08-2025 00:00,Administração geral - Licitação,TO - Tocantins,13969128541,13-08-2025 17:28,13969133929,ESCOLA JUDICIÁRIA ELEITORAL DO TOCANTINS,Gerenciamento de Riscos de Contratações,04-09-2025 11:24
0006928-44.2025.6.27.8080,13969128541,Aquisição de material permanente - + Mulher + Democracia,08-08-2025 00:00,Administração geral - Licitação,TO - Tocantins,13969128541,13-08-2025 17:28,13969129004,ESCOLA JUDICIÁRIA ELEITORAL DO TOCANTINS,Documento de Oficialização da Demanda - DOD,08-08-2025 16:17
0006928-44.2025.6.27.8080,13969128541,Aquisição de material permanente - + Mulher + Democracia,08-08-2025 00:00,Administração geral - Licitação,TO - Tocantins,13969128541,13-08-2025 17:28,13969194014,ESCOLA JUDICIÁRIA ELEITORAL DO TOCANTINS,Termo de Referência - TR,11-11-2025 00:00
0006928-44.2025.6.27.8080,13969128541,Aquisição de material permanente - + Mulher + Democracia,08-08-2025 00:00,Administração geral - Licitação,TO - Tocantins,13969128541,13-08-2025 17:28,13969193299,ESCOLA JUDICIÁRIA ELEITORAL DO TOCANTINS,Termo de Referência - TR,11-11-2025 00:00
0006928-44.2025.6.27.8080,13969128541,Aquisição de material permanente - + Mulher + Democracia,08-08-2025 00:00,Administração geral - Licitação,TO - Tocantins,13969128541,13-08-2025 17:28,13969269890,ASSESSORIA JURÍDICA,Parecer,12-03-2026 19:05
0006928-44.2025.6.27.8080,13969128541,Aquisição de material permanente - + Mulher + Democracia,08-08-2025 00:00,Administração geral - Licitação,TO - Tocantins,13969128541,13-08-2025 17:28,13969270074,ASSESSORIA JURÍDICA,Decisão,12-03-2026 19:10
0006928-44.2025.6.27.8080,13969128541,Aquisição de material permanente - + Mulher + Democracia,08-08-2025 00:00,Administração geral - Licitação,TO - Tocantins,13969128541,13-08-2025 17:28,13969128554,ESCOLA JUDICIÁRIA ELEITORAL DO TOCANTINS,Memorando,13-08-2025 09:52
0006928-44.2025.6.27.8080,13969128541,Aquisição de material permanente - + Mulher + Democracia,08-08-2025 00:00,Administração geral - Licitação,TO - Tocantins,13969128541,13-08-2025 17:28,13969219021,SEÇÃO DE ANÁLISE E COMPRAS,Informação,16-12-2025 12:02
0006928-44.2025.6.27.8080,13969128541,Aquisição de material permanente - + Mulher + Democracia,08-08-2025 00:00,Administração geral - Licitação,TO - Tocantins,13969128541,13-08-2025 17:28,13969273525,SEÇÃO DE LICITAÇÕES,Certidão,18-03-2026 11:24
0006928-44.2025.6.27.8080,13969128541,Aquisição de material permanente - + Mulher + Democracia,08-08-2025 00:00,Administração geral - Licitação,TO - Tocantins,13969128541,13-08-2025 17:28,13969198783,ESCOLA JUDICIÁRIA ELEITORAL DO TOCANTINS,Termo de Referência - TR,18-11-2025 00:00
0006928-44.2025.6.27.8080,13969128541,Aquisição de material permanente - + Mulher + Democracia,08-08-2025 00:00,Administração geral - Licitação,TO - Tocantins,13969128541,13-08-2025 17:28,13969231904,SEÇÃO DE PLANEJAMENTO E GESTÃO ORÇAMENTÁRIA,Informação,19-01-2026 09:28
0006928-44.2025.6.27.8080,13969128541,Aquisição de material permanente - + Mulher + Democracia,08-08-2025 00:00,Administração geral - Licitação,TO - Tocantins,13969128541,13-08-2025 17:28,13969133713,ESCOLA JUDICIÁRIA ELEITORAL DO TOCANTINS,Termo de Referência - TR,19-08-2025 00:00
0006928-44.2025.6.27.8080,13969128541,Aquisição de material permanente - + Mulher + Democracia,08-08-2025 00:00,Administração geral - Licitação,TO - Tocantins,13969128541,13-08-2025 17:28,13969133710,ESCOLA JUDICIÁRIA ELEITORAL DO TOCANTINS,Estudos Técnicos Preliminares - ETP,19-08-2025 00:00
0006928-44.2025.6.27.8080,13969128541,Aquisição de material permanente - + Mulher + Democracia,08-08-2025 00:00,Administração geral - Licitação,TO - Tocantins,13969128541,13-08-2025 17:28,13969234729,ASSESSORIA JURÍDICA,Parecer,22-01-2026 16:47
0006928-44.2025.6.27.8080,13969128541,Aquisição de material permanente - + Mulher + Democracia,08-08-2025 00:00,Administração geral - Licitação,TO - Tocantins,13969128541,13-08-2025 17:28,13969234943,ASSESSORIA JURÍDICA,Decisão,22-01-2026 16:49
0006928-44.2025.6.27.8080,13969128541,Aquisição de material permanente - + Mulher + Democracia,08-08-2025 00:00,Administração geral - Licitação,TO - Tocantins,13969128541,13-08-2025 17:28,13969220462,SEÇÃO DE ANÁLISE E CONTABILIDADE,Informação,22-12-2025 16:02
0006928-44.2025.6.27.8080,13969128541,Aquisição de material permanente - + Mulher + Democracia,08-08-2025 00:00,Administração geral - Licitação,TO - Tocantins,13969128541,13-08-2025 17:28,13969224666,SEÇÃO DE PLANEJAMENTO E GESTÃO ORÇAMENTÁRIA,Informação,29-12-2025 14:59
0006931-45.2025.6.27.8000,13969128585,Contratação Empresa  Prestação Serviço Especializado  Transporte Aquaviário  Rio Tocantins e R. Sono,08-08-2025 00:00,Administração geral - Gestão de contratos,TO - Tocantins,13969128585,08-08-2025 18:14,13969145542,SECRETARIA DE ADMINISTRAÇÃO E ORÇAMENTO,Decisão,03-09-2025 15:02
0006931-45.2025.6.27.8000,13969128585,Contratação Empresa  Prestação Serviço Especializado  Transporte Aquaviário  Rio Tocantins e R. Sono,08-08-2025 00:00,Administração geral - Gestão de contratos,TO - Tocantins,13969128585,08-08-2025 18:14,13969128599,SEÇÃO DE SEGURANÇA E TRANSPORTES,Documento de Oficialização da Demanda - DOD,08-08-2025 13:24
0006931-45.2025.6.27.8000,13969128585,Contratação Empresa  Prestação Serviço Especializado  Transporte Aquaviário  Rio Tocantins e R. Sono,08-08-2025 00:00,Administração geral - Gestão de contratos,TO - Tocantins,13969128585,08-08-2025 18:14,13969152257,ASSESSORIA JURÍDICA,Parecer,12-09-2025 17:30
0006931-45.2025.6.27.8000,13969128585,Contratação Empresa  Prestação Serviço Especializado  Transporte Aquaviário  Rio Tocantins e R. Sono,08-08-2025 00:00,Administração geral - Gestão de contratos,TO - Tocantins,13969128585,08-08-2025 18:14,13969152455,ASSESSORIA JURÍDICA,Decisão,12-09-2025 17:31
0006931-45.2025.6.27.8000,13969128585,Contratação Empresa  Prestação Serviço Especializado  Transporte Aquaviário  Rio Tocantins e R. Sono,08-08-2025 00:00,Administração geral - Gestão de contratos,TO - Tocantins,13969128585,08-08-2025 18:14,13969221450,SEÇÃO DE ANÁLISE E CONTABILIDADE,Informação,17-12-2025 18:54
0006931-45.2025.6.27.8000,13969128585,Contratação Empresa  Prestação Serviço Especializado  Transporte Aquaviário  Rio Tocantins e R. Sono,08-08-2025 00:00,Administração geral - Gestão de contratos,TO - Tocantins,13969128585,08-08-2025 18:14,13969132684,SEÇÃO DE SEGURANÇA E TRANSPORTES,Termo de Referência - TR,18-08-2025 00:00
0006931-45.2025.6.27.8000,13969128585,Contratação Empresa  Prestação Serviço Especializado  Transporte Aquaviário  Rio Tocantins e R. Sono,08-08-2025 00:00,Administração geral - Gestão de contratos,TO - Tocantins,13969128585,08-08-2025 18:14,13969132632,SEÇÃO DE SEGURANÇA E TRANSPORTES,Estudos Técnicos Preliminares - ETP,18-08-2025 00:00
0006931-45.2025.6.27.8000,13969128585,Contratação Empresa  Prestação Serviço Especializado  Transporte Aquaviário  Rio Tocantins e R. Sono,08-08-2025 00:00,Administração geral - Gestão de contratos,TO - Tocantins,13969128585,08-08-2025 18:14,13969132664,SEÇÃO DE SEGURANÇA E TRANSPORTES,Gerenciamento de Riscos de Contratações,18-08-2025 13:07
0006931-45.2025.6.27.8000,13969128585,Contratação Empresa  Prestação Serviço Especializado  Transporte Aquaviário  Rio Tocantins e R. Sono,08-08-2025 00:00,Administração geral - Gestão de contratos,TO - Tocantins,13969128585,08-08-2025 18:14,13969139020,SEÇÃO DE ANÁLISE E COMPRAS,Informação,26-08-2025 14:30
0006931-45.2025.6.27.8000,13969128585,Contratação Empresa  Prestação Serviço Especializado  Transporte Aquaviário  Rio Tocantins e R. Sono,08-08-2025 00:00,Administração geral - Gestão de contratos,TO - Tocantins,13969128585,08-08-2025 18:14,13969139647,SEÇÃO DE ANÁLISE E CONTABILIDADE,Informação,26-08-2025 18:20
0006931-45.2025.6.27.8000,13969128585,Contratação Empresa  Prestação Serviço Especializado  Transporte Aquaviário  Rio Tocantins e R. Sono,08-08-2025 00:00,Administração geral - Gestão de contratos,TO - Tocantins,13969128585,08-08-2025 18:14,13969140100,SEÇÃO DE PLANEJAMENTO E GESTÃO ORÇAMENTÁRIA,Informação,27-08-2025 14:01
0006932-30.2025.6.27.8000,13969128605,Aquisição de equipamentos - sistema de segurança,08-08-2025 00:00,Material e patrimônio - Fornecedor,TO - Tocantins,13969128605,13-08-2025 17:25,13969176911,POLÍCIA JUDICIAL TRE-TO,Gerenciamento de Riscos de Contratações,07-11-2025 19:26
0006932-30.2025.6.27.8000,13969128605,Aquisição de equipamentos - sistema de segurança,08-08-2025 00:00,Material e patrimônio - Fornecedor,TO - Tocantins,13969128605,13-08-2025 17:25,13969128608,POLÍCIA JUDICIAL TRE-TO,Documento de Oficialização da Demanda - DOD,08-08-2025 20:04
0006932-30.2025.6.27.8000,13969128605,Aquisição de equipamentos - sistema de segurança,08-08-2025 00:00,Material e patrimônio - Fornecedor,TO - Tocantins,13969128605,13-08-2025 17:25,13969129973,SECRETARIA DE ADMINISTRAÇÃO E ORÇAMENTO,Minuta,12-08-2025 16:20
0006932-30.2025.6.27.8000,13969128605,Aquisição de equipamentos - sistema de segurança,08-08-2025 00:00,Material e patrimônio - Fornecedor,TO - Tocantins,13969128605,13-08-2025 17:25,13969130432,DIRETORIA GERAL,Portaria,13-08-2025 12:27
0006932-30.2025.6.27.8000,13969128605,Aquisição de equipamentos - sistema de segurança,08-08-2025 00:00,Material e patrimônio - Fornecedor,TO - Tocantins,13969128605,13-08-2025 17:25,13969131458,SEÇÃO DE EDITORAÇÃO E PUBLICAÇÕES,Certidão,14-08-2025 13:16
0006932-30.2025.6.27.8000,13969128605,Aquisição de equipamentos - sistema de segurança,08-08-2025 00:00,Material e patrimônio - Fornecedor,TO - Tocantins,13969128605,13-08-2025 17:25,13969174132,POLÍCIA JUDICIAL TRE-TO,Termo de Referência - TR,14-10-2025 00:00
0006932-30.2025.6.27.8000,13969128605,Aquisição de equipamentos - sistema de segurança,08-08-2025 00:00,Material e patrimônio - Fornecedor,TO - Tocantins,13969128605,13-08-2025 17:25,13969137443,POLÍCIA JUDICIAL TRE-TO,Estudos Técnicos Preliminares - ETP,22-08-2025 00:00
0006940-58.2025.6.27.8080,13969128707,"BRINDES EJE (Canetas, Blocos de anotações, Squeeze, Sacolas personalizadas e Mochilas saco)",08-08-2025 00:00,Administração geral - Licitação,TO - Tocantins,13969128707,14-08-2025 16:28,13969133998,ESCOLA JUDICIÁRIA ELEITORAL DO TOCANTINS,Gerenciamento de Riscos de Contratações,02-09-2025 16:07
0006940-58.2025.6.27.8080,13969128707,"BRINDES EJE (Canetas, Blocos de anotações, Squeeze, Sacolas personalizadas e Mochilas saco)",08-08-2025 00:00,Administração geral - Licitação,TO - Tocantins,13969128707,14-08-2025 16:28,13969207206,SEÇÃO DE ANÁLISE E COMPRAS,Informação,02-12-2025 13:51
0006940-58.2025.6.27.8080,13969128707,"BRINDES EJE (Canetas, Blocos de anotações, Squeeze, Sacolas personalizadas e Mochilas saco)",08-08-2025 00:00,Administração geral - Licitação,TO - Tocantins,13969128707,14-08-2025 16:28,13969208799,SEÇÃO DE ANÁLISE E CONTABILIDADE,Informação,02-12-2025 18:39
0006940-58.2025.6.27.8080,13969128707,"BRINDES EJE (Canetas, Blocos de anotações, Squeeze, Sacolas personalizadas e Mochilas saco)",08-08-2025 00:00,Administração geral - Licitação,TO - Tocantins,13969128707,14-08-2025 16:28,13969209357,SEÇÃO DE PLANEJAMENTO E GESTÃO ORÇAMENTÁRIA,Informação,03-12-2025 14:39
0006940-58.2025.6.27.8080,13969128707,"BRINDES EJE (Canetas, Blocos de anotações, Squeeze, Sacolas personalizadas e Mochilas saco)",08-08-2025 00:00,Administração geral - Licitação,TO - Tocantins,13969128707,14-08-2025 16:28,13969128813,ESCOLA JUDICIÁRIA ELEITORAL DO TOCANTINS,Documento de Oficialização da Demanda - DOD,08-08-2025 14:43
0006940-58.2025.6.27.8080,13969128707,"BRINDES EJE (Canetas, Blocos de anotações, Squeeze, Sacolas personalizadas e Mochilas saco)",08-08-2025 00:00,Administração geral - Licitação,TO - Tocantins,13969128707,14-08-2025 16:28,13969227638,SEÇÃO DE PLANEJAMENTO E GESTÃO ORÇAMENTÁRIA,Informação,09-01-2026 14:33
0006940-58.2025.6.27.8080,13969128707,"BRINDES EJE (Canetas, Blocos de anotações, Squeeze, Sacolas personalizadas e Mochilas saco)",08-08-2025 00:00,Administração geral - Licitação,TO - Tocantins,13969128707,14-08-2025 16:28,13969248399,ASSESSORIA JURÍDICA,Parecer,09-02-2026 22:25
0006940-58.2025.6.27.8080,13969128707,"BRINDES EJE (Canetas, Blocos de anotações, Squeeze, Sacolas personalizadas e Mochilas saco)",08-08-2025 00:00,Administração geral - Licitação,TO - Tocantins,13969128707,14-08-2025 16:28,13969248402,ASSESSORIA JURÍDICA,Decisão,09-02-2026 22:32
0006940-58.2025.6.27.8080,13969128707,"BRINDES EJE (Canetas, Blocos de anotações, Squeeze, Sacolas personalizadas e Mochilas saco)",08-08-2025 00:00,Administração geral - Licitação,TO - Tocantins,13969128707,14-08-2025 16:28,13969215010,ASSESSORIA JURÍDICA,Parecer,11-12-2025 10:30
0006940-58.2025.6.27.8080,13969128707,"BRINDES EJE (Canetas, Blocos de anotações, Squeeze, Sacolas personalizadas e Mochilas saco)",08-08-2025 00:00,Administração geral - Licitação,TO - Tocantins,13969128707,14-08-2025 16:28,13969215011,ASSESSORIA JURÍDICA,Decisão,11-12-2025 10:31
0006940-58.2025.6.27.8080,13969128707,"BRINDES EJE (Canetas, Blocos de anotações, Squeeze, Sacolas personalizadas e Mochilas saco)",08-08-2025 00:00,Administração geral - Licitação,TO - Tocantins,13969128707,14-08-2025 16:28,13969128708,ESCOLA JUDICIÁRIA ELEITORAL DO TOCANTINS,Memorando,12-08-2025 18:40
0006940-58.2025.6.27.8080,13969128707,"BRINDES EJE (Canetas, Blocos de anotações, Squeeze, Sacolas personalizadas e Mochilas saco)",08-08-2025 00:00,Administração geral - Licitação,TO - Tocantins,13969128707,14-08-2025 16:28,13969194686,ESCOLA JUDICIÁRIA ELEITORAL DO TOCANTINS,Termo de Referência - TR,12-11-2025 00:00
0006940-58.2025.6.27.8080,13969128707,"BRINDES EJE (Canetas, Blocos de anotações, Squeeze, Sacolas personalizadas e Mochilas saco)",08-08-2025 00:00,Administração geral - Licitação,TO - Tocantins,13969128707,14-08-2025 16:28,13969216795,ESCOLA JUDICIÁRIA ELEITORAL DO TOCANTINS,Termo de Referência - TR,12-12-2025 00:00
0006940-58.2025.6.27.8080,13969128707,"BRINDES EJE (Canetas, Blocos de anotações, Squeeze, Sacolas personalizadas e Mochilas saco)",08-08-2025 00:00,Administração geral - Licitação,TO - Tocantins,13969128707,14-08-2025 16:28,13969253458,SEÇÃO DE LICITAÇÕES,Certidão,19-02-2026 10:31
0006940-58.2025.6.27.8080,13969128707,"BRINDES EJE (Canetas, Blocos de anotações, Squeeze, Sacolas personalizadas e Mochilas saco)",08-08-2025 00:00,Administração geral - Licitação,TO - Tocantins,13969128707,14-08-2025 16:28,13969133875,ESCOLA JUDICIÁRIA ELEITORAL DO TOCANTINS,Termo de Referência - TR,19-08-2025 00:00
0006940-58.2025.6.27.8080,13969128707,"BRINDES EJE (Canetas, Blocos de anotações, Squeeze, Sacolas personalizadas e Mochilas saco)",08-08-2025 00:00,Administração geral - Licitação,TO - Tocantins,13969128707,14-08-2025 16:28,13969133753,ESCOLA JUDICIÁRIA ELEITORAL DO TOCANTINS,Estudos Técnicos Preliminares - ETP,19-08-2025 00:00
0006953-06.2025.6.27.8000,13969128869,CONTRATAÇÃO OFICINA LIDERANÇA DELIBERATIVA FEMININA,08-08-2025 00:00,Administração geral - Licitação,TO - Tocantins,13969128869,08-08-2025 18:15,13969203862,SEÇÃO DE DESENVOLVIMENTO ORGANIZACIONAL E CAPACITAÇÃO,Atesto,04-12-2025 14:29
0006953-06.2025.6.27.8000,13969128869,CONTRATAÇÃO OFICINA LIDERANÇA DELIBERATIVA FEMININA,08-08-2025 00:00,Administração geral - Licitação,TO - Tocantins,13969128869,08-08-2025 18:15,13969168372,SECRETARIA DE ADMINISTRAÇÃO E ORÇAMENTO,Decisão,06-10-2025 17:26
0006953-06.2025.6.27.8000,13969128869,CONTRATAÇÃO OFICINA LIDERANÇA DELIBERATIVA FEMININA,08-08-2025 00:00,Administração geral - Licitação,TO - Tocantins,13969128869,08-08-2025 18:15,13969168526,DIRETORIA GERAL,Decisão,06-10-2025 17:45
0006953-06.2025.6.27.8000,13969128869,CONTRATAÇÃO OFICINA LIDERANÇA DELIBERATIVA FEMININA,08-08-2025 00:00,Administração geral - Licitação,TO - Tocantins,13969128869,08-08-2025 18:15,13969190117,ASSESSORIA JURÍDICA,Parecer,07-11-2025 10:52
0006953-06.2025.6.27.8000,13969128869,CONTRATAÇÃO OFICINA LIDERANÇA DELIBERATIVA FEMININA,08-08-2025 00:00,Administração geral - Licitação,TO - Tocantins,13969128869,08-08-2025 18:15,13969190118,ASSESSORIA JURÍDICA,Decisão,07-11-2025 16:20
0006953-06.2025.6.27.8000,13969128869,CONTRATAÇÃO OFICINA LIDERANÇA DELIBERATIVA FEMININA,08-08-2025 00:00,Administração geral - Licitação,TO - Tocantins,13969128869,08-08-2025 18:15,13969191605,SEÇÃO DE ANÁLISE E CONTABILIDADE,Informação,07-11-2025 18:45
0006953-06.2025.6.27.8000,13969128869,CONTRATAÇÃO OFICINA LIDERANÇA DELIBERATIVA FEMININA,08-08-2025 00:00,Administração geral - Licitação,TO - Tocantins,13969128869,08-08-2025 18:15,13969128870,COORDENADORIA DE ASSISTÊNCIA MÉDICA E SOCIAL,Documento de Oficialização da Demanda - DOD,08-08-2025 15:25
0006953-06.2025.6.27.8000,13969128869,CONTRATAÇÃO OFICINA LIDERANÇA DELIBERATIVA FEMININA,08-08-2025 00:00,Administração geral - Licitação,TO - Tocantins,13969128869,08-08-2025 18:15,13969169812,SEÇÃO DE DESENVOLVIMENTO ORGANIZACIONAL E CAPACITAÇÃO,E-mail,08-10-2025 00:00
0006953-06.2025.6.27.8000,13969128869,CONTRATAÇÃO OFICINA LIDERANÇA DELIBERATIVA FEMININA,08-08-2025 00:00,Administração geral - Licitação,TO - Tocantins,13969128869,08-08-2025 18:15,13969170827,SEÇÃO DE DESENVOLVIMENTO ORGANIZACIONAL E CAPACITAÇÃO,E-mail,09-10-2025 00:00
0006953-06.2025.6.27.8000,13969128869,CONTRATAÇÃO OFICINA LIDERANÇA DELIBERATIVA FEMININA,08-08-2025 00:00,Administração geral - Licitação,TO - Tocantins,13969128869,08-08-2025 18:15,13969191992,SEÇÃO DE PLANEJAMENTO E GESTÃO ORÇAMENTÁRIA,Informação,10-11-2025 12:06
0006953-06.2025.6.27.8000,13969128869,CONTRATAÇÃO OFICINA LIDERANÇA DELIBERATIVA FEMININA,08-08-2025 00:00,Administração geral - Licitação,TO - Tocantins,13969128869,08-08-2025 18:15,13969193647,SEÇÃO DE DESENVOLVIMENTO ORGANIZACIONAL E CAPACITAÇÃO,Atesto,11-11-2025 15:26
0006953-06.2025.6.27.8000,13969128869,CONTRATAÇÃO OFICINA LIDERANÇA DELIBERATIVA FEMININA,08-08-2025 00:00,Administração geral - Licitação,TO - Tocantins,13969128869,08-08-2025 18:15,13969193862,SEÇÃO DE ANÁLISE E CONTABILIDADE,Informação,11-11-2025 17:09
0006953-06.2025.6.27.8000,13969128869,CONTRATAÇÃO OFICINA LIDERANÇA DELIBERATIVA FEMININA,08-08-2025 00:00,Administração geral - Licitação,TO - Tocantins,13969128869,08-08-2025 18:15,13969217185,SEÇÃO DE DESENVOLVIMENTO ORGANIZACIONAL E CAPACITAÇÃO,E-mail,12-12-2025 00:00
0006953-06.2025.6.27.8000,13969128869,CONTRATAÇÃO OFICINA LIDERANÇA DELIBERATIVA FEMININA,08-08-2025 00:00,Administração geral - Licitação,TO - Tocantins,13969128869,08-08-2025 18:15,13969217187,SEÇÃO DE DESENVOLVIMENTO ORGANIZACIONAL E CAPACITAÇÃO,Relatório,12-12-2025 16:11
0006953-06.2025.6.27.8000,13969128869,CONTRATAÇÃO OFICINA LIDERANÇA DELIBERATIVA FEMININA,08-08-2025 00:00,Administração geral - Licitação,TO - Tocantins,13969128869,08-08-2025 18:15,13969217188,SEÇÃO DE DESENVOLVIMENTO ORGANIZACIONAL E CAPACITAÇÃO,Relatório,12-12-2025 16:11
0006953-06.2025.6.27.8000,13969128869,CONTRATAÇÃO OFICINA LIDERANÇA DELIBERATIVA FEMININA,08-08-2025 00:00,Administração geral - Licitação,TO - Tocantins,13969128869,08-08-2025 18:15,13969131166,COORDENADORIA DE ASSISTÊNCIA MÉDICA E SOCIAL,Termo de Referência - TR,13-08-2025 00:00
0006953-06.2025.6.27.8000,13969128869,CONTRATAÇÃO OFICINA LIDERANÇA DELIBERATIVA FEMININA,08-08-2025 00:00,Administração geral - Licitação,TO - Tocantins,13969128869,08-08-2025 18:15,13969131163,COORDENADORIA DE ASSISTÊNCIA MÉDICA E SOCIAL,Estudos Técnicos Preliminares - ETP,13-08-2025 00:00
0006953-06.2025.6.27.8000,13969128869,CONTRATAÇÃO OFICINA LIDERANÇA DELIBERATIVA FEMININA,08-08-2025 00:00,Administração geral - Licitação,TO - Tocantins,13969128869,08-08-2025 18:15,13969131170,COORDENADORIA DE ASSISTÊNCIA MÉDICA E SOCIAL,Gerenciamento de Riscos de Contratações,14-08-2025 12:26
0006953-06.2025.6.27.8000,13969128869,CONTRATAÇÃO OFICINA LIDERANÇA DELIBERATIVA FEMININA,08-08-2025 00:00,Administração geral - Licitação,TO - Tocantins,13969128869,08-08-2025 18:15,13969155412,SEÇÃO DE DESENVOLVIMENTO ORGANIZACIONAL E CAPACITAÇÃO,Atesto,17-09-2025 17:29
0006953-06.2025.6.27.8000,13969128869,CONTRATAÇÃO OFICINA LIDERANÇA DELIBERATIVA FEMININA,08-08-2025 00:00,Administração geral - Licitação,TO - Tocantins,13969128869,08-08-2025 18:15,13969155413,SEÇÃO DE DESENVOLVIMENTO ORGANIZACIONAL E CAPACITAÇÃO,Informação,19-09-2025 16:01
0006953-06.2025.6.27.8000,13969128869,CONTRATAÇÃO OFICINA LIDERANÇA DELIBERATIVA FEMININA,08-08-2025 00:00,Administração geral - Licitação,TO - Tocantins,13969128869,08-08-2025 18:15,13969158799,SEÇÃO DE ANÁLISE E CONTABILIDADE,Informação,22-09-2025 17:04
0006953-06.2025.6.27.8000,13969128869,CONTRATAÇÃO OFICINA LIDERANÇA DELIBERATIVA FEMININA,08-08-2025 00:00,Administração geral - Licitação,TO - Tocantins,13969128869,08-08-2025 18:15,13969163327,SEÇÃO DE DESENVOLVIMENTO ORGANIZACIONAL E CAPACITAÇÃO,Informação,29-09-2025 18:15
0006953-06.2025.6.27.8000,13969128869,CONTRATAÇÃO OFICINA LIDERANÇA DELIBERATIVA FEMININA,08-08-2025 00:00,Administração geral - Licitação,TO - Tocantins,13969128869,08-08-2025 18:15,13969163510,SEÇÃO DE ANÁLISE E CONTABILIDADE,Informação,30-09-2025 10:40
0006953-06.2025.6.27.8000,13969128869,CONTRATAÇÃO OFICINA LIDERANÇA DELIBERATIVA FEMININA,08-08-2025 00:00,Administração geral - Licitação,TO - Tocantins,13969128869,08-08-2025 18:15,13969163649,SEÇÃO DE PLANEJAMENTO E GESTÃO ORÇAMENTÁRIA,Informação,30-09-2025 13:49
0007007-69.2025.6.27.8000,13969129695,LOCAÇÃO DE VEÍCULOS TRE-TO,12-08-2025 00:00,Administração geral - Licitação,TO - Tocantins,13969129695,14-08-2025 18:32,13969140831,SEÇÃO DE ANÁLISE E COMPRAS,Informação,02-09-2025 14:05
0007007-69.2025.6.27.8000,13969129695,LOCAÇÃO DE VEÍCULOS TRE-TO,12-08-2025 00:00,Administração geral - Licitação,TO - Tocantins,13969129695,14-08-2025 18:32,13969144588,SEÇÃO DE ANÁLISE E CONTABILIDADE,Informação,02-09-2025 15:34
0007007-69.2025.6.27.8000,13969129695,LOCAÇÃO DE VEÍCULOS TRE-TO,12-08-2025 00:00,Administração geral - Licitação,TO - Tocantins,13969129695,14-08-2025 18:32,13969144823,SEÇÃO DE PLANEJAMENTO E GESTÃO ORÇAMENTÁRIA,Informação,02-09-2025 17:26
0007007-69.2025.6.27.8000,13969129695,LOCAÇÃO DE VEÍCULOS TRE-TO,12-08-2025 00:00,Administração geral - Licitação,TO - Tocantins,13969129695,14-08-2025 18:32,13969150265,SEÇÃO DE LICITAÇÕES,Termo de Referência - TR,10-09-2025 00:00
0007007-69.2025.6.27.8000,13969129695,LOCAÇÃO DE VEÍCULOS TRE-TO,12-08-2025 00:00,Administração geral - Licitação,TO - Tocantins,13969129695,14-08-2025 18:32,13969129696,SEÇÃO DE SEGURANÇA E TRANSPORTES,Documento de Oficialização da Demanda - DOD,12-08-2025 14:49
0007007-69.2025.6.27.8000,13969129695,LOCAÇÃO DE VEÍCULOS TRE-TO,12-08-2025 00:00,Administração geral - Licitação,TO - Tocantins,13969129695,14-08-2025 18:32,13969222677,ASSESSORIA JURÍDICA,Decisão,19-12-2025 13:44
0007007-69.2025.6.27.8000,13969129695,LOCAÇÃO DE VEÍCULOS TRE-TO,12-08-2025 00:00,Administração geral - Licitação,TO - Tocantins,13969129695,14-08-2025 18:32,13969222640,ASSESSORIA JURÍDICA,Parecer,19-12-2025 13:45
0007007-69.2025.6.27.8000,13969129695,LOCAÇÃO DE VEÍCULOS TRE-TO,12-08-2025 00:00,Administração geral - Licitação,TO - Tocantins,13969129695,14-08-2025 18:32,13969222964,SEÇÃO DE LICITAÇÕES,Ata de Registro de Preços,19-12-2025 16:46
0007007-69.2025.6.27.8000,13969129695,LOCAÇÃO DE VEÍCULOS TRE-TO,12-08-2025 00:00,Administração geral - Licitação,TO - Tocantins,13969129695,14-08-2025 18:32,13969222966,SEÇÃO DE LICITAÇÕES,Ata de Registro de Preços,19-12-2025 16:47
0007007-69.2025.6.27.8000,13969129695,LOCAÇÃO DE VEÍCULOS TRE-TO,12-08-2025 00:00,Administração geral - Licitação,TO - Tocantins,13969129695,14-08-2025 18:32,13969135082,SEÇÃO DE SEGURANÇA E TRANSPORTES,Termo de Referência - TR,20-08-2025 00:00
0007007-69.2025.6.27.8000,13969129695,LOCAÇÃO DE VEÍCULOS TRE-TO,12-08-2025 00:00,Administração geral - Licitação,TO - Tocantins,13969129695,14-08-2025 18:32,13969135059,SEÇÃO DE SEGURANÇA E TRANSPORTES,Estudos Técnicos Preliminares - ETP,20-08-2025 00:00
0007007-69.2025.6.27.8000,13969129695,LOCAÇÃO DE VEÍCULOS TRE-TO,12-08-2025 00:00,Administração geral - Licitação,TO - Tocantins,13969129695,14-08-2025 18:32,13969135081,SEÇÃO DE SEGURANÇA E TRANSPORTES,Gerenciamento de Riscos de Contratações,20-08-2025 12:43
0007007-69.2025.6.27.8000,13969129695,LOCAÇÃO DE VEÍCULOS TRE-TO,12-08-2025 00:00,Administração geral - Licitação,TO - Tocantins,13969129695,14-08-2025 18:32,13969136075,COORDENADORIA DE SERVIÇOS GERAIS,Termo de Referência - TR,21-08-2025 00:00
0007007-69.2025.6.27.8000,13969129695,LOCAÇÃO DE VEÍCULOS TRE-TO,12-08-2025 00:00,Administração geral - Licitação,TO - Tocantins,13969129695,14-08-2025 18:32,13969137172,SEÇÃO DE SEGURANÇA E TRANSPORTES,Termo de Referência - TR,22-08-2025 00:00
0007007-69.2025.6.27.8000,13969129695,LOCAÇÃO DE VEÍCULOS TRE-TO,12-08-2025 00:00,Administração geral - Licitação,TO - Tocantins,13969129695,14-08-2025 18:32,13969183994,ASSESSORIA JURÍDICA,Decisão,30-10-2025 12:29
0007007-69.2025.6.27.8000,13969129695,LOCAÇÃO DE VEÍCULOS TRE-TO,12-08-2025 00:00,Administração geral - Licitação,TO - Tocantins,13969129695,14-08-2025 18:32,13969183993,ASSESSORIA JURÍDICA,Parecer,30-10-2025 15:18
0007046-66.2025.6.27.8000,13969130274,Contratação para aquisição de material de sinalização visual e tátil.,13-08-2025 00:00,Material e patrimônio - Administração de material,TO - Tocantins,13969130274,14-08-2025 16:06,13969250291,COORDENADORIA DE SERVIÇOS GERAIS,Informação,11-02-2026 14:44
0007046-66.2025.6.27.8000,13969130274,Contratação para aquisição de material de sinalização visual e tátil.,13-08-2025 00:00,Material e patrimônio - Administração de material,TO - Tocantins,13969130274,14-08-2025 16:06,13969130311,SEÇÃO DE SERVIÇOS GERAIS,Documento de Oficialização da Demanda - DOD,13-08-2025 10:20
0007046-66.2025.6.27.8000,13969130274,Contratação para aquisição de material de sinalização visual e tátil.,13-08-2025 00:00,Material e patrimônio - Administração de material,TO - Tocantins,13969130274,14-08-2025 16:06,13969130275,SEÇÃO DE SERVIÇOS GERAIS,Memorando,13-08-2025 10:46
0007061-35.2025.6.27.8000,13969130427,aquisição de material - compressor de ar portátil e kit de pequenos reparos,13-08-2025 00:00,Administração geral - Licitação,TO - Tocantins,13969130427,14-08-2025 16:06,13969203444,SEÇÃO DE ANÁLISE E COMPRAS,Informação,01-12-2025 08:38
0007061-35.2025.6.27.8000,13969130427,aquisição de material - compressor de ar portátil e kit de pequenos reparos,13-08-2025 00:00,Administração geral - Licitação,TO - Tocantins,13969130427,14-08-2025 16:06,13969207713,SEÇÃO DE ANÁLISE E CONTABILIDADE,Informação,02-12-2025 13:51
0007061-35.2025.6.27.8000,13969130427,aquisição de material - compressor de ar portátil e kit de pequenos reparos,13-08-2025 00:00,Administração geral - Licitação,TO - Tocantins,13969130427,14-08-2025 16:06,13969208435,SEÇÃO DE PLANEJAMENTO E GESTÃO ORÇAMENTÁRIA,Informação,02-12-2025 16:00
0007061-35.2025.6.27.8000,13969130427,aquisição de material - compressor de ar portátil e kit de pequenos reparos,13-08-2025 00:00,Administração geral - Licitação,TO - Tocantins,13969130427,14-08-2025 16:06,13969210295,ASSESSORIA JURÍDICA,Parecer,04-12-2025 12:40
0007061-35.2025.6.27.8000,13969130427,aquisição de material - compressor de ar portátil e kit de pequenos reparos,13-08-2025 00:00,Administração geral - Licitação,TO - Tocantins,13969130427,14-08-2025 16:06,13969210296,ASSESSORIA JURÍDICA,Decisão,04-12-2025 13:21
0007061-35.2025.6.27.8000,13969130427,aquisição de material - compressor de ar portátil e kit de pequenos reparos,13-08-2025 00:00,Administração geral - Licitação,TO - Tocantins,13969130427,14-08-2025 16:06,13969215111,SEÇÃO DE LICITAÇÕES,Certidão,11-12-2025 10:51
0007061-35.2025.6.27.8000,13969130427,aquisição de material - compressor de ar portátil e kit de pequenos reparos,13-08-2025 00:00,Administração geral - Licitação,TO - Tocantins,13969130427,14-08-2025 16:06,13969130430,SEÇÃO DE SEGURANÇA E TRANSPORTES,Documento de Oficialização da Demanda - DOD,13-08-2025 15:44
0007061-35.2025.6.27.8000,13969130427,aquisição de material - compressor de ar portátil e kit de pequenos reparos,13-08-2025 00:00,Administração geral - Licitação,TO - Tocantins,13969130427,14-08-2025 16:06,13969130429,SEÇÃO DE SEGURANÇA E TRANSPORTES,Memorando,13-08-2025 15:46
0007061-35.2025.6.27.8000,13969130427,aquisição de material - compressor de ar portátil e kit de pequenos reparos,13-08-2025 00:00,Administração geral - Licitação,TO - Tocantins,13969130427,14-08-2025 16:06,13969137227,SEÇÃO DE SEGURANÇA E TRANSPORTES,Termo de Referência - TR,22-08-2025 00:00
0007061-35.2025.6.27.8000,13969130427,aquisição de material - compressor de ar portátil e kit de pequenos reparos,13-08-2025 00:00,Administração geral - Licitação,TO - Tocantins,13969130427,14-08-2025 16:06,13969137225,SEÇÃO DE SEGURANÇA E TRANSPORTES,Estudos Técnicos Preliminares - ETP,22-08-2025 00:00
0007061-35.2025.6.27.8000,13969130427,aquisição de material - compressor de ar portátil e kit de pequenos reparos,13-08-2025 00:00,Administração geral - Licitação,TO - Tocantins,13969130427,14-08-2025 16:06,13969179947,SEÇÃO DE SEGURANÇA E TRANSPORTES,Termo de Referência - TR,23-10-2025 00:00
0007099-47.2025.6.27.8000,13969131090,Aquisição de Medicamentos para COMED,13-08-2025 00:00,Administração geral - Licitação,TO - Tocantins,13969131090,18-08-2025 16:43,13969182088,SEÇÃO DE ANÁLISE E COMPRAS,Informação,03-11-2025 09:44
0007099-47.2025.6.27.8000,13969131090,Aquisição de Medicamentos para COMED,13-08-2025 00:00,Administração geral - Licitação,TO - Tocantins,13969131090,18-08-2025 16:43,13969187668,SEÇÃO DE ANÁLISE E CONTABILIDADE,Informação,04-11-2025 16:07
0007099-47.2025.6.27.8000,13969131090,Aquisição de Medicamentos para COMED,13-08-2025 00:00,Administração geral - Licitação,TO - Tocantins,13969131090,18-08-2025 16:43,13969187702,SEÇÃO DE PLANEJAMENTO E GESTÃO ORÇAMENTÁRIA,Informação,04-11-2025 17:02
0007099-47.2025.6.27.8000,13969131090,Aquisição de Medicamentos para COMED,13-08-2025 00:00,Administração geral - Licitação,TO - Tocantins,13969131090,18-08-2025 16:43,13969190736,ASSESSORIA JURÍDICA,Decisão,07-11-2025 13:18
0007099-47.2025.6.27.8000,13969131090,Aquisição de Medicamentos para COMED,13-08-2025 00:00,Administração geral - Licitação,TO - Tocantins,13969131090,18-08-2025 16:43,13969190734,ASSESSORIA JURÍDICA,Parecer,07-11-2025 14:30
0007099-47.2025.6.27.8000,13969131090,Aquisição de Medicamentos para COMED,13-08-2025 00:00,Administração geral - Licitação,TO - Tocantins,13969131090,18-08-2025 16:43,13969192980,SEÇÃO DE LICITAÇÕES,Certidão,11-11-2025 09:54
0007099-47.2025.6.27.8000,13969131090,Aquisição de Medicamentos para COMED,13-08-2025 00:00,Administração geral - Licitação,TO - Tocantins,13969131090,18-08-2025 16:43,13969131094,SEÇÃO DE PLANEJAMENTO E APOIO ADMINISTRATIVO,Documento de Oficialização da Demanda - DOD,13-08-2025 18:10
0007099-47.2025.6.27.8000,13969131090,Aquisição de Medicamentos para COMED,13-08-2025 00:00,Administração geral - Licitação,TO - Tocantins,13969131090,18-08-2025 16:43,13969136119,SEÇÃO DE PLANEJAMENTO E APOIO ADMINISTRATIVO,Estudos Técnicos Preliminares - ETP,21-08-2025 00:00
0007099-47.2025.6.27.8000,13969131090,Aquisição de Medicamentos para COMED,13-08-2025 00:00,Administração geral - Licitação,TO - Tocantins,13969131090,18-08-2025 16:43,13969161885,SEÇÃO DE PLANEJAMENTO E APOIO ADMINISTRATIVO,Termo de Referência - TR,26-09-2025 00:00
0007099-47.2025.6.27.8000,13969131090,Aquisição de Medicamentos para COMED,13-08-2025 00:00,Administração geral - Licitação,TO - Tocantins,13969131090,18-08-2025 16:43,13969140924,SEÇÃO DE PLANEJAMENTO E APOIO ADMINISTRATIVO,Termo de Referência - TR,28-08-2025 00:00
0007115-98.2025.6.27.8000,13969131469,"Registro de preço para aquisição de monitores curvos de 49, ultra wide",14-08-2025 00:00,Tecnologia da Informação - Infraestrutura,TO - Tocantins,13969131469,28-01-2026 17:16,13969206743,ASSESSORIA DE AGENTE DE CONTRATAÇÃO,Termo de Referência - TR,01-12-2025 00:00
0007115-98.2025.6.27.8000,13969131469,"Registro de preço para aquisição de monitores curvos de 49, ultra wide",14-08-2025 00:00,Tecnologia da Informação - Infraestrutura,TO - Tocantins,13969131469,28-01-2026 17:16,13969209288,SEÇÃO DE ANÁLISE E COMPRAS,Informação,03-12-2025 14:28
0007115-98.2025.6.27.8000,13969131469,"Registro de preço para aquisição de monitores curvos de 49, ultra wide",14-08-2025 00:00,Tecnologia da Informação - Infraestrutura,TO - Tocantins,13969131469,28-01-2026 17:16,13969188585,SECAO DE MICROINFORMATICA E APOIO AO USUARIO,Termo de Referência - TR,05-11-2025 00:00
0007115-98.2025.6.27.8000,13969131469,"Registro de preço para aquisição de monitores curvos de 49, ultra wide",14-08-2025 00:00,Tecnologia da Informação - Infraestrutura,TO - Tocantins,13969131469,28-01-2026 17:16,13969168662,SECRETARIA DE ADMINISTRAÇÃO E ORÇAMENTO,Minuta,07-10-2025 08:06
0007115-98.2025.6.27.8000,13969131469,"Registro de preço para aquisição de monitores curvos de 49, ultra wide",14-08-2025 00:00,Tecnologia da Informação - Infraestrutura,TO - Tocantins,13969131469,28-01-2026 17:16,13969169142,DIRETORIA GERAL,Portaria,07-10-2025 14:16
0007115-98.2025.6.27.8000,13969131469,"Registro de preço para aquisição de monitores curvos de 49, ultra wide",14-08-2025 00:00,Tecnologia da Informação - Infraestrutura,TO - Tocantins,13969131469,28-01-2026 17:16,13969170610,SEÇÃO DE EDITORAÇÃO E PUBLICAÇÕES,Certidão,08-10-2025 18:50
0007115-98.2025.6.27.8000,13969131469,"Registro de preço para aquisição de monitores curvos de 49, ultra wide",14-08-2025 00:00,Tecnologia da Informação - Infraestrutura,TO - Tocantins,13969131469,28-01-2026 17:16,13969171900,SECAO DE MICROINFORMATICA E APOIO AO USUARIO,Termo de Referência - TR,10-10-2025 00:00
0007115-98.2025.6.27.8000,13969131469,"Registro de preço para aquisição de monitores curvos de 49, ultra wide",14-08-2025 00:00,Tecnologia da Informação - Infraestrutura,TO - Tocantins,13969131469,28-01-2026 17:16,13969171688,SECAO DE MICROINFORMATICA E APOIO AO USUARIO,Estudos Técnicos Preliminares - ETP,10-10-2025 00:00
0007115-98.2025.6.27.8000,13969131469,"Registro de preço para aquisição de monitores curvos de 49, ultra wide",14-08-2025 00:00,Tecnologia da Informação - Infraestrutura,TO - Tocantins,13969131469,28-01-2026 17:16,13969172020,SECAO DE MICROINFORMATICA E APOIO AO USUARIO,Gerenciamento de Riscos de Contratações,10-10-2025 15:45
0007115-98.2025.6.27.8000,13969131469,"Registro de preço para aquisição de monitores curvos de 49, ultra wide",14-08-2025 00:00,Tecnologia da Informação - Infraestrutura,TO - Tocantins,13969131469,28-01-2026 17:16,13969214706,SECAO DE MICROINFORMATICA E APOIO AO USUARIO,Termo de Referência - TR,10-12-2025 00:00
0007115-98.2025.6.27.8000,13969131469,"Registro de preço para aquisição de monitores curvos de 49, ultra wide",14-08-2025 00:00,Tecnologia da Informação - Infraestrutura,TO - Tocantins,13969131469,28-01-2026 17:16,13969214702,SECAO DE MICROINFORMATICA E APOIO AO USUARIO,Estudos Técnicos Preliminares - ETP,10-12-2025 00:00
0007115-98.2025.6.27.8000,13969131469,"Registro de preço para aquisição de monitores curvos de 49, ultra wide",14-08-2025 00:00,Tecnologia da Informação - Infraestrutura,TO - Tocantins,13969131469,28-01-2026 17:16,13969192900,ASSESSORIA JURÍDICA,Parecer,11-11-2025 08:59
0007115-98.2025.6.27.8000,13969131469,"Registro de preço para aquisição de monitores curvos de 49, ultra wide",14-08-2025 00:00,Tecnologia da Informação - Infraestrutura,TO - Tocantins,13969131469,28-01-2026 17:16,13969192901,ASSESSORIA JURÍDICA,Decisão,11-11-2025 09:01
0007115-98.2025.6.27.8000,13969131469,"Registro de preço para aquisição de monitores curvos de 49, ultra wide",14-08-2025 00:00,Tecnologia da Informação - Infraestrutura,TO - Tocantins,13969131469,28-01-2026 17:16,13969215729,ASSESSORIA JURÍDICA,Parecer,11-12-2025 15:43
0007115-98.2025.6.27.8000,13969131469,"Registro de preço para aquisição de monitores curvos de 49, ultra wide",14-08-2025 00:00,Tecnologia da Informação - Infraestrutura,TO - Tocantins,13969131469,28-01-2026 17:16,13969215731,ASSESSORIA JURÍDICA,Decisão,11-12-2025 15:45
0007115-98.2025.6.27.8000,13969131469,"Registro de preço para aquisição de monitores curvos de 49, ultra wide",14-08-2025 00:00,Tecnologia da Informação - Infraestrutura,TO - Tocantins,13969131469,28-01-2026 17:16,13969229986,SECAO DE MICROINFORMATICA E APOIO AO USUARIO,Parecer,14-01-2026 12:13
0007115-98.2025.6.27.8000,13969131469,"Registro de preço para aquisição de monitores curvos de 49, ultra wide",14-08-2025 00:00,Tecnologia da Informação - Infraestrutura,TO - Tocantins,13969131469,28-01-2026 17:16,13969230429,SECAO DE MICROINFORMATICA E APOIO AO USUARIO,Parecer,14-01-2026 16:55
0007115-98.2025.6.27.8000,13969131469,"Registro de preço para aquisição de monitores curvos de 49, ultra wide",14-08-2025 00:00,Tecnologia da Informação - Infraestrutura,TO - Tocantins,13969131469,28-01-2026 17:16,13969131470,SECAO DE MICROINFORMATICA E APOIO AO USUARIO,Documento de Oficialização da Demanda - DOD,14-08-2025 13:31
0007115-98.2025.6.27.8000,13969131469,"Registro de preço para aquisição de monitores curvos de 49, ultra wide",14-08-2025 00:00,Tecnologia da Informação - Infraestrutura,TO - Tocantins,13969131469,28-01-2026 17:16,13969131506,SECAO DE MICROINFORMATICA E APOIO AO USUARIO,Memorando,14-08-2025 13:50
0007115-98.2025.6.27.8000,13969131469,"Registro de preço para aquisição de monitores curvos de 49, ultra wide",14-08-2025 00:00,Tecnologia da Informação - Infraestrutura,TO - Tocantins,13969131469,28-01-2026 17:16,13969230747,SECAO DE MICROINFORMATICA E APOIO AO USUARIO,Parecer,15-01-2026 12:36
0007115-98.2025.6.27.8000,13969131469,"Registro de preço para aquisição de monitores curvos de 49, ultra wide",14-08-2025 00:00,Tecnologia da Informação - Infraestrutura,TO - Tocantins,13969131469,28-01-2026 17:16,13969174473,SECAO DE MICROINFORMATICA E APOIO AO USUARIO,Memorando,15-10-2025 11:41
0007115-98.2025.6.27.8000,13969131469,"Registro de preço para aquisição de monitores curvos de 49, ultra wide",14-08-2025 00:00,Tecnologia da Informação - Infraestrutura,TO - Tocantins,13969131469,28-01-2026 17:16,13969234202,ASSESSORIA JURÍDICA,Decisão,21-01-2026 17:42
0007115-98.2025.6.27.8000,13969131469,"Registro de preço para aquisição de monitores curvos de 49, ultra wide",14-08-2025 00:00,Tecnologia da Informação - Infraestrutura,TO - Tocantins,13969131469,28-01-2026 17:16,13969233837,ASSESSORIA JURÍDICA,Parecer,23-01-2026 11:40
0007115-98.2025.6.27.8000,13969131469,"Registro de preço para aquisição de monitores curvos de 49, ultra wide",14-08-2025 00:00,Tecnologia da Informação - Infraestrutura,TO - Tocantins,13969131469,28-01-2026 17:16,13969236851,SEÇÃO DE LICITAÇÕES,Ata de Registro de Preços,27-01-2026 09:11
0007115-98.2025.6.27.8000,13969131469,"Registro de preço para aquisição de monitores curvos de 49, ultra wide",14-08-2025 00:00,Tecnologia da Informação - Infraestrutura,TO - Tocantins,13969131469,28-01-2026 17:16,13969239097,SECRETARIA DE ADMINISTRAÇÃO E ORÇAMENTO,E-mail,29-01-2026 00:00
0007115-98.2025.6.27.8000,13969131469,"Registro de preço para aquisição de monitores curvos de 49, ultra wide",14-08-2025 00:00,Tecnologia da Informação - Infraestrutura,TO - Tocantins,13969131469,28-01-2026 17:16,13969181908,SEÇÃO DE ANÁLISE E COMPRAS,Informação,29-10-2025 15:40
0007115-98.2025.6.27.8000,13969131469,"Registro de preço para aquisição de monitores curvos de 49, ultra wide",14-08-2025 00:00,Tecnologia da Informação - Infraestrutura,TO - Tocantins,13969131469,28-01-2026 17:16,13969183823,SEÇÃO DE ANÁLISE E CONTABILIDADE,Informação,29-10-2025 17:00
0007115-98.2025.6.27.8000,13969131469,"Registro de preço para aquisição de monitores curvos de 49, ultra wide",14-08-2025 00:00,Tecnologia da Informação - Infraestrutura,TO - Tocantins,13969131469,28-01-2026 17:16,13969184439,SEÇÃO DE PLANEJAMENTO E GESTÃO ORÇAMENTÁRIA,Informação,30-10-2025 14:40
0007405-16.2025.6.27.8000,13969136629,Aquisição de mobiliário - Programa de Gestão 2025-2027,21-08-2025 00:00,Material e patrimônio - Administração de patrimônio,TO - Tocantins,13969136629,17-10-2025 17:55,13969164382,SECRETARIA DE ADMINISTRAÇÃO E ORÇAMENTO,E-mail,01-10-2025 00:00
0007405-16.2025.6.27.8000,13969136629,Aquisição de mobiliário - Programa de Gestão 2025-2027,21-08-2025 00:00,Material e patrimônio - Administração de patrimônio,TO - Tocantins,13969136629,17-10-2025 17:55,13969164413,SECRETARIA DE ADMINISTRAÇÃO E ORÇAMENTO,E-mail,01-10-2025 00:00
0007405-16.2025.6.27.8000,13969136629,Aquisição de mobiliário - Programa de Gestão 2025-2027,21-08-2025 00:00,Material e patrimônio - Administração de patrimônio,TO - Tocantins,13969136629,17-10-2025 17:55,13969164568,SECRETARIA DE ADMINISTRAÇÃO E ORÇAMENTO,E-mail,01-10-2025 00:00
0007405-16.2025.6.27.8000,13969136629,Aquisição de mobiliário - Programa de Gestão 2025-2027,21-08-2025 00:00,Material e patrimônio - Administração de patrimônio,TO - Tocantins,13969136629,17-10-2025 17:55,13969166219,SECRETARIA DE ADMINISTRAÇÃO E ORÇAMENTO,E-mail,02-10-2025 00:00
0007405-16.2025.6.27.8000,13969136629,Aquisição de mobiliário - Programa de Gestão 2025-2027,21-08-2025 00:00,Material e patrimônio - Administração de patrimônio,TO - Tocantins,13969136629,17-10-2025 17:55,13969166396,SECRETARIA DE ADMINISTRAÇÃO E ORÇAMENTO,E-mail,02-10-2025 00:00
0007405-16.2025.6.27.8000,13969136629,Aquisição de mobiliário - Programa de Gestão 2025-2027,21-08-2025 00:00,Material e patrimônio - Administração de patrimônio,TO - Tocantins,13969136629,17-10-2025 17:55,13969166196,SECRETARIA DE ADMINISTRAÇÃO E ORÇAMENTO,Ofício,02-10-2025 16:31
0007405-16.2025.6.27.8000,13969136629,Aquisição de mobiliário - Programa de Gestão 2025-2027,21-08-2025 00:00,Material e patrimônio - Administração de patrimônio,TO - Tocantins,13969136629,17-10-2025 17:55,13969166315,SECRETARIA DE ADMINISTRAÇÃO E ORÇAMENTO,Ofício,02-10-2025 17:38
0007405-16.2025.6.27.8000,13969136629,Aquisição de mobiliário - Programa de Gestão 2025-2027,21-08-2025 00:00,Material e patrimônio - Administração de patrimônio,TO - Tocantins,13969136629,17-10-2025 17:55,13969170159,SECRETARIA DE ADMINISTRAÇÃO E ORÇAMENTO,Ofício,08-10-2025 15:30
0007405-16.2025.6.27.8000,13969136629,Aquisição de mobiliário - Programa de Gestão 2025-2027,21-08-2025 00:00,Material e patrimônio - Administração de patrimônio,TO - Tocantins,13969136629,17-10-2025 17:55,13969170844,SECRETARIA DE ADMINISTRAÇÃO E ORÇAMENTO,E-mail,09-10-2025 00:00
0007405-16.2025.6.27.8000,13969136629,Aquisição de mobiliário - Programa de Gestão 2025-2027,21-08-2025 00:00,Material e patrimônio - Administração de patrimônio,TO - Tocantins,13969136629,17-10-2025 17:55,13969170874,SECRETARIA DE ADMINISTRAÇÃO E ORÇAMENTO,E-mail,09-10-2025 00:00
0007405-16.2025.6.27.8000,13969136629,Aquisição de mobiliário - Programa de Gestão 2025-2027,21-08-2025 00:00,Material e patrimônio - Administração de patrimônio,TO - Tocantins,13969136629,17-10-2025 17:55,13969170857,SECRETARIA DE ADMINISTRAÇÃO E ORÇAMENTO,Ofício,09-10-2025 13:20
0007405-16.2025.6.27.8000,13969136629,Aquisição de mobiliário - Programa de Gestão 2025-2027,21-08-2025 00:00,Material e patrimônio - Administração de patrimônio,TO - Tocantins,13969136629,17-10-2025 17:55,13969174011,COORDENADORIA DE SERVIÇOS GERAIS,Termo de Referência - TR,14-10-2025 00:00
0007405-16.2025.6.27.8000,13969136629,Aquisição de mobiliário - Programa de Gestão 2025-2027,21-08-2025 00:00,Material e patrimônio - Administração de patrimônio,TO - Tocantins,13969136629,17-10-2025 17:55,13969177425,ASSESSORIA JURÍDICA,Parecer,21-10-2025 10:53
0007405-16.2025.6.27.8000,13969136629,Aquisição de mobiliário - Programa de Gestão 2025-2027,21-08-2025 00:00,Material e patrimônio - Administração de patrimônio,TO - Tocantins,13969136629,17-10-2025 17:55,13969177428,ASSESSORIA JURÍDICA,Decisão,21-10-2025 17:54
0007405-16.2025.6.27.8000,13969136629,Aquisição de mobiliário - Programa de Gestão 2025-2027,21-08-2025 00:00,Material e patrimônio - Administração de patrimônio,TO - Tocantins,13969136629,17-10-2025 17:55,13969159039,SEÇÃO DE ANÁLISE E COMPRAS,Informação,23-09-2025 10:36
0007405-16.2025.6.27.8000,13969136629,Aquisição de mobiliário - Programa de Gestão 2025-2027,21-08-2025 00:00,Material e patrimônio - Administração de patrimônio,TO - Tocantins,13969136629,17-10-2025 17:55,13969159246,SEÇÃO DE ANÁLISE E CONTABILIDADE,Informação,23-09-2025 12:04
0007405-16.2025.6.27.8000,13969136629,Aquisição de mobiliário - Programa de Gestão 2025-2027,21-08-2025 00:00,Material e patrimônio - Administração de patrimônio,TO - Tocantins,13969136629,17-10-2025 17:55,13969159534,SEÇÃO DE PLANEJAMENTO E GESTÃO ORÇAMENTÁRIA,Informação,23-09-2025 16:48
0007405-16.2025.6.27.8000,13969136629,Aquisição de mobiliário - Programa de Gestão 2025-2027,21-08-2025 00:00,Material e patrimônio - Administração de patrimônio,TO - Tocantins,13969136629,17-10-2025 17:55,13969180072,SEÇÃO DE LICITAÇÕES,Certidão,23-10-2025 15:18
0007405-16.2025.6.27.8000,13969136629,Aquisição de mobiliário - Programa de Gestão 2025-2027,21-08-2025 00:00,Material e patrimônio - Administração de patrimônio,TO - Tocantins,13969136629,17-10-2025 17:55,13969138391,COORDENADORIA DE SERVIÇOS GERAIS,Documento de Oficialização da Demanda - DOD,25-08-2025 15:54
0007405-16.2025.6.27.8000,13969136629,Aquisição de mobiliário - Programa de Gestão 2025-2027,21-08-2025 00:00,Material e patrimônio - Administração de patrimônio,TO - Tocantins,13969136629,17-10-2025 17:55,13969138390,COORDENADORIA DE SERVIÇOS GERAIS,Memorando,25-08-2025 15:55
0007405-16.2025.6.27.8000,13969136629,Aquisição de mobiliário - Programa de Gestão 2025-2027,21-08-2025 00:00,Material e patrimônio - Administração de patrimônio,TO - Tocantins,13969136629,17-10-2025 17:55,13969138698,SECRETARIA DE ADMINISTRAÇÃO E ORÇAMENTO,Minuta,25-08-2025 18:38
0007405-16.2025.6.27.8000,13969136629,Aquisição de mobiliário - Programa de Gestão 2025-2027,21-08-2025 00:00,Material e patrimônio - Administração de patrimônio,TO - Tocantins,13969136629,17-10-2025 17:55,13969138991,DIRETORIA GERAL,Portaria,26-08-2025 11:08
0007405-16.2025.6.27.8000,13969136629,Aquisição de mobiliário - Programa de Gestão 2025-2027,21-08-2025 00:00,Material e patrimônio - Administração de patrimônio,TO - Tocantins,13969136629,17-10-2025 17:55,13969139853,COORDENADORIA DE SERVIÇOS GERAIS,Termo de Referência - TR,27-08-2025 00:00
0007405-16.2025.6.27.8000,13969136629,Aquisição de mobiliário - Programa de Gestão 2025-2027,21-08-2025 00:00,Material e patrimônio - Administração de patrimônio,TO - Tocantins,13969136629,17-10-2025 17:55,13969139845,COORDENADORIA DE SERVIÇOS GERAIS,Estudos Técnicos Preliminares - ETP,27-08-2025 00:00
0007405-16.2025.6.27.8000,13969136629,Aquisição de mobiliário - Programa de Gestão 2025-2027,21-08-2025 00:00,Material e patrimônio - Administração de patrimônio,TO - Tocantins,13969136629,17-10-2025 17:55,13969139851,COORDENADORIA DE SERVIÇOS GERAIS,Gerenciamento de Riscos de Contratações,27-08-2025 10:42
0007405-16.2025.6.27.8000,13969136629,Aquisição de mobiliário - Programa de Gestão 2025-2027,21-08-2025 00:00,Material e patrimônio - Administração de patrimônio,TO - Tocantins,13969136629,17-10-2025 17:55,13969140051,SEÇÃO DE EDITORAÇÃO E PUBLICAÇÕES,Certidão,27-08-2025 13:15
0007405-16.2025.6.27.8000,13969136629,Aquisição de mobiliário - Programa de Gestão 2025-2027,21-08-2025 00:00,Material e patrimônio - Administração de patrimônio,TO - Tocantins,13969136629,17-10-2025 17:55,13969163896,SECRETARIA DE ADMINISTRAÇÃO E ORÇAMENTO,E-mail,30-09-2025 00:00
0007405-16.2025.6.27.8000,13969136629,Aquisição de mobiliário - Programa de Gestão 2025-2027,21-08-2025 00:00,Material e patrimônio - Administração de patrimônio,TO - Tocantins,13969136629,17-10-2025 17:55,13969163890,SECRETARIA DE ADMINISTRAÇÃO E ORÇAMENTO,E-mail,30-09-2025 00:00
0007405-16.2025.6.27.8000,13969136629,Aquisição de mobiliário - Programa de Gestão 2025-2027,21-08-2025 00:00,Material e patrimônio - Administração de patrimônio,TO - Tocantins,13969136629,17-10-2025 17:55,13969163884,SECRETARIA DE ADMINISTRAÇÃO E ORÇAMENTO,E-mail,30-09-2025 00:00
0007405-16.2025.6.27.8000,13969136629,Aquisição de mobiliário - Programa de Gestão 2025-2027,21-08-2025 00:00,Material e patrimônio - Administração de patrimônio,TO - Tocantins,13969136629,17-10-2025 17:55,13969163880,SECRETARIA DE ADMINISTRAÇÃO E ORÇAMENTO,E-mail,30-09-2025 00:00
0007405-16.2025.6.27.8000,13969136629,Aquisição de mobiliário - Programa de Gestão 2025-2027,21-08-2025 00:00,Material e patrimônio - Administração de patrimônio,TO - Tocantins,13969136629,17-10-2025 17:55,13969163577,SECRETARIA DE ADMINISTRAÇÃO E ORÇAMENTO,Ofício,30-09-2025 12:09
0007405-16.2025.6.27.8000,13969136629,Aquisição de mobiliário - Programa de Gestão 2025-2027,21-08-2025 00:00,Material e patrimônio - Administração de patrimônio,TO - Tocantins,13969136629,17-10-2025 17:55,13969163601,SECRETARIA DE ADMINISTRAÇÃO E ORÇAMENTO,Ofício,30-09-2025 14:18
0007405-16.2025.6.27.8000,13969136629,Aquisição de mobiliário - Programa de Gestão 2025-2027,21-08-2025 00:00,Material e patrimônio - Administração de patrimônio,TO - Tocantins,13969136629,17-10-2025 17:55,13969163205,SECRETARIA DE ADMINISTRAÇÃO E ORÇAMENTO,Ofício,30-09-2025 14:28
0007405-16.2025.6.27.8000,13969136629,Aquisição de mobiliário - Programa de Gestão 2025-2027,21-08-2025 00:00,Material e patrimônio - Administração de patrimônio,TO - Tocantins,13969136629,17-10-2025 17:55,13969163778,SECRETARIA DE ADMINISTRAÇÃO E ORÇAMENTO,Ofício,30-09-2025 14:53
0007832-13.2025.6.27.8000,13969143980,Reforma Cartório de Gurupi -TO -2025 - Contrato 29,02-09-2025 00:00,Serviços - Obras,TO - Tocantins,13969143980,01-12-2025 16:59,13969144092,"SEÇÃO DE ENGENHARIA, ARQUITETURA, PROJETOS E OBRAS",Documento de Oficialização da Demanda - DOD,02-09-2025 11:28
0007832-13.2025.6.27.8000,13969143980,Reforma Cartório de Gurupi -TO -2025 - Contrato 29,02-09-2025 00:00,Serviços - Obras,TO - Tocantins,13969143980,01-12-2025 16:59,13969143982,"SEÇÃO DE ENGENHARIA, ARQUITETURA, PROJETOS E OBRAS",Memorando,02-09-2025 12:05
0007832-13.2025.6.27.8000,13969143980,Reforma Cartório de Gurupi -TO -2025 - Contrato 29,02-09-2025 00:00,Serviços - Obras,TO - Tocantins,13969143980,01-12-2025 16:59,13969207646,SEÇÃO DE CONTRATOS,Contrato,02-12-2025 12:37
0007832-13.2025.6.27.8000,13969143980,Reforma Cartório de Gurupi -TO -2025 - Contrato 29,02-09-2025 00:00,Serviços - Obras,TO - Tocantins,13969143980,01-12-2025 16:59,13969146720,"SEÇÃO DE ENGENHARIA, ARQUITETURA, PROJETOS E OBRAS",Termo de Referência - TR,04-09-2025 00:00
0007832-13.2025.6.27.8000,13969143980,Reforma Cartório de Gurupi -TO -2025 - Contrato 29,02-09-2025 00:00,Serviços - Obras,TO - Tocantins,13969143980,01-12-2025 16:59,13969146228,"SEÇÃO DE ENGENHARIA, ARQUITETURA, PROJETOS E OBRAS",Estudos Técnicos Preliminares - ETP,04-09-2025 00:00
0007832-13.2025.6.27.8000,13969143980,Reforma Cartório de Gurupi -TO -2025 - Contrato 29,02-09-2025 00:00,Serviços - Obras,TO - Tocantins,13969143980,01-12-2025 16:59,13969146718,"SEÇÃO DE ENGENHARIA, ARQUITETURA, PROJETOS E OBRAS",Gerenciamento de Riscos de Contratações,04-09-2025 15:48
0007832-13.2025.6.27.8000,13969143980,Reforma Cartório de Gurupi -TO -2025 - Contrato 29,02-09-2025 00:00,Serviços - Obras,TO - Tocantins,13969143980,01-12-2025 16:59,13969303446,SEÇÃO DE CONTRATOS,Informação,05-05-2026 16:25
0007832-13.2025.6.27.8000,13969143980,Reforma Cartório de Gurupi -TO -2025 - Contrato 29,02-09-2025 00:00,Serviços - Obras,TO - Tocantins,13969143980,01-12-2025 16:59,13969212283,SECRETARIA DE ADMINISTRAÇÃO E ORÇAMENTO,Portaria,10-12-2025 11:55
0007832-13.2025.6.27.8000,13969143980,Reforma Cartório de Gurupi -TO -2025 - Contrato 29,02-09-2025 00:00,Serviços - Obras,TO - Tocantins,13969143980,01-12-2025 16:59,13969215246,SEÇÃO DE CONTRATOS,Informação,11-12-2025 11:10
0007832-13.2025.6.27.8000,13969143980,Reforma Cartório de Gurupi -TO -2025 - Contrato 29,02-09-2025 00:00,Serviços - Obras,TO - Tocantins,13969143980,01-12-2025 16:59,13969215384,SEÇÃO DE EDITORAÇÃO E PUBLICAÇÕES,Certidão,11-12-2025 13:13
0007832-13.2025.6.27.8000,13969143980,Reforma Cartório de Gurupi -TO -2025 - Contrato 29,02-09-2025 00:00,Serviços - Obras,TO - Tocantins,13969143980,01-12-2025 16:59,13969176915,SEÇÃO DE ANÁLISE E CONTABILIDADE,Informação,20-10-2025 15:09
0007832-13.2025.6.27.8000,13969143980,Reforma Cartório de Gurupi -TO -2025 - Contrato 29,02-09-2025 00:00,Serviços - Obras,TO - Tocantins,13969143980,01-12-2025 16:59,13969178384,SEÇÃO DE PLANEJAMENTO E GESTÃO ORÇAMENTÁRIA,Informação,21-10-2025 17:08
0007832-13.2025.6.27.8000,13969143980,Reforma Cartório de Gurupi -TO -2025 - Contrato 29,02-09-2025 00:00,Serviços - Obras,TO - Tocantins,13969143980,01-12-2025 16:59,13969224365,"SEÇÃO DE ENGENHARIA, ARQUITETURA, PROJETOS E OBRAS",E-mail,26-12-2025 00:00
0007832-13.2025.6.27.8000,13969143980,Reforma Cartório de Gurupi -TO -2025 - Contrato 29,02-09-2025 00:00,Serviços - Obras,TO - Tocantins,13969143980,01-12-2025 16:59,13969224375,"SEÇÃO DE ENGENHARIA, ARQUITETURA, PROJETOS E OBRAS",E-mail,26-12-2025 00:00
0007832-13.2025.6.27.8000,13969143980,Reforma Cartório de Gurupi -TO -2025 - Contrato 29,02-09-2025 00:00,Serviços - Obras,TO - Tocantins,13969143980,01-12-2025 16:59,13969224355,"SEÇÃO DE ENGENHARIA, ARQUITETURA, PROJETOS E OBRAS",Ordem de Serviço,26-12-2025 14:45
0007832-13.2025.6.27.8000,13969143980,Reforma Cartório de Gurupi -TO -2025 - Contrato 29,02-09-2025 00:00,Serviços - Obras,TO - Tocantins,13969143980,01-12-2025 16:59,13969224374,"SEÇÃO DE ENGENHARIA, ARQUITETURA, PROJETOS E OBRAS",Ordem de Serviço,26-12-2025 14:57
0007832-13.2025.6.27.8000,13969143980,Reforma Cartório de Gurupi -TO -2025 - Contrato 29,02-09-2025 00:00,Serviços - Obras,TO - Tocantins,13969143980,01-12-2025 16:59,13969182403,ASSESSORIA JURÍDICA,Parecer,27-10-2025 21:04
0007832-13.2025.6.27.8000,13969143980,Reforma Cartório de Gurupi -TO -2025 - Contrato 29,02-09-2025 00:00,Serviços - Obras,TO - Tocantins,13969143980,01-12-2025 16:59,13969182404,ASSESSORIA JURÍDICA,Decisão,27-10-2025 21:06
0007832-13.2025.6.27.8000,13969143980,Reforma Cartório de Gurupi -TO -2025 - Contrato 29,02-09-2025 00:00,Serviços - Obras,TO - Tocantins,13969143980,01-12-2025 16:59,13969205913,ASSESSORIA JURÍDICA,Parecer,28-11-2025 16:55
0007832-13.2025.6.27.8000,13969143980,Reforma Cartório de Gurupi -TO -2025 - Contrato 29,02-09-2025 00:00,Serviços - Obras,TO - Tocantins,13969143980,01-12-2025 16:59,13969206003,ASSESSORIA JURÍDICA,Decisão,28-11-2025 16:59
0007832-13.2025.6.27.8000,13969143980,Reforma Cartório de Gurupi -TO -2025 - Contrato 29,02-09-2025 00:00,Serviços - Obras,TO - Tocantins,13969143980,01-12-2025 16:59,13969183662,"SEÇÃO DE ENGENHARIA, ARQUITETURA, PROJETOS E OBRAS",Termo de Referência - TR,29-10-2025 00:00
0007832-13.2025.6.27.8000,13969143980,Reforma Cartório de Gurupi -TO -2025 - Contrato 29,02-09-2025 00:00,Serviços - Obras,TO - Tocantins,13969143980,01-12-2025 16:59,13969183886,ASSESSORIA JURÍDICA,Parecer,29-10-2025 18:16
0007832-13.2025.6.27.8000,13969143980,Reforma Cartório de Gurupi -TO -2025 - Contrato 29,02-09-2025 00:00,Serviços - Obras,TO - Tocantins,13969143980,01-12-2025 16:59,13969183887,ASSESSORIA JURÍDICA,Decisão,29-10-2025 18:19
0007946-49.2025.6.27.8000,13969145804,Aquisição de aparelhos celulares,03-09-2025 00:00,Material e patrimônio - Administração de patrimônio,TO - Tocantins,13969145804,03-03-2026 13:50,13969206748,SEÇÃO DE ANÁLISE E COMPRAS,Informação,01-12-2025 16:28
0007946-49.2025.6.27.8000,13969145804,Aquisição de aparelhos celulares,03-09-2025 00:00,Material e patrimônio - Administração de patrimônio,TO - Tocantins,13969145804,03-03-2026 13:50,13969207629,SEÇÃO DE ANÁLISE E CONTABILIDADE,Informação,01-12-2025 17:52
0007946-49.2025.6.27.8000,13969145804,Aquisição de aparelhos celulares,03-09-2025 00:00,Material e patrimônio - Administração de patrimônio,TO - Tocantins,13969145804,03-03-2026 13:50,13969208259,SEÇÃO DE PLANEJAMENTO E GESTÃO ORÇAMENTÁRIA,Informação,02-12-2025 14:42
0007946-49.2025.6.27.8000,13969145804,Aquisição de aparelhos celulares,03-09-2025 00:00,Material e patrimônio - Administração de patrimônio,TO - Tocantins,13969145804,03-03-2026 13:50,13969145805,SEÇÃO DE SERVIÇOS GERAIS,Memorando,03-09-2025 17:56
0007946-49.2025.6.27.8000,13969145804,Aquisição de aparelhos celulares,03-09-2025 00:00,Material e patrimônio - Administração de patrimônio,TO - Tocantins,13969145804,03-03-2026 13:50,13969145811,SEÇÃO DE SERVIÇOS GERAIS,Documento de Oficialização da Demanda - DOD,04-09-2025 17:43
0007946-49.2025.6.27.8000,13969145804,Aquisição de aparelhos celulares,03-09-2025 00:00,Material e patrimônio - Administração de patrimônio,TO - Tocantins,13969145804,03-03-2026 13:50,13969246960,SECAO DE MICROINFORMATICA E APOIO AO USUARIO,Termo de Referência - TR,06-02-2026 00:00
0007946-49.2025.6.27.8000,13969145804,Aquisição de aparelhos celulares,03-09-2025 00:00,Material e patrimônio - Administração de patrimônio,TO - Tocantins,13969145804,03-03-2026 13:50,13969246783,SECAO DE MICROINFORMATICA E APOIO AO USUARIO,Estudos Técnicos Preliminares - ETP,06-02-2026 00:00
0007946-49.2025.6.27.8000,13969145804,Aquisição de aparelhos celulares,03-09-2025 00:00,Material e patrimônio - Administração de patrimônio,TO - Tocantins,13969145804,03-03-2026 13:50,13969305551,SEÇÃO DE LICITAÇÕES,E-mail,06-05-2026 00:00
0007946-49.2025.6.27.8000,13969145804,Aquisição de aparelhos celulares,03-09-2025 00:00,Material e patrimônio - Administração de patrimônio,TO - Tocantins,13969145804,03-03-2026 13:50,13969170299,SEÇÃO DE SERVIÇOS GERAIS,Gerenciamento de Riscos de Contratações,08-10-2025 16:39
0007946-49.2025.6.27.8000,13969145804,Aquisição de aparelhos celulares,03-09-2025 00:00,Material e patrimônio - Administração de patrimônio,TO - Tocantins,13969145804,03-03-2026 13:50,13969148148,SECRETARIA DE ADMINISTRAÇÃO E ORÇAMENTO,Minuta,09-09-2025 09:02
0007946-49.2025.6.27.8000,13969145804,Aquisição de aparelhos celulares,03-09-2025 00:00,Material e patrimônio - Administração de patrimônio,TO - Tocantins,13969145804,03-03-2026 13:50,13969148586,DIRETORIA GERAL,Portaria,09-09-2025 13:56
0007946-49.2025.6.27.8000,13969145804,Aquisição de aparelhos celulares,03-09-2025 00:00,Material e patrimônio - Administração de patrimônio,TO - Tocantins,13969145804,03-03-2026 13:50,13969267063,ASSESSORIA JURÍDICA,Decisão,10-03-2026 11:43
0007946-49.2025.6.27.8000,13969145804,Aquisição de aparelhos celulares,03-09-2025 00:00,Material e patrimônio - Administração de patrimônio,TO - Tocantins,13969145804,03-03-2026 13:50,13969267062,ASSESSORIA JURÍDICA,Parecer,10-03-2026 11:47
0007946-49.2025.6.27.8000,13969145804,Aquisição de aparelhos celulares,03-09-2025 00:00,Material e patrimônio - Administração de patrimônio,TO - Tocantins,13969145804,03-03-2026 13:50,13969149624,SEÇÃO DE EDITORAÇÃO E PUBLICAÇÕES,Certidão,10-09-2025 13:18
0007946-49.2025.6.27.8000,13969145804,Aquisição de aparelhos celulares,03-09-2025 00:00,Material e patrimônio - Administração de patrimônio,TO - Tocantins,13969145804,03-03-2026 13:50,13969151310,SECAO DE MICROINFORMATICA E APOIO AO USUARIO,Estudos Técnicos Preliminares - ETP,11-09-2025 00:00
0007946-49.2025.6.27.8000,13969145804,Aquisição de aparelhos celulares,03-09-2025 00:00,Material e patrimônio - Administração de patrimônio,TO - Tocantins,13969145804,03-03-2026 13:50,13969252502,SECAO DE MICROINFORMATICA E APOIO AO USUARIO,Termo de Referência - TR,13-02-2026 00:00
0007946-49.2025.6.27.8000,13969145804,Aquisição de aparelhos celulares,03-09-2025 00:00,Material e patrimônio - Administração de patrimônio,TO - Tocantins,13969145804,03-03-2026 13:50,13969290511,SECAO DE MICROINFORMATICA E APOIO AO USUARIO,Parecer,15-04-2026 13:54
0007946-49.2025.6.27.8000,13969145804,Aquisição de aparelhos celulares,03-09-2025 00:00,Material e patrimônio - Administração de patrimônio,TO - Tocantins,13969145804,03-03-2026 13:50,13969291482,SECAO DE MICROINFORMATICA E APOIO AO USUARIO,Parecer,16-04-2026 14:55
0007946-49.2025.6.27.8000,13969145804,Aquisição de aparelhos celulares,03-09-2025 00:00,Material e patrimônio - Administração de patrimônio,TO - Tocantins,13969145804,03-03-2026 13:50,13969291996,SECAO DE MICROINFORMATICA E APOIO AO USUARIO,Parecer,17-04-2026 09:03
0007946-49.2025.6.27.8000,13969145804,Aquisição de aparelhos celulares,03-09-2025 00:00,Material e patrimônio - Administração de patrimônio,TO - Tocantins,13969145804,03-03-2026 13:50,13969292624,SECAO DE MICROINFORMATICA E APOIO AO USUARIO,Parecer,17-04-2026 15:55
0007946-49.2025.6.27.8000,13969145804,Aquisição de aparelhos celulares,03-09-2025 00:00,Material e patrimônio - Administração de patrimônio,TO - Tocantins,13969145804,03-03-2026 13:50,13969233146,ASSESSORIA JURÍDICA,Decisão,21-01-2026 13:49
0007946-49.2025.6.27.8000,13969145804,Aquisição de aparelhos celulares,03-09-2025 00:00,Material e patrimônio - Administração de patrimônio,TO - Tocantins,13969145804,03-03-2026 13:50,13969233144,ASSESSORIA JURÍDICA,Parecer,22-01-2026 14:05
0007946-49.2025.6.27.8000,13969145804,Aquisição de aparelhos celulares,03-09-2025 00:00,Material e patrimônio - Administração de patrimônio,TO - Tocantins,13969145804,03-03-2026 13:50,13969294075,ASSESSORIA JURÍDICA,Parecer,23-04-2026 14:50
0007946-49.2025.6.27.8000,13969145804,Aquisição de aparelhos celulares,03-09-2025 00:00,Material e patrimônio - Administração de patrimônio,TO - Tocantins,13969145804,03-03-2026 13:50,13969294077,ASSESSORIA JURÍDICA,Decisão,23-04-2026 14:53
0007946-49.2025.6.27.8000,13969145804,Aquisição de aparelhos celulares,03-09-2025 00:00,Material e patrimônio - Administração de patrimônio,TO - Tocantins,13969145804,03-03-2026 13:50,13969258110,SEÇÃO DE ANÁLISE E COMPRAS,Informação,26-02-2026 18:18
0007946-49.2025.6.27.8000,13969145804,Aquisição de aparelhos celulares,03-09-2025 00:00,Material e patrimônio - Administração de patrimônio,TO - Tocantins,13969145804,03-03-2026 13:50,13969161646,SECAO DE MICROINFORMATICA E APOIO AO USUARIO,Termo de Referência - TR,26-09-2025 00:00
0007946-49.2025.6.27.8000,13969145804,Aquisição de aparelhos celulares,03-09-2025 00:00,Material e patrimônio - Administração de patrimônio,TO - Tocantins,13969145804,03-03-2026 13:50,13969278784,SECAO DE MICROINFORMATICA E APOIO AO USUARIO,Parecer,27-03-2026 13:52
0007946-49.2025.6.27.8000,13969145804,Aquisição de aparelhos celulares,03-09-2025 00:00,Material e patrimônio - Administração de patrimônio,TO - Tocantins,13969145804,03-03-2026 13:50,13969297072,SEÇÃO DE LICITAÇÕES,Ata de Registro de Preços,27-04-2026 14:31
0007946-49.2025.6.27.8000,13969145804,Aquisição de aparelhos celulares,03-09-2025 00:00,Material e patrimônio - Administração de patrimônio,TO - Tocantins,13969145804,03-03-2026 13:50,13969279596,SECAO DE MICROINFORMATICA E APOIO AO USUARIO,Parecer,29-03-2026 18:23
0007946-49.2025.6.27.8000,13969145804,Aquisição de aparelhos celulares,03-09-2025 00:00,Material e patrimônio - Administração de patrimônio,TO - Tocantins,13969145804,03-03-2026 13:50,13969224738,SECAO DE MICROINFORMATICA E APOIO AO USUARIO,Termo de Referência - TR,29-12-2025 00:00
0007946-49.2025.6.27.8000,13969145804,Aquisição de aparelhos celulares,03-09-2025 00:00,Material e patrimônio - Administração de patrimônio,TO - Tocantins,13969145804,03-03-2026 13:50,13969280410,COMISSAO PERMANENTE DE LICITACOES - CPL,Decisão,30-03-2026 16:30
0008046-04.2025.6.27.8000,13969147138,Aquisição de materiais para manutenção de bens móveis e imóveis,05-09-2025 00:00,Material e patrimônio - Fornecedor,TO - Tocantins,13969147138,25-11-2025 15:59,13969147146,COORDENADORIA DE SERVIÇOS GERAIS,Documento de Oficialização da Demanda - DOD,05-09-2025 08:46
0008046-04.2025.6.27.8000,13969147138,Aquisição de materiais para manutenção de bens móveis e imóveis,05-09-2025 00:00,Material e patrimônio - Fornecedor,TO - Tocantins,13969147138,25-11-2025 15:59,13969147146,COORDENADORIA DE SERVIÇOS GERAIS,Documento de Oficialização da Demanda - DOD,05-09-2025 08:46
0008046-04.2025.6.27.8000,13969147138,Aquisição de materiais para manutenção de bens móveis e imóveis,05-09-2025 00:00,Material e patrimônio - Fornecedor,TO - Tocantins,13969147138,25-11-2025 15:59,13969147146,COORDENADORIA DE SERVIÇOS GERAIS,Documento de Oficialização da Demanda - DOD,05-09-2025 08:46
0008046-04.2025.6.27.8000,13969147138,Aquisição de materiais para manutenção de bens móveis e imóveis,05-09-2025 00:00,Material e patrimônio - Fornecedor,TO - Tocantins,13969147138,25-11-2025 15:59,13969147144,COORDENADORIA DE SERVIÇOS GERAIS,Memorando,05-09-2025 08:48
0008046-04.2025.6.27.8000,13969147138,Aquisição de materiais para manutenção de bens móveis e imóveis,05-09-2025 00:00,Material e patrimônio - Fornecedor,TO - Tocantins,13969147138,25-11-2025 15:59,13969147144,COORDENADORIA DE SERVIÇOS GERAIS,Memorando,05-09-2025 08:48
0008046-04.2025.6.27.8000,13969147138,Aquisição de materiais para manutenção de bens móveis e imóveis,05-09-2025 00:00,Material e patrimônio - Fornecedor,TO - Tocantins,13969147138,25-11-2025 15:59,13969147144,COORDENADORIA DE SERVIÇOS GERAIS,Memorando,05-09-2025 08:48
0008046-04.2025.6.27.8000,13969147138,Aquisição de materiais para manutenção de bens móveis e imóveis,05-09-2025 00:00,Material e patrimônio - Fornecedor,TO - Tocantins,13969147138,25-11-2025 15:59,13969167199,ASSESSORIA JURÍDICA,Parecer,06-10-2025 15:44
0008046-04.2025.6.27.8000,13969147138,Aquisição de materiais para manutenção de bens móveis e imóveis,05-09-2025 00:00,Material e patrimônio - Fornecedor,TO - Tocantins,13969147138,25-11-2025 15:59,13969167199,ASSESSORIA JURÍDICA,Parecer,06-10-2025 15:44
0008046-04.2025.6.27.8000,13969147138,Aquisição de materiais para manutenção de bens móveis e imóveis,05-09-2025 00:00,Material e patrimônio - Fornecedor,TO - Tocantins,13969147138,25-11-2025 15:59,13969167199,ASSESSORIA JURÍDICA,Parecer,06-10-2025 15:44
0008046-04.2025.6.27.8000,13969147138,Aquisição de materiais para manutenção de bens móveis e imóveis,05-09-2025 00:00,Material e patrimônio - Fornecedor,TO - Tocantins,13969147138,25-11-2025 15:59,13969167200,ASSESSORIA JURÍDICA,Decisão,06-10-2025 15:44
0008046-04.2025.6.27.8000,13969147138,Aquisição de materiais para manutenção de bens móveis e imóveis,05-09-2025 00:00,Material e patrimônio - Fornecedor,TO - Tocantins,13969147138,25-11-2025 15:59,13969167200,ASSESSORIA JURÍDICA,Decisão,06-10-2025 15:44
0008046-04.2025.6.27.8000,13969147138,Aquisição de materiais para manutenção de bens móveis e imóveis,05-09-2025 00:00,Material e patrimônio - Fornecedor,TO - Tocantins,13969147138,25-11-2025 15:59,13969167200,ASSESSORIA JURÍDICA,Decisão,06-10-2025 15:44
0008046-04.2025.6.27.8000,13969147138,Aquisição de materiais para manutenção de bens móveis e imóveis,05-09-2025 00:00,Material e patrimônio - Fornecedor,TO - Tocantins,13969147138,25-11-2025 15:59,13969190902,ASSESSORIA JURÍDICA,Parecer,08-11-2025 10:53
0008046-04.2025.6.27.8000,13969147138,Aquisição de materiais para manutenção de bens móveis e imóveis,05-09-2025 00:00,Material e patrimônio - Fornecedor,TO - Tocantins,13969147138,25-11-2025 15:59,13969190902,ASSESSORIA JURÍDICA,Parecer,08-11-2025 10:53
0008046-04.2025.6.27.8000,13969147138,Aquisição de materiais para manutenção de bens móveis e imóveis,05-09-2025 00:00,Material e patrimônio - Fornecedor,TO - Tocantins,13969147138,25-11-2025 15:59,13969190902,ASSESSORIA JURÍDICA,Parecer,08-11-2025 10:53
0008046-04.2025.6.27.8000,13969147138,Aquisição de materiais para manutenção de bens móveis e imóveis,05-09-2025 00:00,Material e patrimônio - Fornecedor,TO - Tocantins,13969147138,25-11-2025 15:59,13969191596,ASSESSORIA JURÍDICA,Decisão,10-11-2025 11:10
0008046-04.2025.6.27.8000,13969147138,Aquisição de materiais para manutenção de bens móveis e imóveis,05-09-2025 00:00,Material e patrimônio - Fornecedor,TO - Tocantins,13969147138,25-11-2025 15:59,13969191596,ASSESSORIA JURÍDICA,Decisão,10-11-2025 11:10
0008046-04.2025.6.27.8000,13969147138,Aquisição de materiais para manutenção de bens móveis e imóveis,05-09-2025 00:00,Material e patrimônio - Fornecedor,TO - Tocantins,13969147138,25-11-2025 15:59,13969191596,ASSESSORIA JURÍDICA,Decisão,10-11-2025 11:10
0008046-04.2025.6.27.8000,13969147138,Aquisição de materiais para manutenção de bens móveis e imóveis,05-09-2025 00:00,Material e patrimônio - Fornecedor,TO - Tocantins,13969147138,25-11-2025 15:59,13969150797,SEÇÃO DE SERVIÇOS GERAIS,Termo de Referência - TR,11-09-2025 00:00
0008046-04.2025.6.27.8000,13969147138,Aquisição de materiais para manutenção de bens móveis e imóveis,05-09-2025 00:00,Material e patrimônio - Fornecedor,TO - Tocantins,13969147138,25-11-2025 15:59,13969150797,SEÇÃO DE SERVIÇOS GERAIS,Termo de Referência - TR,11-09-2025 00:00
0008046-04.2025.6.27.8000,13969147138,Aquisição de materiais para manutenção de bens móveis e imóveis,05-09-2025 00:00,Material e patrimônio - Fornecedor,TO - Tocantins,13969147138,25-11-2025 15:59,13969150797,SEÇÃO DE SERVIÇOS GERAIS,Termo de Referência - TR,11-09-2025 00:00
0008046-04.2025.6.27.8000,13969147138,Aquisição de materiais para manutenção de bens móveis e imóveis,05-09-2025 00:00,Material e patrimônio - Fornecedor,TO - Tocantins,13969147138,25-11-2025 15:59,13969150795,SEÇÃO DE SERVIÇOS GERAIS,Estudos Técnicos Preliminares - ETP,11-09-2025 00:00
0008046-04.2025.6.27.8000,13969147138,Aquisição de materiais para manutenção de bens móveis e imóveis,05-09-2025 00:00,Material e patrimônio - Fornecedor,TO - Tocantins,13969147138,25-11-2025 15:59,13969150795,SEÇÃO DE SERVIÇOS GERAIS,Estudos Técnicos Preliminares - ETP,11-09-2025 00:00
0008046-04.2025.6.27.8000,13969147138,Aquisição de materiais para manutenção de bens móveis e imóveis,05-09-2025 00:00,Material e patrimônio - Fornecedor,TO - Tocantins,13969147138,25-11-2025 15:59,13969150795,SEÇÃO DE SERVIÇOS GERAIS,Estudos Técnicos Preliminares - ETP,11-09-2025 00:00
0008046-04.2025.6.27.8000,13969147138,Aquisição de materiais para manutenção de bens móveis e imóveis,05-09-2025 00:00,Material e patrimônio - Fornecedor,TO - Tocantins,13969147138,25-11-2025 15:59,13969151118,SEÇÃO DE SERVIÇOS GERAIS,Anexo,12-09-2025 11:04
0008046-04.2025.6.27.8000,13969147138,Aquisição de materiais para manutenção de bens móveis e imóveis,05-09-2025 00:00,Material e patrimônio - Fornecedor,TO - Tocantins,13969147138,25-11-2025 15:59,13969151118,SEÇÃO DE SERVIÇOS GERAIS,Anexo,12-09-2025 11:04
0008046-04.2025.6.27.8000,13969147138,Aquisição de materiais para manutenção de bens móveis e imóveis,05-09-2025 00:00,Material e patrimônio - Fornecedor,TO - Tocantins,13969147138,25-11-2025 15:59,13969151118,SEÇÃO DE SERVIÇOS GERAIS,Anexo,12-09-2025 11:04
0008046-04.2025.6.27.8000,13969147138,Aquisição de materiais para manutenção de bens móveis e imóveis,05-09-2025 00:00,Material e patrimônio - Fornecedor,TO - Tocantins,13969147138,25-11-2025 15:59,13969150796,SEÇÃO DE SERVIÇOS GERAIS,Gerenciamento de Riscos de Contratações,12-09-2025 13:33
0008046-04.2025.6.27.8000,13969147138,Aquisição de materiais para manutenção de bens móveis e imóveis,05-09-2025 00:00,Material e patrimônio - Fornecedor,TO - Tocantins,13969147138,25-11-2025 15:59,13969150796,SEÇÃO DE SERVIÇOS GERAIS,Gerenciamento de Riscos de Contratações,12-09-2025 13:33
0008046-04.2025.6.27.8000,13969147138,Aquisição de materiais para manutenção de bens móveis e imóveis,05-09-2025 00:00,Material e patrimônio - Fornecedor,TO - Tocantins,13969147138,25-11-2025 15:59,13969150796,SEÇÃO DE SERVIÇOS GERAIS,Gerenciamento de Riscos de Contratações,12-09-2025 13:33
0008046-04.2025.6.27.8000,13969147138,Aquisição de materiais para manutenção de bens móveis e imóveis,05-09-2025 00:00,Material e patrimônio - Fornecedor,TO - Tocantins,13969147138,25-11-2025 15:59,13969194287,SEÇÃO DE CONTRATOS,Contrato,12-11-2025 11:29
0008046-04.2025.6.27.8000,13969147138,Aquisição de materiais para manutenção de bens móveis e imóveis,05-09-2025 00:00,Material e patrimônio - Fornecedor,TO - Tocantins,13969147138,25-11-2025 15:59,13969194287,SEÇÃO DE CONTRATOS,Contrato,12-11-2025 11:29
0008046-04.2025.6.27.8000,13969147138,Aquisição de materiais para manutenção de bens móveis e imóveis,05-09-2025 00:00,Material e patrimônio - Fornecedor,TO - Tocantins,13969147138,25-11-2025 15:59,13969194287,SEÇÃO DE CONTRATOS,Contrato,12-11-2025 11:29
0008046-04.2025.6.27.8000,13969147138,Aquisição de materiais para manutenção de bens móveis e imóveis,05-09-2025 00:00,Material e patrimônio - Fornecedor,TO - Tocantins,13969147138,25-11-2025 15:59,13969150799,SEÇÃO DE SERVIÇOS GERAIS,Anexo,19-09-2025 14:05
0008046-04.2025.6.27.8000,13969147138,Aquisição de materiais para manutenção de bens móveis e imóveis,05-09-2025 00:00,Material e patrimônio - Fornecedor,TO - Tocantins,13969147138,25-11-2025 15:59,13969150799,SEÇÃO DE SERVIÇOS GERAIS,Anexo,19-09-2025 14:05
0008046-04.2025.6.27.8000,13969147138,Aquisição de materiais para manutenção de bens móveis e imóveis,05-09-2025 00:00,Material e patrimônio - Fornecedor,TO - Tocantins,13969147138,25-11-2025 15:59,13969150799,SEÇÃO DE SERVIÇOS GERAIS,Anexo,19-09-2025 14:05
0008046-04.2025.6.27.8000,13969147138,Aquisição de materiais para manutenção de bens móveis e imóveis,05-09-2025 00:00,Material e patrimônio - Fornecedor,TO - Tocantins,13969147138,25-11-2025 15:59,13969200401,SEÇÃO DE CONTRATOS,E-mail,19-11-2025 00:00
0008046-04.2025.6.27.8000,13969147138,Aquisição de materiais para manutenção de bens móveis e imóveis,05-09-2025 00:00,Material e patrimônio - Fornecedor,TO - Tocantins,13969147138,25-11-2025 15:59,13969200409,SEÇÃO DE CONTRATOS,E-mail,19-11-2025 00:00
0008046-04.2025.6.27.8000,13969147138,Aquisição de materiais para manutenção de bens móveis e imóveis,05-09-2025 00:00,Material e patrimônio - Fornecedor,TO - Tocantins,13969147138,25-11-2025 15:59,13969200394,SEÇÃO DE CONTRATOS,E-mail,19-11-2025 00:00
0008046-04.2025.6.27.8000,13969147138,Aquisição de materiais para manutenção de bens móveis e imóveis,05-09-2025 00:00,Material e patrimônio - Fornecedor,TO - Tocantins,13969147138,25-11-2025 15:59,13969200401,SEÇÃO DE CONTRATOS,E-mail,19-11-2025 00:00
0008046-04.2025.6.27.8000,13969147138,Aquisição de materiais para manutenção de bens móveis e imóveis,05-09-2025 00:00,Material e patrimônio - Fornecedor,TO - Tocantins,13969147138,25-11-2025 15:59,13969200409,SEÇÃO DE CONTRATOS,E-mail,19-11-2025 00:00
0008046-04.2025.6.27.8000,13969147138,Aquisição de materiais para manutenção de bens móveis e imóveis,05-09-2025 00:00,Material e patrimônio - Fornecedor,TO - Tocantins,13969147138,25-11-2025 15:59,13969200394,SEÇÃO DE CONTRATOS,E-mail,19-11-2025 00:00
0008046-04.2025.6.27.8000,13969147138,Aquisição de materiais para manutenção de bens móveis e imóveis,05-09-2025 00:00,Material e patrimônio - Fornecedor,TO - Tocantins,13969147138,25-11-2025 15:59,13969200401,SEÇÃO DE CONTRATOS,E-mail,19-11-2025 00:00
0008046-04.2025.6.27.8000,13969147138,Aquisição de materiais para manutenção de bens móveis e imóveis,05-09-2025 00:00,Material e patrimônio - Fornecedor,TO - Tocantins,13969147138,25-11-2025 15:59,13969200409,SEÇÃO DE CONTRATOS,E-mail,19-11-2025 00:00
0008046-04.2025.6.27.8000,13969147138,Aquisição de materiais para manutenção de bens móveis e imóveis,05-09-2025 00:00,Material e patrimônio - Fornecedor,TO - Tocantins,13969147138,25-11-2025 15:59,13969200394,SEÇÃO DE CONTRATOS,E-mail,19-11-2025 00:00
0008046-04.2025.6.27.8000,13969147138,Aquisição de materiais para manutenção de bens móveis e imóveis,05-09-2025 00:00,Material e patrimônio - Fornecedor,TO - Tocantins,13969147138,25-11-2025 15:59,13969194274,SEÇÃO DE CONTRATOS,Contrato,19-11-2025 14:45
0008046-04.2025.6.27.8000,13969147138,Aquisição de materiais para manutenção de bens móveis e imóveis,05-09-2025 00:00,Material e patrimônio - Fornecedor,TO - Tocantins,13969147138,25-11-2025 15:59,13969194274,SEÇÃO DE CONTRATOS,Contrato,19-11-2025 14:45
0008046-04.2025.6.27.8000,13969147138,Aquisição de materiais para manutenção de bens móveis e imóveis,05-09-2025 00:00,Material e patrimônio - Fornecedor,TO - Tocantins,13969147138,25-11-2025 15:59,13969194274,SEÇÃO DE CONTRATOS,Contrato,19-11-2025 14:45
0008046-04.2025.6.27.8000,13969147138,Aquisição de materiais para manutenção de bens móveis e imóveis,05-09-2025 00:00,Material e patrimônio - Fornecedor,TO - Tocantins,13969147138,25-11-2025 15:59,13969194283,SEÇÃO DE CONTRATOS,Contrato,19-11-2025 14:58
0008046-04.2025.6.27.8000,13969147138,Aquisição de materiais para manutenção de bens móveis e imóveis,05-09-2025 00:00,Material e patrimônio - Fornecedor,TO - Tocantins,13969147138,25-11-2025 15:59,13969194283,SEÇÃO DE CONTRATOS,Contrato,19-11-2025 14:58
0008046-04.2025.6.27.8000,13969147138,Aquisição de materiais para manutenção de bens móveis e imóveis,05-09-2025 00:00,Material e patrimônio - Fornecedor,TO - Tocantins,13969147138,25-11-2025 15:59,13969194283,SEÇÃO DE CONTRATOS,Contrato,19-11-2025 14:58
0008046-04.2025.6.27.8000,13969147138,Aquisição de materiais para manutenção de bens móveis e imóveis,05-09-2025 00:00,Material e patrimônio - Fornecedor,TO - Tocantins,13969147138,25-11-2025 15:59,13969194285,SEÇÃO DE CONTRATOS,Contrato,19-11-2025 15:02
0008046-04.2025.6.27.8000,13969147138,Aquisição de materiais para manutenção de bens móveis e imóveis,05-09-2025 00:00,Material e patrimônio - Fornecedor,TO - Tocantins,13969147138,25-11-2025 15:59,13969194285,SEÇÃO DE CONTRATOS,Contrato,19-11-2025 15:02
0008046-04.2025.6.27.8000,13969147138,Aquisição de materiais para manutenção de bens móveis e imóveis,05-09-2025 00:00,Material e patrimônio - Fornecedor,TO - Tocantins,13969147138,25-11-2025 15:59,13969194285,SEÇÃO DE CONTRATOS,Contrato,19-11-2025 15:02
0008046-04.2025.6.27.8000,13969147138,Aquisição de materiais para manutenção de bens móveis e imóveis,05-09-2025 00:00,Material e patrimônio - Fornecedor,TO - Tocantins,13969147138,25-11-2025 15:59,13969159309,SEÇÃO DE ANÁLISE E CONTABILIDADE,Informação,23-09-2025 14:00
0008046-04.2025.6.27.8000,13969147138,Aquisição de materiais para manutenção de bens móveis e imóveis,05-09-2025 00:00,Material e patrimônio - Fornecedor,TO - Tocantins,13969147138,25-11-2025 15:59,13969159309,SEÇÃO DE ANÁLISE E CONTABILIDADE,Informação,23-09-2025 14:00
0008046-04.2025.6.27.8000,13969147138,Aquisição de materiais para manutenção de bens móveis e imóveis,05-09-2025 00:00,Material e patrimônio - Fornecedor,TO - Tocantins,13969147138,25-11-2025 15:59,13969159309,SEÇÃO DE ANÁLISE E CONTABILIDADE,Informação,23-09-2025 14:00
0008046-04.2025.6.27.8000,13969147138,Aquisição de materiais para manutenção de bens móveis e imóveis,05-09-2025 00:00,Material e patrimônio - Fornecedor,TO - Tocantins,13969147138,25-11-2025 15:59,13969159724,SEÇÃO DE PLANEJAMENTO E GESTÃO ORÇAMENTÁRIA,Informação,24-09-2025 11:16
0008046-04.2025.6.27.8000,13969147138,Aquisição de materiais para manutenção de bens móveis e imóveis,05-09-2025 00:00,Material e patrimônio - Fornecedor,TO - Tocantins,13969147138,25-11-2025 15:59,13969159724,SEÇÃO DE PLANEJAMENTO E GESTÃO ORÇAMENTÁRIA,Informação,24-09-2025 11:16
0008046-04.2025.6.27.8000,13969147138,Aquisição de materiais para manutenção de bens móveis e imóveis,05-09-2025 00:00,Material e patrimônio - Fornecedor,TO - Tocantins,13969147138,25-11-2025 15:59,13969159724,SEÇÃO DE PLANEJAMENTO E GESTÃO ORÇAMENTÁRIA,Informação,24-09-2025 11:16
0008046-04.2025.6.27.8000,13969147138,Aquisição de materiais para manutenção de bens móveis e imóveis,05-09-2025 00:00,Material e patrimônio - Fornecedor,TO - Tocantins,13969147138,25-11-2025 15:59,13969202887,SECRETARIA DE ADMINISTRAÇÃO E ORÇAMENTO,Portaria,25-11-2025 18:11
0008046-04.2025.6.27.8000,13969147138,Aquisição de materiais para manutenção de bens móveis e imóveis,05-09-2025 00:00,Material e patrimônio - Fornecedor,TO - Tocantins,13969147138,25-11-2025 15:59,13969202887,SECRETARIA DE ADMINISTRAÇÃO E ORÇAMENTO,Portaria,25-11-2025 18:11
0008046-04.2025.6.27.8000,13969147138,Aquisição de materiais para manutenção de bens móveis e imóveis,05-09-2025 00:00,Material e patrimônio - Fornecedor,TO - Tocantins,13969147138,25-11-2025 15:59,13969202887,SECRETARIA DE ADMINISTRAÇÃO E ORÇAMENTO,Portaria,25-11-2025 18:11
0008046-04.2025.6.27.8000,13969147138,Aquisição de materiais para manutenção de bens móveis e imóveis,05-09-2025 00:00,Material e patrimônio - Fornecedor,TO - Tocantins,13969147138,25-11-2025 15:59,13969203563,SEÇÃO DE EDITORAÇÃO E PUBLICAÇÕES,Certidão,26-11-2025 13:50
0008046-04.2025.6.27.8000,13969147138,Aquisição de materiais para manutenção de bens móveis e imóveis,05-09-2025 00:00,Material e patrimônio - Fornecedor,TO - Tocantins,13969147138,25-11-2025 15:59,13969203563,SEÇÃO DE EDITORAÇÃO E PUBLICAÇÕES,Certidão,26-11-2025 13:50
0008046-04.2025.6.27.8000,13969147138,Aquisição de materiais para manutenção de bens móveis e imóveis,05-09-2025 00:00,Material e patrimônio - Fornecedor,TO - Tocantins,13969147138,25-11-2025 15:59,13969203563,SEÇÃO DE EDITORAÇÃO E PUBLICAÇÕES,Certidão,26-11-2025 13:50
0008046-04.2025.6.27.8000,13969147138,Aquisição de materiais para manutenção de bens móveis e imóveis,05-09-2025 00:00,Material e patrimônio - Fornecedor,TO - Tocantins,13969147138,25-11-2025 15:59,13969164186,COORDENADORIA DE SERVIÇOS GERAIS,Termo de Referência - TR,30-09-2025 00:00
0008046-04.2025.6.27.8000,13969147138,Aquisição de materiais para manutenção de bens móveis e imóveis,05-09-2025 00:00,Material e patrimônio - Fornecedor,TO - Tocantins,13969147138,25-11-2025 15:59,13969164186,COORDENADORIA DE SERVIÇOS GERAIS,Termo de Referência - TR,30-09-2025 00:00
0008046-04.2025.6.27.8000,13969147138,Aquisição de materiais para manutenção de bens móveis e imóveis,05-09-2025 00:00,Material e patrimônio - Fornecedor,TO - Tocantins,13969147138,25-11-2025 15:59,13969164186,COORDENADORIA DE SERVIÇOS GERAIS,Termo de Referência - TR,30-09-2025 00:00
0008196-82.2025.6.27.8000,13969149900,Contratação de Serviços de Rastreamento de Veículos,10-09-2025 00:00,Administração geral - Licitação,TO - Tocantins,13969149900,27-02-2026 15:35,13969207311,SEÇÃO DE ANÁLISE E COMPRAS,Informação,02-12-2025 10:27
0008196-82.2025.6.27.8000,13969149900,Contratação de Serviços de Rastreamento de Veículos,10-09-2025 00:00,Administração geral - Licitação,TO - Tocantins,13969149900,27-02-2026 15:35,13969208344,SEÇÃO DE ANÁLISE E CONTABILIDADE,Informação,02-12-2025 15:09
0008196-82.2025.6.27.8000,13969149900,Contratação de Serviços de Rastreamento de Veículos,10-09-2025 00:00,Administração geral - Licitação,TO - Tocantins,13969149900,27-02-2026 15:35,13969208490,SEÇÃO DE PLANEJAMENTO E GESTÃO ORÇAMENTÁRIA,Informação,02-12-2025 17:06
0008196-82.2025.6.27.8000,13969149900,Contratação de Serviços de Rastreamento de Veículos,10-09-2025 00:00,Administração geral - Licitação,TO - Tocantins,13969149900,27-02-2026 15:35,13969301789,SEÇÃO DE EDITORAÇÃO E PUBLICAÇÕES,Certidão,04-05-2026 09:29
0008196-82.2025.6.27.8000,13969149900,Contratação de Serviços de Rastreamento de Veículos,10-09-2025 00:00,Administração geral - Licitação,TO - Tocantins,13969149900,27-02-2026 15:35,13969225690,ASSESSORIA JURÍDICA,Parecer,05-01-2026 13:29
0008196-82.2025.6.27.8000,13969149900,Contratação de Serviços de Rastreamento de Veículos,10-09-2025 00:00,Administração geral - Licitação,TO - Tocantins,13969149900,27-02-2026 15:35,13969225691,ASSESSORIA JURÍDICA,Decisão,05-01-2026 13:31
0008196-82.2025.6.27.8000,13969149900,Contratação de Serviços de Rastreamento de Veículos,10-09-2025 00:00,Administração geral - Licitação,TO - Tocantins,13969149900,27-02-2026 15:35,13969305787,SEÇÃO DE CONTRATOS,Informação,06-05-2026 17:57
0008196-82.2025.6.27.8000,13969149900,Contratação de Serviços de Rastreamento de Veículos,10-09-2025 00:00,Administração geral - Licitação,TO - Tocantins,13969149900,27-02-2026 15:35,13969283755,SEÇÃO DE CONTRATOS,E-mail,07-04-2026 00:00
0008196-82.2025.6.27.8000,13969149900,Contratação de Serviços de Rastreamento de Veículos,10-09-2025 00:00,Administração geral - Licitação,TO - Tocantins,13969149900,27-02-2026 15:35,13969169170,COORDENADORIA DE SERVIÇOS GERAIS,Termo de Referência - TR,07-10-2025 00:00
0008196-82.2025.6.27.8000,13969149900,Contratação de Serviços de Rastreamento de Veículos,10-09-2025 00:00,Administração geral - Licitação,TO - Tocantins,13969149900,27-02-2026 15:35,13969169168,COORDENADORIA DE SERVIÇOS GERAIS,Estudos Técnicos Preliminares - ETP,07-10-2025 00:00
0008196-82.2025.6.27.8000,13969149900,Contratação de Serviços de Rastreamento de Veículos,10-09-2025 00:00,Administração geral - Licitação,TO - Tocantins,13969149900,27-02-2026 15:35,13969228021,SEÇÃO DE PLANEJAMENTO E GESTÃO ORÇAMENTÁRIA,Informação,09-01-2026 17:38
0008196-82.2025.6.27.8000,13969149900,Contratação de Serviços de Rastreamento de Veículos,10-09-2025 00:00,Administração geral - Licitação,TO - Tocantins,13969149900,27-02-2026 15:35,13969286280,SEÇÃO DE CONTRATOS,E-mail,09-04-2026 00:00
0008196-82.2025.6.27.8000,13969149900,Contratação de Serviços de Rastreamento de Veículos,10-09-2025 00:00,Administração geral - Licitação,TO - Tocantins,13969149900,27-02-2026 15:35,13969169169,COORDENADORIA DE SERVIÇOS GERAIS,Gerenciamento de Riscos de Contratações,09-10-2025 09:26
0008196-82.2025.6.27.8000,13969149900,Contratação de Serviços de Rastreamento de Veículos,10-09-2025 00:00,Administração geral - Licitação,TO - Tocantins,13969149900,27-02-2026 15:35,13969262410,ASSESSORIA JURÍDICA,Parecer,10-03-2026 10:28
0008196-82.2025.6.27.8000,13969149900,Contratação de Serviços de Rastreamento de Veículos,10-09-2025 00:00,Administração geral - Licitação,TO - Tocantins,13969149900,27-02-2026 15:35,13969262411,ASSESSORIA JURÍDICA,Decisão,10-03-2026 10:31
0008196-82.2025.6.27.8000,13969149900,Contratação de Serviços de Rastreamento de Veículos,10-09-2025 00:00,Administração geral - Licitação,TO - Tocantins,13969149900,27-02-2026 15:35,13969149907,SEÇÃO DE SEGURANÇA E TRANSPORTES,Documento de Oficialização da Demanda - DOD,10-09-2025 15:13
0008196-82.2025.6.27.8000,13969149900,Contratação de Serviços de Rastreamento de Veículos,10-09-2025 00:00,Administração geral - Licitação,TO - Tocantins,13969149900,27-02-2026 15:35,13969305235,SEÇÃO DE SEGURANÇA E TRANSPORTES,Ordem de Serviço,12-05-2026 15:46
0008196-82.2025.6.27.8000,13969149900,Contratação de Serviços de Rastreamento de Veículos,10-09-2025 00:00,Administração geral - Licitação,TO - Tocantins,13969149900,27-02-2026 15:35,13969309886,SEÇÃO DE SEGURANÇA E TRANSPORTES,Ordem de Serviço,18-05-2026 16:35
0008196-82.2025.6.27.8000,13969149900,Contratação de Serviços de Rastreamento de Veículos,10-09-2025 00:00,Administração geral - Licitação,TO - Tocantins,13969149900,27-02-2026 15:35,13969149903,SEÇÃO DE SEGURANÇA E TRANSPORTES,Memorando,25-09-2025 13:49
0008196-82.2025.6.27.8000,13969149900,Contratação de Serviços de Rastreamento de Veículos,10-09-2025 00:00,Administração geral - Licitação,TO - Tocantins,13969149900,27-02-2026 15:35,13969259275,COMISSAO PERMANENTE DE LICITACOES - CPL,Decisão,27-02-2026 11:51
0008196-82.2025.6.27.8000,13969149900,Contratação de Serviços de Rastreamento de Veículos,10-09-2025 00:00,Administração geral - Licitação,TO - Tocantins,13969149900,27-02-2026 15:35,13969297678,SEÇÃO DE CONTRATOS,E-mail,27-04-2026 00:00
0008196-82.2025.6.27.8000,13969149900,Contratação de Serviços de Rastreamento de Veículos,10-09-2025 00:00,Administração geral - Licitação,TO - Tocantins,13969149900,27-02-2026 15:35,13969283669,SEÇÃO DE CONTRATOS,Contrato,27-04-2026 17:55
0008196-82.2025.6.27.8000,13969149900,Contratação de Serviços de Rastreamento de Veículos,10-09-2025 00:00,Administração geral - Licitação,TO - Tocantins,13969149900,27-02-2026 15:35,13969299821,SECRETARIA DE ADMINISTRAÇÃO E ORÇAMENTO,Portaria,29-04-2026 17:51
0008196-82.2025.6.27.8000,13969149900,Contratação de Serviços de Rastreamento de Veículos,10-09-2025 00:00,Administração geral - Licitação,TO - Tocantins,13969149900,27-02-2026 15:35,13969224669,ASSESSORIA JURÍDICA,Parecer,29-12-2025 15:10
0008196-82.2025.6.27.8000,13969149900,Contratação de Serviços de Rastreamento de Veículos,10-09-2025 00:00,Administração geral - Licitação,TO - Tocantins,13969149900,27-02-2026 15:35,13969224671,ASSESSORIA JURÍDICA,Decisão,29-12-2025 15:11
0008196-82.2025.6.27.8000,13969149900,Contratação de Serviços de Rastreamento de Veículos,10-09-2025 00:00,Administração geral - Licitação,TO - Tocantins,13969149900,27-02-2026 15:35,13969300486,SEÇÃO DE CONTRATOS,Informação,30-04-2026 14:30
0008830-32.2025.6.27.8080,13969159775,Contratação de Seguro para Colaboradores do TRE-TO - Residência Jurídica e Trabalho Voluntário,23-09-2025 00:00,Serviços - Solicitação de serviço,TO - Tocantins,13969159775,26-12-2025 16:05,13969166270,ESCOLA JUDICIÁRIA ELEITORAL DO TOCANTINS,Termo de Referência - TR,02-10-2025 00:00
0008830-32.2025.6.27.8080,13969159775,Contratação de Seguro para Colaboradores do TRE-TO - Residência Jurídica e Trabalho Voluntário,23-09-2025 00:00,Serviços - Solicitação de serviço,TO - Tocantins,13969159775,26-12-2025 16:05,13969166281,ESCOLA JUDICIÁRIA ELEITORAL DO TOCANTINS,Gerenciamento de Riscos de Contratações,02-10-2025 17:21
0008830-32.2025.6.27.8080,13969159775,Contratação de Seguro para Colaboradores do TRE-TO - Residência Jurídica e Trabalho Voluntário,23-09-2025 00:00,Serviços - Solicitação de serviço,TO - Tocantins,13969159775,26-12-2025 16:05,13969207938,SEÇÃO DE ANÁLISE E CONTABILIDADE,Informação,02-12-2025 10:55
0008830-32.2025.6.27.8080,13969159775,Contratação de Seguro para Colaboradores do TRE-TO - Residência Jurídica e Trabalho Voluntário,23-09-2025 00:00,Serviços - Solicitação de serviço,TO - Tocantins,13969159775,26-12-2025 16:05,13969208300,SEÇÃO DE PLANEJAMENTO E GESTÃO ORÇAMENTÁRIA,Informação,02-12-2025 15:18
0008830-32.2025.6.27.8080,13969159775,Contratação de Seguro para Colaboradores do TRE-TO - Residência Jurídica e Trabalho Voluntário,23-09-2025 00:00,Serviços - Solicitação de serviço,TO - Tocantins,13969159775,26-12-2025 16:05,13969226669,SECRETARIA DE ADMINISTRAÇÃO E ORÇAMENTO,Portaria,08-01-2026 11:01
0008830-32.2025.6.27.8080,13969159775,Contratação de Seguro para Colaboradores do TRE-TO - Residência Jurídica e Trabalho Voluntário,23-09-2025 00:00,Serviços - Solicitação de serviço,TO - Tocantins,13969159775,26-12-2025 16:05,13969227365,SEÇÃO DE EDITORAÇÃO E PUBLICAÇÕES,Certidão,09-01-2026 13:15
0008830-32.2025.6.27.8080,13969159775,Contratação de Seguro para Colaboradores do TRE-TO - Residência Jurídica e Trabalho Voluntário,23-09-2025 00:00,Serviços - Solicitação de serviço,TO - Tocantins,13969159775,26-12-2025 16:05,13969170222,SEÇÃO DE CONTRATOS,Minuta,10-10-2025 15:38
0008830-32.2025.6.27.8080,13969159775,Contratação de Seguro para Colaboradores do TRE-TO - Residência Jurídica e Trabalho Voluntário,23-09-2025 00:00,Serviços - Solicitação de serviço,TO - Tocantins,13969159775,26-12-2025 16:05,13969213826,ASSESSORIA JURÍDICA,Parecer,10-12-2025 12:47
0008830-32.2025.6.27.8080,13969159775,Contratação de Seguro para Colaboradores do TRE-TO - Residência Jurídica e Trabalho Voluntário,23-09-2025 00:00,Serviços - Solicitação de serviço,TO - Tocantins,13969159775,26-12-2025 16:05,13969213829,ASSESSORIA JURÍDICA,Decisão,10-12-2025 12:55
0008830-32.2025.6.27.8080,13969159775,Contratação de Seguro para Colaboradores do TRE-TO - Residência Jurídica e Trabalho Voluntário,23-09-2025 00:00,Serviços - Solicitação de serviço,TO - Tocantins,13969159775,26-12-2025 16:05,13969218591,SEÇÃO DE CONTRATOS,E-mail,15-12-2025 00:00
0008830-32.2025.6.27.8080,13969159775,Contratação de Seguro para Colaboradores do TRE-TO - Residência Jurídica e Trabalho Voluntário,23-09-2025 00:00,Serviços - Solicitação de serviço,TO - Tocantins,13969159775,26-12-2025 16:05,13969218597,SEÇÃO DE CONTRATOS,E-mail,15-12-2025 00:00
0008830-32.2025.6.27.8080,13969159775,Contratação de Seguro para Colaboradores do TRE-TO - Residência Jurídica e Trabalho Voluntário,23-09-2025 00:00,Serviços - Solicitação de serviço,TO - Tocantins,13969159775,26-12-2025 16:05,13969220917,SEÇÃO DE CONTRATOS,E-mail,17-12-2025 00:00
0008830-32.2025.6.27.8080,13969159775,Contratação de Seguro para Colaboradores do TRE-TO - Residência Jurídica e Trabalho Voluntário,23-09-2025 00:00,Serviços - Solicitação de serviço,TO - Tocantins,13969159775,26-12-2025 16:05,13969223535,SEÇÃO DE CONTRATOS,E-mail,22-12-2025 00:00
0008830-32.2025.6.27.8080,13969159775,Contratação de Seguro para Colaboradores do TRE-TO - Residência Jurídica e Trabalho Voluntário,23-09-2025 00:00,Serviços - Solicitação de serviço,TO - Tocantins,13969159775,26-12-2025 16:05,13969159819,ESCOLA JUDICIÁRIA ELEITORAL DO TOCANTINS,Documento de Oficialização da Demanda - DOD,23-09-2025 18:41
0008830-32.2025.6.27.8080,13969159775,Contratação de Seguro para Colaboradores do TRE-TO - Residência Jurídica e Trabalho Voluntário,23-09-2025 00:00,Serviços - Solicitação de serviço,TO - Tocantins,13969159775,26-12-2025 16:05,13969218421,SEÇÃO DE CONTRATOS,Contrato,23-12-2025 17:22
0008830-32.2025.6.27.8080,13969159775,Contratação de Seguro para Colaboradores do TRE-TO - Residência Jurídica e Trabalho Voluntário,23-09-2025 00:00,Serviços - Solicitação de serviço,TO - Tocantins,13969159775,26-12-2025 16:05,13969160785,ESCOLA JUDICIÁRIA ELEITORAL DO TOCANTINS,Estudos Técnicos Preliminares - ETP,25-09-2025 00:00
0008830-32.2025.6.27.8080,13969159775,Contratação de Seguro para Colaboradores do TRE-TO - Residência Jurídica e Trabalho Voluntário,23-09-2025 00:00,Serviços - Solicitação de serviço,TO - Tocantins,13969159775,26-12-2025 16:05,13969203379,SEÇÃO DE ANÁLISE E COMPRAS,Informação,28-11-2025 10:47
0009588-57.2025.6.27.8000,13969173904,Appliance de Backup,14-10-2025 00:00,Administração geral - Licitação,TO - Tocantins,13969173904,24-10-2025 16:54,13969187849,COMITÊ GESTOR DE ADMINISTRAÇÃO,Certidão,04-11-2025 00:00
0009588-57.2025.6.27.8000,13969173904,Appliance de Backup,14-10-2025 00:00,Administração geral - Licitação,TO - Tocantins,13969173904,24-10-2025 16:54,13969173906,SEÇÃO DE GESTÃO DE INFRA-ESTRUTURA TECNOLÓGICA,Documento de Oficialização da Demanda - DOD,14-10-2025 16:33
0009588-57.2025.6.27.8000,13969173904,Appliance de Backup,14-10-2025 00:00,Administração geral - Licitação,TO - Tocantins,13969173904,24-10-2025 16:54,13969179128,COORDENADORIA DE SUPORTE E INFRA-ESTRUTURA,Documento de Oficialização da Demanda - DOD,22-10-2025 12:05
0009588-57.2025.6.27.8000,13969173904,Appliance de Backup,14-10-2025 00:00,Administração geral - Licitação,TO - Tocantins,13969173904,24-10-2025 16:54,13969180439,SECRETARIA DE ADMINISTRAÇÃO E ORÇAMENTO,Minuta,23-10-2025 16:45
0009588-57.2025.6.27.8000,13969173904,Appliance de Backup,14-10-2025 00:00,Administração geral - Licitação,TO - Tocantins,13969173904,24-10-2025 16:54,13969181046,DIRETORIA GERAL,Portaria,24-10-2025 14:32
0009588-57.2025.6.27.8000,13969173904,Appliance de Backup,14-10-2025 00:00,Administração geral - Licitação,TO - Tocantins,13969173904,24-10-2025 16:54,13969182238,COMITÊ GESTOR DE ADMINISTRAÇÃO,Certidão,27-10-2025 00:00
0009588-57.2025.6.27.8000,13969173904,Appliance de Backup,14-10-2025 00:00,Administração geral - Licitação,TO - Tocantins,13969173904,24-10-2025 16:54,13969181706,SEÇÃO DE EDITORAÇÃO E PUBLICAÇÕES,Certidão,27-10-2025 13:11
0009588-57.2025.6.27.8000,13969173904,Appliance de Backup,14-10-2025 00:00,Administração geral - Licitação,TO - Tocantins,13969173904,24-10-2025 16:54,13969182255,DIRETORIA GERAL,Voto,27-10-2025 17:16
0009643-08.2025.6.27.8000,13969174852,Aquisição de Água Mineral - 2026,15-10-2025 00:00,Material e patrimônio - Administração de material,TO - Tocantins,13969174852,05-02-2026 13:51,13969207776,SEÇÃO DE PATRIMÔNIO E ALMOXARIFADO,Termo de Referência - TR,02-12-2025 00:00
0009643-08.2025.6.27.8000,13969174852,Aquisição de Água Mineral - 2026,15-10-2025 00:00,Material e patrimônio - Administração de material,TO - Tocantins,13969174852,05-02-2026 13:51,13969261658,SECRETARIA DE ADMINISTRAÇÃO E ORÇAMENTO,Portaria,03-03-2026 09:26
0009643-08.2025.6.27.8000,13969174852,Aquisição de Água Mineral - 2026,15-10-2025 00:00,Material e patrimônio - Administração de material,TO - Tocantins,13969174852,05-02-2026 13:51,13969263084,SEÇÃO DE EDITORAÇÃO E PUBLICAÇÕES,Certidão,04-03-2026 13:07
0009643-08.2025.6.27.8000,13969174852,Aquisição de Água Mineral - 2026,15-10-2025 00:00,Material e patrimônio - Administração de material,TO - Tocantins,13969174852,05-02-2026 13:51,13969263129,"SEÇÃO DE BIBLIOTECA,MEMÓRIA E ARQUIVO",Certidão,04-03-2026 13:43
0009643-08.2025.6.27.8000,13969174852,Aquisição de Água Mineral - 2026,15-10-2025 00:00,Material e patrimônio - Administração de material,TO - Tocantins,13969174852,05-02-2026 13:51,13969188710,SEÇÃO DE PATRIMÔNIO E ALMOXARIFADO,Termo de Referência - TR,05-11-2025 00:00
0009643-08.2025.6.27.8000,13969174852,Aquisição de Água Mineral - 2026,15-10-2025 00:00,Material e patrimônio - Administração de material,TO - Tocantins,13969174852,05-02-2026 13:51,13969188708,SEÇÃO DE PATRIMÔNIO E ALMOXARIFADO,Estudos Técnicos Preliminares - ETP,05-11-2025 00:00
0009643-08.2025.6.27.8000,13969174852,Aquisição de Água Mineral - 2026,15-10-2025 00:00,Material e patrimônio - Administração de material,TO - Tocantins,13969174852,05-02-2026 13:51,13969189816,SEÇÃO DE PATRIMÔNIO E ALMOXARIFADO,Informação,06-11-2025 13:40
0009643-08.2025.6.27.8000,13969174852,Aquisição de Água Mineral - 2026,15-10-2025 00:00,Material e patrimônio - Administração de material,TO - Tocantins,13969174852,05-02-2026 13:51,13969227173,SEÇÃO DE PLANEJAMENTO E GESTÃO ORÇAMENTÁRIA,Informação,08-01-2026 17:46
0009643-08.2025.6.27.8000,13969174852,Aquisição de Água Mineral - 2026,15-10-2025 00:00,Material e patrimônio - Administração de material,TO - Tocantins,13969174852,05-02-2026 13:51,13969247404,ASSESSORIA JURÍDICA,Parecer,11-02-2026 15:24
0009643-08.2025.6.27.8000,13969174852,Aquisição de Água Mineral - 2026,15-10-2025 00:00,Material e patrimônio - Administração de material,TO - Tocantins,13969174852,05-02-2026 13:51,13969248395,ASSESSORIA JURÍDICA,Decisão,11-02-2026 15:24
0009643-08.2025.6.27.8000,13969174852,Aquisição de Água Mineral - 2026,15-10-2025 00:00,Material e patrimônio - Administração de material,TO - Tocantins,13969174852,05-02-2026 13:51,13969252903,SEÇÃO DE PATRIMÔNIO E ALMOXARIFADO,Informação,13-02-2026 15:55
0009643-08.2025.6.27.8000,13969174852,Aquisição de Água Mineral - 2026,15-10-2025 00:00,Material e patrimônio - Administração de material,TO - Tocantins,13969174852,05-02-2026 13:51,13969174853,SEÇÃO DE PATRIMÔNIO E ALMOXARIFADO,Documento de Oficialização da Demanda - DOD,15-10-2025 15:56
0009643-08.2025.6.27.8000,13969174852,Aquisição de Água Mineral - 2026,15-10-2025 00:00,Material e patrimônio - Administração de material,TO - Tocantins,13969174852,05-02-2026 13:51,13969174854,SEÇÃO DE PATRIMÔNIO E ALMOXARIFADO,Informação,15-10-2025 15:56
0009643-08.2025.6.27.8000,13969174852,Aquisição de Água Mineral - 2026,15-10-2025 00:00,Material e patrimônio - Administração de material,TO - Tocantins,13969174852,05-02-2026 13:51,13969175637,SEÇÃO DE PATRIMÔNIO E ALMOXARIFADO,Documento de Oficialização da Demanda - DOD,16-10-2025 15:35
0009643-08.2025.6.27.8000,13969174852,Aquisição de Água Mineral - 2026,15-10-2025 00:00,Material e patrimônio - Administração de material,TO - Tocantins,13969174852,05-02-2026 13:51,13969253356,SEÇÃO DE PLANEJAMENTO E GESTÃO ORÇAMENTÁRIA,Informação,18-02-2026 16:10
0009643-08.2025.6.27.8000,13969174852,Aquisição de Água Mineral - 2026,15-10-2025 00:00,Material e patrimônio - Administração de material,TO - Tocantins,13969174852,05-02-2026 13:51,13969199039,SEÇÃO DE ANÁLISE E COMPRAS,Informação,19-11-2025 09:47
0009643-08.2025.6.27.8000,13969174852,Aquisição de Água Mineral - 2026,15-10-2025 00:00,Material e patrimônio - Administração de material,TO - Tocantins,13969174852,05-02-2026 13:51,13969200165,SEÇÃO DE ANÁLISE E CONTABILIDADE,Informação,19-11-2025 13:07
0009643-08.2025.6.27.8000,13969174852,Aquisição de Água Mineral - 2026,15-10-2025 00:00,Material e patrimônio - Administração de material,TO - Tocantins,13969174852,05-02-2026 13:51,13969200423,SEÇÃO DE PLANEJAMENTO E GESTÃO ORÇAMENTÁRIA,Informação,19-11-2025 15:24
0009643-08.2025.6.27.8000,13969174852,Aquisição de Água Mineral - 2026,15-10-2025 00:00,Material e patrimônio - Administração de material,TO - Tocantins,13969174852,05-02-2026 13:51,13969256198,SEÇÃO DE CONTRATOS,E-mail,23-02-2026 00:00
0009643-08.2025.6.27.8000,13969174852,Aquisição de Água Mineral - 2026,15-10-2025 00:00,Material e patrimônio - Administração de material,TO - Tocantins,13969174852,05-02-2026 13:51,13969256207,SEÇÃO DE CONTRATOS,E-mail,23-02-2026 00:00
0009643-08.2025.6.27.8000,13969174852,Aquisição de Água Mineral - 2026,15-10-2025 00:00,Material e patrimônio - Administração de material,TO - Tocantins,13969174852,05-02-2026 13:51,13969255704,SEÇÃO DE CONTRATOS,Contrato,23-02-2026 14:47
0009643-08.2025.6.27.8000,13969174852,Aquisição de Água Mineral - 2026,15-10-2025 00:00,Material e patrimônio - Administração de material,TO - Tocantins,13969174852,05-02-2026 13:51,13969255741,SEÇÃO DE CONTRATOS,Contrato,23-02-2026 17:05
0009643-08.2025.6.27.8000,13969174852,Aquisição de Água Mineral - 2026,15-10-2025 00:00,Material e patrimônio - Administração de material,TO - Tocantins,13969174852,05-02-2026 13:51,13969255743,SEÇÃO DE CONTRATOS,Contrato,23-02-2026 17:07
0009643-08.2025.6.27.8000,13969174852,Aquisição de Água Mineral - 2026,15-10-2025 00:00,Material e patrimônio - Administração de material,TO - Tocantins,13969174852,05-02-2026 13:51,13969256773,SEÇÃO DE CONTRATOS,E-mail,24-02-2026 00:00
0009643-08.2025.6.27.8000,13969174852,Aquisição de Água Mineral - 2026,15-10-2025 00:00,Material e patrimônio - Administração de material,TO - Tocantins,13969174852,05-02-2026 13:51,13969259015,SEÇÃO DE CONTRATOS,E-mail,26-02-2026 00:00
0009643-08.2025.6.27.8000,13969174852,Aquisição de Água Mineral - 2026,15-10-2025 00:00,Material e patrimônio - Administração de material,TO - Tocantins,13969174852,05-02-2026 13:51,13969259320,SEÇÃO DE CONTRATOS,E-mail,27-02-2026 00:00
0009643-08.2025.6.27.8000,13969174852,Aquisição de Água Mineral - 2026,15-10-2025 00:00,Material e patrimônio - Administração de material,TO - Tocantins,13969174852,05-02-2026 13:51,13969239454,SEÇÃO DE PATRIMÔNIO E ALMOXARIFADO,Informação,29-01-2026 14:23
0009643-08.2025.6.27.8000,13969174852,Aquisição de Água Mineral - 2026,15-10-2025 00:00,Material e patrimônio - Administração de material,TO - Tocantins,13969174852,05-02-2026 13:51,13969224589,ASSESSORIA JURÍDICA,Decisão,29-12-2025 12:53
0009643-08.2025.6.27.8000,13969174852,Aquisição de Água Mineral - 2026,15-10-2025 00:00,Material e patrimônio - Administração de material,TO - Tocantins,13969174852,05-02-2026 13:51,13969224588,ASSESSORIA JURÍDICA,Parecer,29-12-2025 14:52
0009817-17.2025.6.27.8000,13969178128,Limpeza de carpete e estofados,21-10-2025 00:00,Serviços - Prestador de serviço,TO - Tocantins,13969178128,21-10-2025 18:10,13969290850,COORDENADORIA DE SERVIÇOS GERAIS,Termo de Referência - TR,15-04-2026 00:00
0009817-17.2025.6.27.8000,13969178128,Limpeza de carpete e estofados,21-10-2025 00:00,Serviços - Prestador de serviço,TO - Tocantins,13969178128,21-10-2025 18:10,13969272461,COORDENADORIA DE SERVIÇOS GERAIS,Termo de Referência - TR,17-03-2026 00:00
0009817-17.2025.6.27.8000,13969178128,Limpeza de carpete e estofados,21-10-2025 00:00,Serviços - Prestador de serviço,TO - Tocantins,13969178128,21-10-2025 18:10,13969272457,COORDENADORIA DE SERVIÇOS GERAIS,Estudos Técnicos Preliminares - ETP,17-03-2026 00:00
0009817-17.2025.6.27.8000,13969178128,Limpeza de carpete e estofados,21-10-2025 00:00,Serviços - Prestador de serviço,TO - Tocantins,13969178128,21-10-2025 18:10,13969178129,COORDENADORIA DE SERVIÇOS GERAIS,Memorando,21-10-2025 12:54
0009817-17.2025.6.27.8000,13969178128,Limpeza de carpete e estofados,21-10-2025 00:00,Serviços - Prestador de serviço,TO - Tocantins,13969178128,21-10-2025 18:10,13969178131,COORDENADORIA DE SERVIÇOS GERAIS,Documento de Oficialização da Demanda - DOD,21-10-2025 13:03
0009817-17.2025.6.27.8000,13969178128,Limpeza de carpete e estofados,21-10-2025 00:00,Serviços - Prestador de serviço,TO - Tocantins,13969178128,21-10-2025 18:10,13969235632,COORDENADORIA DE SERVIÇOS GERAIS,Termo de Referência - TR,23-01-2026 00:00
0009817-17.2025.6.27.8000,13969178128,Limpeza de carpete e estofados,21-10-2025 00:00,Serviços - Prestador de serviço,TO - Tocantins,13969178128,21-10-2025 18:10,13969235629,COORDENADORIA DE SERVIÇOS GERAIS,Estudos Técnicos Preliminares - ETP,23-01-2026 00:00
0009817-17.2025.6.27.8000,13969178128,Limpeza de carpete e estofados,21-10-2025 00:00,Serviços - Prestador de serviço,TO - Tocantins,13969178128,21-10-2025 18:10,13969235630,COORDENADORIA DE SERVIÇOS GERAIS,Gerenciamento de Riscos de Contratações,23-01-2026 15:45
0009880-42.2025.6.27.8000,13969179258,Contratação de Plataforma de Gestão de Trabalho - MONDAY 32,22-10-2025 00:00,Administração geral - Licitação,TO - Tocantins,13969179258,05-12-2025 15:45,13969208685,ASSESSORIA JURÍDICA,Parecer,02-12-2025 17:54
0009880-42.2025.6.27.8000,13969179258,Contratação de Plataforma de Gestão de Trabalho - MONDAY 32,22-10-2025 00:00,Administração geral - Licitação,TO - Tocantins,13969179258,05-12-2025 15:45,13969208686,ASSESSORIA JURÍDICA,Decisão,02-12-2025 17:55
0009880-42.2025.6.27.8000,13969179258,Contratação de Plataforma de Gestão de Trabalho - MONDAY 32,22-10-2025 00:00,Administração geral - Licitação,TO - Tocantins,13969179258,05-12-2025 15:45,13969209689,SEÇÃO DE CONTRATOS,E-mail,03-12-2025 00:00
0009880-42.2025.6.27.8000,13969179258,Contratação de Plataforma de Gestão de Trabalho - MONDAY 32,22-10-2025 00:00,Administração geral - Licitação,TO - Tocantins,13969179258,05-12-2025 15:45,13969209518,SEÇÃO DE CONTRATOS,Contrato,03-12-2025 16:00
0009880-42.2025.6.27.8000,13969179258,Contratação de Plataforma de Gestão de Trabalho - MONDAY 32,22-10-2025 00:00,Administração geral - Licitação,TO - Tocantins,13969179258,05-12-2025 15:45,13969186371,SEÇÃO DE ANÁLISE E COMPRAS,Informação,04-11-2025 08:29
0009880-42.2025.6.27.8000,13969179258,Contratação de Plataforma de Gestão de Trabalho - MONDAY 32,22-10-2025 00:00,Administração geral - Licitação,TO - Tocantins,13969179258,05-12-2025 15:45,13969186988,SEÇÃO DE ANÁLISE E CONTABILIDADE,Informação,04-11-2025 10:37
0009880-42.2025.6.27.8000,13969179258,Contratação de Plataforma de Gestão de Trabalho - MONDAY 32,22-10-2025 00:00,Administração geral - Licitação,TO - Tocantins,13969179258,05-12-2025 15:45,13969189002,SEÇÃO DE PLANEJAMENTO E GESTÃO ORÇAMENTÁRIA,Informação,05-11-2025 17:05
0009880-42.2025.6.27.8000,13969179258,Contratação de Plataforma de Gestão de Trabalho - MONDAY 32,22-10-2025 00:00,Administração geral - Licitação,TO - Tocantins,13969179258,05-12-2025 15:45,13969191657,ASSESSORIA JURÍDICA,Decisão,08-11-2025 15:19
0009880-42.2025.6.27.8000,13969179258,Contratação de Plataforma de Gestão de Trabalho - MONDAY 32,22-10-2025 00:00,Administração geral - Licitação,TO - Tocantins,13969179258,05-12-2025 15:45,13969191656,ASSESSORIA JURÍDICA,Parecer,10-11-2025 08:52
0009880-42.2025.6.27.8000,13969179258,Contratação de Plataforma de Gestão de Trabalho - MONDAY 32,22-10-2025 00:00,Administração geral - Licitação,TO - Tocantins,13969179258,05-12-2025 15:45,13969214032,SECRETARIA DE ADMINISTRAÇÃO E ORÇAMENTO,Portaria,10-12-2025 12:00
0009880-42.2025.6.27.8000,13969179258,Contratação de Plataforma de Gestão de Trabalho - MONDAY 32,22-10-2025 00:00,Administração geral - Licitação,TO - Tocantins,13969179258,05-12-2025 15:45,13969214339,COORDENADORIA DE SUPORTE E INFRA-ESTRUTURA,Atesto,10-12-2025 15:03
0009880-42.2025.6.27.8000,13969179258,Contratação de Plataforma de Gestão de Trabalho - MONDAY 32,22-10-2025 00:00,Administração geral - Licitação,TO - Tocantins,13969179258,05-12-2025 15:45,13969215381,SEÇÃO DE EDITORAÇÃO E PUBLICAÇÕES,Certidão,11-12-2025 13:12
0009880-42.2025.6.27.8000,13969179258,Contratação de Plataforma de Gestão de Trabalho - MONDAY 32,22-10-2025 00:00,Administração geral - Licitação,TO - Tocantins,13969179258,05-12-2025 15:45,13969216502,SEÇÃO DE ANÁLISE E CONTABILIDADE,Informação,12-12-2025 13:06
0009880-42.2025.6.27.8000,13969179258,Contratação de Plataforma de Gestão de Trabalho - MONDAY 32,22-10-2025 00:00,Administração geral - Licitação,TO - Tocantins,13969179258,05-12-2025 15:45,13969179266,COORDENADORIA DE SUPORTE E INFRA-ESTRUTURA,Documento de Oficialização da Demanda - DOD,22-10-2025 14:19
0009880-42.2025.6.27.8000,13969179258,Contratação de Plataforma de Gestão de Trabalho - MONDAY 32,22-10-2025 00:00,Administração geral - Licitação,TO - Tocantins,13969179258,05-12-2025 15:45,13969179639,SECRETARIA DE ADMINISTRAÇÃO E ORÇAMENTO,Minuta,22-10-2025 18:18
0009880-42.2025.6.27.8000,13969179258,Contratação de Plataforma de Gestão de Trabalho - MONDAY 32,22-10-2025 00:00,Administração geral - Licitação,TO - Tocantins,13969179258,05-12-2025 15:45,13969180092,DIRETORIA GERAL,Portaria,23-10-2025 14:04
0009880-42.2025.6.27.8000,13969179258,Contratação de Plataforma de Gestão de Trabalho - MONDAY 32,22-10-2025 00:00,Administração geral - Licitação,TO - Tocantins,13969179258,05-12-2025 15:45,13969181052,SEÇÃO DE EDITORAÇÃO E PUBLICAÇÕES,Certidão,24-10-2025 14:36
0009880-42.2025.6.27.8000,13969179258,Contratação de Plataforma de Gestão de Trabalho - MONDAY 32,22-10-2025 00:00,Administração geral - Licitação,TO - Tocantins,13969179258,05-12-2025 15:45,13969203258,COORDENADORIA DE SUPORTE E INFRA-ESTRUTURA,Informação,26-11-2025 10:11
0009880-42.2025.6.27.8000,13969179258,Contratação de Plataforma de Gestão de Trabalho - MONDAY 32,22-10-2025 00:00,Administração geral - Licitação,TO - Tocantins,13969179258,05-12-2025 15:45,13969181614,COORDENADORIA DE SUPORTE E INFRA-ESTRUTURA,Termo de Referência - TR,27-10-2025 00:00
0009880-42.2025.6.27.8000,13969179258,Contratação de Plataforma de Gestão de Trabalho - MONDAY 32,22-10-2025 00:00,Administração geral - Licitação,TO - Tocantins,13969179258,05-12-2025 15:45,13969181478,COORDENADORIA DE SUPORTE E INFRA-ESTRUTURA,Estudos Técnicos Preliminares - ETP,27-10-2025 00:00
0009880-42.2025.6.27.8000,13969179258,Contratação de Plataforma de Gestão de Trabalho - MONDAY 32,22-10-2025 00:00,Administração geral - Licitação,TO - Tocantins,13969179258,05-12-2025 15:45,13969181649,COORDENADORIA DE SUPORTE E INFRA-ESTRUTURA,Gerenciamento de Riscos de Contratações,27-10-2025 14:13
0009880-42.2025.6.27.8000,13969179258,Contratação de Plataforma de Gestão de Trabalho - MONDAY 32,22-10-2025 00:00,Administração geral - Licitação,TO - Tocantins,13969179258,05-12-2025 15:45,13969183524,COORDENADORIA DE SUPORTE E INFRA-ESTRUTURA,Termo de Referência - TR,29-10-2025 00:00
0010307-39.2025.6.27.8000,13969187239,CONTRATAÇÃO SERVIÇOS DE AMBULANCIA,04-11-2025 00:00,Administração geral - Licitação,TO - Tocantins,13969187239,18-11-2025 21:02,13969187240,COORDENADORIA DE ASSISTÊNCIA MÉDICA E SOCIAL,Documento de Oficialização da Demanda - DOD,04-11-2025 13:38
0010307-39.2025.6.27.8000,13969187239,CONTRATAÇÃO SERVIÇOS DE AMBULANCIA,04-11-2025 00:00,Administração geral - Licitação,TO - Tocantins,13969187239,18-11-2025 21:02,13969212098,SEÇÃO DE PLANEJAMENTO E APOIO ADMINISTRATIVO,Termo de Referência - TR,05-12-2025 00:00
0010307-39.2025.6.27.8000,13969187239,CONTRATAÇÃO SERVIÇOS DE AMBULANCIA,04-11-2025 00:00,Administração geral - Licitação,TO - Tocantins,13969187239,18-11-2025 21:02,13969212089,SEÇÃO DE PLANEJAMENTO E APOIO ADMINISTRATIVO,Estudos Técnicos Preliminares - ETP,05-12-2025 00:00
0010307-39.2025.6.27.8000,13969187239,CONTRATAÇÃO SERVIÇOS DE AMBULANCIA,04-11-2025 00:00,Administração geral - Licitação,TO - Tocantins,13969187239,18-11-2025 21:02,13969198570,SECRETARIA DE ADMINISTRAÇÃO E ORÇAMENTO,Minuta,18-11-2025 09:30
0010307-39.2025.6.27.8000,13969187239,CONTRATAÇÃO SERVIÇOS DE AMBULANCIA,04-11-2025 00:00,Administração geral - Licitação,TO - Tocantins,13969187239,18-11-2025 21:02,13969199063,DIRETORIA GERAL,Portaria,18-11-2025 14:31
0011044-42.2025.6.27.8000,13969201695,Contratação de serviço especializado de manutenção em Tape Library com fornecimento de peças,24-11-2025 00:00,Administração geral - Licitação,TO - Tocantins,13969201695,25-11-2025 20:05,13969210059,COMITÊ GESTOR DE ADMINISTRAÇÃO,Certidão,03-12-2025 00:00
0011044-42.2025.6.27.8000,13969201695,Contratação de serviço especializado de manutenção em Tape Library com fornecimento de peças,24-11-2025 00:00,Administração geral - Licitação,TO - Tocantins,13969201695,25-11-2025 20:05,13969210697,COMITÊ GESTOR DE ADMINISTRAÇÃO,Certidão,04-12-2025 00:00
0011044-42.2025.6.27.8000,13969201695,Contratação de serviço especializado de manutenção em Tape Library com fornecimento de peças,24-11-2025 00:00,Administração geral - Licitação,TO - Tocantins,13969201695,25-11-2025 20:05,13969210923,DIRETORIA GERAL,Voto,04-12-2025 16:26
0011044-42.2025.6.27.8000,13969201695,Contratação de serviço especializado de manutenção em Tape Library com fornecimento de peças,24-11-2025 00:00,Administração geral - Licitação,TO - Tocantins,13969201695,25-11-2025 20:05,13969246596,SEÇÃO DE PLANEJAMENTO E GESTÃO ORÇAMENTÁRIA,Informação,06-02-2026 14:48
0011044-42.2025.6.27.8000,13969201695,Contratação de serviço especializado de manutenção em Tape Library com fornecimento de peças,24-11-2025 00:00,Administração geral - Licitação,TO - Tocantins,13969201695,25-11-2025 20:05,13969214406,SEÇÃO DE GESTÃO DE INFRA-ESTRUTURA TECNOLÓGICA,Termo de Referência - TR,10-12-2025 00:00
0011044-42.2025.6.27.8000,13969201695,Contratação de serviço especializado de manutenção em Tape Library com fornecimento de peças,24-11-2025 00:00,Administração geral - Licitação,TO - Tocantins,13969201695,25-11-2025 20:05,13969309396,SEÇÃO DE PLANEJAMENTO E GESTÃO ORÇAMENTÁRIA,Informação,12-05-2026 16:09
0011044-42.2025.6.27.8000,13969201695,Contratação de serviço especializado de manutenção em Tape Library com fornecimento de peças,24-11-2025 00:00,Administração geral - Licitação,TO - Tocantins,13969201695,25-11-2025 20:05,13969217261,COMITÊ GESTOR DE ADMINISTRAÇÃO,Certidão,12-12-2025 00:00
0011044-42.2025.6.27.8000,13969201695,Contratação de serviço especializado de manutenção em Tape Library com fornecimento de peças,24-11-2025 00:00,Administração geral - Licitação,TO - Tocantins,13969201695,25-11-2025 20:05,13969229172,SEÇÃO DE ANÁLISE E COMPRAS,Informação,13-01-2026 13:07
0011044-42.2025.6.27.8000,13969201695,Contratação de serviço especializado de manutenção em Tape Library com fornecimento de peças,24-11-2025 00:00,Administração geral - Licitação,TO - Tocantins,13969201695,25-11-2025 20:05,13969230144,SEÇÃO DE ANÁLISE E CONTABILIDADE,Informação,14-01-2026 14:12
0011044-42.2025.6.27.8000,13969201695,Contratação de serviço especializado de manutenção em Tape Library com fornecimento de peças,24-11-2025 00:00,Administração geral - Licitação,TO - Tocantins,13969201695,25-11-2025 20:05,13969201697,SEÇÃO DE GESTÃO DE INFRA-ESTRUTURA TECNOLÓGICA,Documento de Oficialização da Demanda - DOD,24-11-2025 16:12
0011044-42.2025.6.27.8000,13969201695,Contratação de serviço especializado de manutenção em Tape Library com fornecimento de peças,24-11-2025 00:00,Administração geral - Licitação,TO - Tocantins,13969201695,25-11-2025 20:05,13969202152,SECRETARIA DE ADMINISTRAÇÃO E ORÇAMENTO,Minuta,25-11-2025 11:20
0011044-42.2025.6.27.8000,13969201695,Contratação de serviço especializado de manutenção em Tape Library com fornecimento de peças,24-11-2025 00:00,Administração geral - Licitação,TO - Tocantins,13969201695,25-11-2025 20:05,13969203086,DIRETORIA GERAL,Portaria,25-11-2025 18:58
0011044-42.2025.6.27.8000,13969201695,Contratação de serviço especializado de manutenção em Tape Library com fornecimento de peças,24-11-2025 00:00,Administração geral - Licitação,TO - Tocantins,13969201695,25-11-2025 20:05,13969203934,SEÇÃO DE GESTÃO DE INFRA-ESTRUTURA TECNOLÓGICA,Estudos Técnicos Preliminares - ETP,26-11-2025 00:00
0011044-42.2025.6.27.8000,13969201695,Contratação de serviço especializado de manutenção em Tape Library com fornecimento de peças,24-11-2025 00:00,Administração geral - Licitação,TO - Tocantins,13969201695,25-11-2025 20:05,13969204738,SEÇÃO DE EDITORAÇÃO E PUBLICAÇÕES,Certidão,27-11-2025 14:35
0011044-42.2025.6.27.8000,13969201695,Contratação de serviço especializado de manutenção em Tape Library com fornecimento de peças,24-11-2025 00:00,Administração geral - Licitação,TO - Tocantins,13969201695,25-11-2025 20:05,13969206039,SEÇÃO DE GESTÃO DE INFRA-ESTRUTURA TECNOLÓGICA,Termo de Referência - TR,28-11-2025 00:00